state_name,district_name,crop_year,season,crop,area_hectares,yield_kg_per_ha,production_tonnes
Telangana,Tela_District_06,2014.0,Zaid,Wheat,38720.41,2474.95,95831.08
Gujarat,Guja_District_09,2021.0,Kharif,Barley,42944.04,3638.16,156237.29
Assam,Assa_District_02,2014.0,Rabi,Barley,4799.45,4890.3,23470.75
Andhra Pradesh,Andh_District_16,2010.0,Rabi,Jowar,38080.87,4037.29,153743.52
Odisha,Odis_District_20,2010.0,Kharif,Barley,6492.87,2526.74,16405.79
Punjab,Punj_District_08,2016.0,Rabi,Jowar,18602.82,4670.44,86883.35
Karnataka,Karn_District_06,2022.0,Kharif,Maize,32228.87,4202.43,135439.57
Odisha,Odis_District_16,2014.0,Rabi,Cotton,22226.37,1522.57,33841.2
Maharashtra,Maha_District_01,2020.0,Zaid,Cotton,,787.18,21862.96
Uttar Pradesh,Utta_District_19,2010.0,Rabi,Soybean,41398.8,3342.49,138375.08
Haryana,Hary_District_20,,Kharif,Soybean,37928.58,2095.37,79474.41
Telangana,Tela_District_18,2013.0,Zaid,Jowar,48537.83,4519.05,219344.88
Telangana,Tela_District_09,2022.0,Kharif,Jowar,38941.34,1375.87,53578.22
Gujarat,Guja_District_11,2017.0,Zaid,Soybean,23389.38,697.12,16305.2
,Madh_District_04,2023.0,Kharif,Wheat,7799.05,3573.72,27871.62
Andhra Pradesh,Andh_District_07,2022.0,Rabi,Barley,37263.63,4853.79,180869.83
Haryana,Hary_District_17,2013.0,Kharif,Rice,16358.69,2167.07,35450.43
Odisha,Odis_District_06,2021.0,Rabi,Maize,23530.83,1352.62,31828.27
Andhra Pradesh,,2023.0,Rabi,Jowar,6583.08,2640.67,17383.74
Telangana,Tela_District_15,2015.0,Rabi,Maize,11422.78,3514.16,40141.48
West Bengal,West_District_03,2014.0,Zaid,Soybean,21913.88,4247.05,93069.34
Maharashtra,Maha_District_08,2010.0,Rabi,Rice,35043.23,1905.65,66780.13
Andhra Pradesh,Andh_District_11,2017.0,Rabi,Rice,41629.76,4121.44,171574.56
Madhya Pradesh,Madh_District_04,2023.0,Kharif,Sugarcane,19435.17,1797.48,34934.33
Punjab,Punj_District_02,2020.0,Kharif,Barley,34156.53,1128.89,38558.97
Telangana,Tela_District_03,2019.0,Kharif,Groundnut,10075.42,533.13,5371.51
,West_District_04,2016.0,Kharif,Barley,39367.53,3491.83,137464.72
West Bengal,West_District_03,2017.0,Rabi,Soybean,35287.75,4013.28,141619.62
Bihar,Biha_District_14,2020.0,,Mustard,22999.9,3059.34,70364.51
Telangana,Tela_District_19,2011.0,Rabi,Maize,7075.87,1015.39,7184.77
Punjab,Punj_District_09,2013.0,Kharif,Cotton,33453.31,2619.93,87645.33
Assam,Assa_District_12,2018.0,Rabi,Groundnut,28305.28,3942.49,111593.28
Rajasthan,Raja_District_16,2020.0,Zaid,Soybean,31772.44,2991.11,95034.86
Uttar Pradesh,Utta_District_14,2018.0,Zaid,Rice,28004.44,1867.78,52306.13
Karnataka,,2015.0,Zaid,Sugarcane,1637.81,2465.23,4037.58
Madhya Pradesh,Madh_District_19,2020.0,Rabi,Cotton,10807.78,2338.38,25272.7
Gujarat,Guja_District_05,2023.0,Rabi,Mustard,42684.81,1552.73,66277.99
Odisha,Odis_District_05,2016.0,Zaid,Rice,3009.31,1766.23,5315.13
Odisha,Odis_District_05,2013.0,Kharif,Rice,14750.33,3478.62,51310.79
West Bengal,West_District_14,2014.0,Zaid,Mustard,,4027.54,112351.85
,Guja_District_03,2022.0,,Mustard,33249.25,2328.74,77428.86
West Bengal,West_District_04,2016.0,Zaid,Barley,40719.62,1251.38,50955.72
Andhra Pradesh,Andh_District_14,2017.0,Kharif,Barley,1233.33,905.22,1116.43
Karnataka,Karn_District_16,2010.0,Kharif,Barley,36145.73,2578.45,93199.96
Andhra Pradesh,Andh_District_12,2023.0,Zaid,Wheat,8147.46,2754.7,22443.81
Assam,Assa_District_19,2012.0,Rabi,Mustard,7700.37,3633.44,27978.83
,Punj_District_11,2013.0,Kharif,Jowar,22363.2,2214.6,49525.54
Haryana,Hary_District_13,2022.0,Kharif,Maize,15145.45,3336.27,50529.31
Madhya Pradesh,Madh_District_20,2023.0,Rabi,Mustard,18154.45,894.42,16237.7
Odisha,Odis_District_19,2013.0,Rabi,Rice,5988.49,4828.54,28915.66
Assam,Assa_District_08,2012.0,Rabi,Cotton,45438.18,3648.68,165789.38
Tamil Nadu,Tami_District_02,2023.0,Rabi,Cotton,,4861.29,64980.43
Odisha,Odis_District_17,2022.0,Kharif,Groundnut,38959.67,3726.01,145164.12
Assam,Assa_District_09,2022.0,Zaid,Jowar,22523.14,1725.09,38854.44
West Bengal,West_District_06,2022.0,,Groundnut,4909.91,4561.71,22397.59
Punjab,Punj_District_10,2018.0,Zaid,Groundnut,22843.24,1410.64,32223.59
West Bengal,West_District_10,2010.0,Zaid,,15367.24,3106.49,47738.18
Rajasthan,Raja_District_05,2012.0,Zaid,Barley,8920.96,4354.76,38848.64
Maharashtra,Maha_District_12,2010.0,Rabi,Sugarcane,37950.12,3737.58,141841.61
Rajasthan,Raja_District_11,2020.0,Zaid,Sugarcane,21661.44,3322.89,71978.58
Gujarat,Guja_District_05,,Zaid,Cotton,29246.49,3424.31,100149.05
Madhya Pradesh,Madh_District_15,2023.0,Zaid,Wheat,4313.77,2371.13,10228.51
Rajasthan,Raja_District_01,2015.0,Rabi,Groundnut,2176.55,2722.96,5926.66
Rajasthan,Raja_District_08,2019.0,Rabi,Wheat,16560.07,1150.36,19050.04
Maharashtra,Maha_District_01,2020.0,,Wheat,5259.81,3144.4,16538.95
Madhya Pradesh,,2020.0,Zaid,Rice,8612.59,4663.04,40160.85
Punjab,Punj_District_19,2021.0,Zaid,Maize,29094.95,2060.91,59962.07
Andhra Pradesh,Andh_District_19,2015.0,Rabi,Soybean,29586.68,602.62,17829.53
Bihar,,2014.0,Kharif,Rice,47932.1,2670.37,127996.44
Andhra Pradesh,Andh_District_04,2019.0,Zaid,Soybean,,872.28,34157.17
Andhra Pradesh,Andh_District_09,2019.0,Zaid,Maize,24384.25,2708.18,66036.94
Maharashtra,Maha_District_17,2013.0,Rabi,Barley,46897.54,,144105.82
Tamil Nadu,Tami_District_17,2015.0,Zaid,Maize,23727.12,1701.39,40369.08
Gujarat,Guja_District_02,2015.0,Zaid,Jowar,16645.29,2843.03,47323.06
Tamil Nadu,Tami_District_07,2015.0,Rabi,Maize,22001.68,597.25,13140.5
Tamil Nadu,Tami_District_17,2020.0,Kharif,Wheat,41331.97,,187346.25
Madhya Pradesh,Madh_District_03,2022.0,Zaid,Soybean,7098.43,,21246.74
Gujarat,Guja_District_15,2018.0,Rabi,Rice,5517.93,3525.08,19451.14
Tamil Nadu,Tami_District_07,2012.0,Zaid,Groundnut,14133.57,3467.4,49006.74
Odisha,Odis_District_07,2010.0,Zaid,Maize,36377.03,3958.91,144013.39
Uttar Pradesh,Utta_District_02,2021.0,Rabi,Sugarcane,5476.27,4622.05,25311.59
Andhra Pradesh,Andh_District_02,2012.0,Rabi,Mustard,11587.68,668.36,7744.74
Tamil Nadu,Tami_District_19,2010.0,Zaid,Groundnut,27787.14,2169.15,60274.47
Andhra Pradesh,Andh_District_08,2019.0,,Soybean,41506.51,4137.13,171717.83
Maharashtra,Maha_District_17,2016.0,,Barley,15925.23,4788.05,76250.8
Telangana,Tela_District_14,2023.0,Zaid,Rice,14616.8,2817.76,41186.63
Madhya Pradesh,Madh_District_08,2010.0,Rabi,Barley,12872.66,4712.2,60658.55
Maharashtra,Maha_District_04,,,Sugarcane,8313.93,702.1,5837.21
Bihar,Biha_District_16,2010.0,Rabi,Jowar,21811.34,4965.69,108308.35
Tamil Nadu,Tami_District_09,2022.0,Rabi,Jowar,44594.7,3868.74,172525.3
Telangana,Tela_District_08,2011.0,Rabi,Wheat,44550.55,4520.51,201391.21
Bihar,Biha_District_08,2017.0,Zaid,Groundnut,25991.03,1921.68,49946.44
Telangana,Tela_District_09,2014.0,Zaid,Mustard,38623.42,3477.48,134312.17
Punjab,Punj_District_04,2022.0,Zaid,Sugarcane,18745.52,925.1,17341.48
,Utta_District_19,2022.0,,Maize,37364.8,1681.07,62812.84
Assam,Assa_District_14,2020.0,,,46846.98,1584.37,74222.95
Andhra Pradesh,Andh_District_15,,Rabi,Wheat,6225.62,4240.01,26396.69
Assam,Assa_District_19,2018.0,Zaid,Wheat,7748.89,1306.71,10125.55
Maharashtra,Maha_District_09,2023.0,Zaid,Rice,30009.2,4435.53,133106.71
Andhra Pradesh,Andh_District_14,2022.0,Zaid,Barley,9902.09,1896.46,18778.92
Andhra Pradesh,Andh_District_13,2010.0,Kharif,Groundnut,38892.5,4873.22,189531.71
Haryana,Hary_District_15,2011.0,Kharif,Groundnut,25086.99,1147.54,28788.32
Gujarat,Guja_District_09,,Kharif,Barley,795.42,1533.45,1219.74
Gujarat,Guja_District_09,2013.0,Rabi,Sugarcane,,3549.46,23703.05
Karnataka,Karn_District_16,2013.0,Zaid,Groundnut,6179.44,2778.48,17169.45
Uttar Pradesh,Utta_District_02,2011.0,Rabi,Barley,,3115.02,108227.32
Andhra Pradesh,Andh_District_05,2021.0,Rabi,Groundnut,10068.81,4118.56,41469.0
Bihar,Biha_District_19,2011.0,Rabi,Wheat,35798.82,3825.43,136945.88
Punjab,Punj_District_19,2013.0,Zaid,Sugarcane,,1056.89,7017.52
Uttar Pradesh,Utta_District_08,2021.0,Zaid,,46385.37,2289.1,106180.75
,Punj_District_19,,Zaid,Jowar,15117.34,2698.63,40796.11
Punjab,Punj_District_08,2018.0,Kharif,Rice,,4800.3,159259.17
,Punj_District_12,2010.0,Kharif,Rice,14393.67,4661.64,67098.11
Karnataka,Karn_District_13,2021.0,Kharif,Rice,1340.49,2998.39,4019.31
Bihar,Biha_District_05,2014.0,Kharif,Maize,31735.36,976.54,30990.85
Punjab,Punj_District_02,2014.0,Rabi,Maize,7102.95,,16947.71
Gujarat,Guja_District_08,2019.0,Zaid,Groundnut,48314.97,3182.19,153747.41
,West_District_04,2017.0,Zaid,Cotton,46657.86,4119.62,192212.65
Gujarat,Guja_District_12,2016.0,Rabi,Sugarcane,23422.34,4031.44,94425.76
Telangana,Tela_District_10,2010.0,Zaid,Wheat,990.06,991.15,981.3
Telangana,Tela_District_03,2021.0,Kharif,,41488.49,4085.68,169508.69
Assam,Assa_District_10,2014.0,Zaid,Barley,11708.77,2888.46,33820.31
Andhra Pradesh,Andh_District_13,2019.0,Zaid,Cotton,30340.19,4404.83,133643.38
Tamil Nadu,Tami_District_03,2021.0,Rabi,Soybean,30195.05,,71156.75
Andhra Pradesh,Andh_District_02,2022.0,Kharif,Wheat,18771.78,2416.47,45361.44
Madhya Pradesh,Madh_District_17,2018.0,Kharif,Barley,32631.36,4403.71,143699.05
Madhya Pradesh,Madh_District_01,2020.0,Rabi,Soybean,22749.45,1615.28,36746.73
Punjab,Punj_District_09,2021.0,Rabi,Barley,11909.45,3857.06,45935.46
West Bengal,West_District_07,2012.0,Zaid,Jowar,40846.78,973.75,39774.55
Andhra Pradesh,Andh_District_03,,Zaid,Soybean,3421.29,3174.95,10862.42
Rajasthan,Raja_District_18,2014.0,Rabi,Cotton,,4210.99,31136.23
Andhra Pradesh,Andh_District_17,2020.0,Zaid,Maize,15585.7,1147.42,17883.34
Madhya Pradesh,,2015.0,Kharif,Soybean,46056.43,1244.89,57335.19
Madhya Pradesh,Madh_District_12,2015.0,Rabi,Sugarcane,14307.53,1191.26,17043.99
Punjab,Punj_District_10,2016.0,Rabi,Groundnut,5862.95,595.17,3489.45
Karnataka,,2018.0,Zaid,Maize,2864.23,1285.89,3683.08
Odisha,Odis_District_03,2019.0,Kharif,Sugarcane,2763.76,,8733.9
Telangana,Tela_District_19,2023.0,Rabi,,34067.65,2271.34,77379.22
Haryana,Hary_District_18,2014.0,Zaid,Sugarcane,15967.76,2770.37,44236.6
Punjab,Punj_District_18,,Zaid,Cotton,43762.75,4330.09,189496.65
Punjab,Punj_District_06,2021.0,Zaid,Groundnut,2269.41,1316.74,2988.22
,Hary_District_02,2023.0,Rabi,Wheat,11913.57,1622.24,19326.67
Punjab,Punj_District_18,2021.0,Zaid,Mustard,28604.51,2373.18,67883.65
Telangana,Tela_District_03,2016.0,Zaid,Cotton,2557.78,2181.26,5579.18
Uttar Pradesh,Utta_District_02,2012.0,Zaid,,26235.27,957.52,25120.8
Uttar Pradesh,Utta_District_03,2019.0,Rabi,Mustard,41689.58,,30593.06
West Bengal,West_District_02,2011.0,Kharif,Soybean,46249.61,946.01,43752.59
West Bengal,West_District_07,2022.0,Zaid,Rice,42194.39,4561.94,192488.28
,Tami_District_07,2017.0,Rabi,Groundnut,48980.58,4109.12,201267.08
Punjab,Punj_District_01,2013.0,Rabi,Groundnut,38995.93,3391.17,132241.83
Gujarat,Guja_District_19,2015.0,,Groundnut,38971.92,1105.48,43082.68
West Bengal,West_District_20,2015.0,Kharif,Rice,26849.79,2814.0,75555.31
Madhya Pradesh,Madh_District_08,2021.0,Kharif,Sugarcane,42892.85,2582.6,110775.07
Punjab,Punj_District_12,2010.0,Zaid,Jowar,19315.97,3378.03,65249.93
Gujarat,Guja_District_17,2014.0,Rabi,Sugarcane,13396.52,1128.96,15124.14
Bihar,Biha_District_16,2022.0,Zaid,Cotton,23946.08,2376.0,56895.89
Tamil Nadu,,2023.0,Kharif,Sugarcane,11705.24,2153.8,25210.75
Punjab,Punj_District_20,2023.0,Kharif,Mustard,18382.98,1973.73,36283.04
Punjab,Punj_District_15,2011.0,Zaid,Wheat,19035.26,3585.85,68257.59
Odisha,Odis_District_03,2023.0,Rabi,,14914.14,4769.86,71138.36
Odisha,Odis_District_14,2018.0,Kharif,Jowar,45825.77,2664.1,122084.43
Haryana,Hary_District_15,2019.0,Kharif,Barley,16485.22,2909.46,47963.09
West Bengal,West_District_15,2017.0,Zaid,Wheat,42443.17,3436.64,145861.9
West Bengal,West_District_18,2012.0,Kharif,Jowar,40239.15,2897.25,116582.88
Madhya Pradesh,Madh_District_03,2019.0,Rabi,Jowar,31682.59,1796.7,56924.11
Assam,Assa_District_07,2019.0,Zaid,Sugarcane,36771.17,1410.82,51877.5
Assam,Assa_District_08,2022.0,,Barley,34770.43,4373.24,152059.44
Madhya Pradesh,Madh_District_08,2014.0,Rabi,Soybean,6691.93,3264.71,21847.21
Rajasthan,Raja_District_15,2017.0,Zaid,Cotton,4845.28,3765.72,18245.97
Assam,Assa_District_15,2019.0,Kharif,Mustard,4316.21,4711.73,20336.82
Rajasthan,Raja_District_07,2022.0,Zaid,Wheat,6956.66,4814.96,33496.04
West Bengal,West_District_11,2019.0,Kharif,Soybean,40064.12,3171.57,127066.16
Bihar,Biha_District_07,2013.0,Kharif,Barley,39152.94,4078.02,159666.47
Uttar Pradesh,Utta_District_20,2016.0,Kharif,,47306.75,1640.23,77593.95
Telangana,Tela_District_16,2011.0,Zaid,Cotton,29544.79,927.72,27409.29
Assam,Assa_District_01,2014.0,Kharif,Maize,30846.67,1270.81,39200.26
Bihar,Biha_District_13,2017.0,Rabi,Maize,28291.04,3075.94,87021.54
Rajasthan,,2015.0,Kharif,Rice,23352.66,2851.84,66598.05
Haryana,Hary_District_05,2010.0,Zaid,Wheat,38219.78,4096.6,156571.15
Bihar,Biha_District_14,2020.0,Rabi,Barley,24658.45,3198.17,78861.92
Assam,Assa_District_04,2016.0,Zaid,Soybean,46568.69,1038.8,48375.56
West Bengal,West_District_08,2010.0,Zaid,Wheat,5943.47,894.69,5317.56
Andhra Pradesh,Andh_District_04,2014.0,Rabi,Barley,32927.38,,78490.31
Telangana,Tela_District_16,2017.0,Kharif,Sugarcane,38738.64,3520.54,136380.93
Uttar Pradesh,Utta_District_14,2012.0,Rabi,Groundnut,16748.52,4542.65,76082.66
Madhya Pradesh,Madh_District_12,2012.0,Rabi,Mustard,38150.35,1717.41,65519.79
Uttar Pradesh,Utta_District_05,2023.0,,Sugarcane,18273.18,1914.98,34992.77
West Bengal,West_District_13,2016.0,Zaid,Mustard,7964.82,1165.03,9279.25
Gujarat,Guja_District_01,2017.0,Zaid,Groundnut,46812.76,2470.57,115654.2
Madhya Pradesh,Madh_District_13,2014.0,Zaid,Jowar,19227.66,3783.59,72749.58
Bihar,Biha_District_01,2012.0,Kharif,Jowar,27694.35,4712.63,130513.22
Karnataka,Karn_District_06,2022.0,Zaid,Soybean,39037.04,2657.16,103727.66
Karnataka,Karn_District_08,2011.0,Rabi,Cotton,18880.34,4939.84,93265.86
Telangana,Tela_District_04,2020.0,Zaid,Jowar,35916.24,4780.38,171693.28
Tamil Nadu,Tami_District_02,2013.0,Rabi,Barley,6012.08,4327.4,26016.67
Maharashtra,Maha_District_07,2012.0,Kharif,Soybean,31889.99,,33441.44
Gujarat,Guja_District_20,2022.0,Rabi,Maize,29454.07,3587.43,105664.41
Karnataka,Karn_District_14,2018.0,Kharif,Sugarcane,713.9,2544.43,1816.47
Madhya Pradesh,Madh_District_20,2016.0,Kharif,Groundnut,41287.44,1829.12,75519.68
West Bengal,West_District_14,2019.0,Kharif,Soybean,22981.55,,57233.48
West Bengal,West_District_18,2011.0,Rabi,Barley,15166.18,4632.99,70264.76
Odisha,Odis_District_13,2010.0,,Barley,39086.57,,38994.72
Haryana,Hary_District_17,2013.0,Zaid,Wheat,49852.03,4456.4,222160.59
Rajasthan,Raja_District_10,2013.0,Kharif,Maize,14267.03,4266.03,60863.58
Bihar,Biha_District_14,2012.0,Zaid,Groundnut,5410.33,4995.97,27029.85
Assam,Assa_District_11,2018.0,Rabi,Jowar,33317.67,3425.56,114131.68
Uttar Pradesh,Utta_District_18,2019.0,Rabi,Cotton,4612.99,4536.65,20927.52
Andhra Pradesh,Andh_District_18,2010.0,Kharif,Barley,1547.08,1583.73,2450.16
Haryana,Hary_District_19,2014.0,Rabi,Groundnut,7236.79,3995.46,28914.3
Tamil Nadu,Tami_District_12,2011.0,Rabi,Mustard,,4597.87,45934.51
,Madh_District_15,2010.0,Zaid,Groundnut,32847.83,662.73,21769.24
Bihar,Biha_District_02,,Zaid,Cotton,370.95,732.46,271.71
Assam,Assa_District_09,2012.0,Rabi,Maize,30335.67,4106.67,124578.59
Madhya Pradesh,Madh_District_02,2014.0,Zaid,Mustard,12003.79,,51884.46
Punjab,Punj_District_20,2015.0,Kharif,Wheat,2955.87,4104.34,12131.9
Assam,Assa_District_10,2014.0,Kharif,Barley,46396.99,3974.49,184404.37
Madhya Pradesh,Madh_District_03,2015.0,Rabi,Maize,34936.23,4270.91,149209.49
Bihar,Biha_District_14,2017.0,Zaid,Wheat,2103.55,1408.02,2961.84
Rajasthan,Raja_District_06,2022.0,Zaid,Wheat,6333.69,2770.39,17546.79
Odisha,,2022.0,Zaid,Jowar,37284.89,3335.05,124346.97
Telangana,Tela_District_01,2013.0,,Sugarcane,42571.44,1198.46,51020.17
Punjab,Punj_District_02,2010.0,Kharif,Cotton,36757.59,1368.69,
Bihar,Biha_District_18,2015.0,Rabi,Cotton,13610.86,3694.57,50286.28
Tamil Nadu,,2017.0,Zaid,Jowar,49012.22,3251.95,159385.29
Assam,Assa_District_18,2010.0,Kharif,Jowar,2819.57,3273.39,9229.55
,Raja_District_20,2020.0,,Sugarcane,2213.29,4478.66,9912.57
Assam,Assa_District_03,2015.0,Rabi,Mustard,35507.96,1279.08,45417.52
Haryana,Hary_District_01,,Rabi,Jowar,4676.88,1325.9,6201.08
Bihar,,2015.0,,Sugarcane,49003.36,2563.52,125621.09
Assam,Assa_District_10,2017.0,Zaid,Sugarcane,39225.64,3363.84,131948.78
Andhra Pradesh,Andh_District_03,2016.0,Rabi,Barley,28663.42,1153.09,33051.5
Maharashtra,Maha_District_15,2019.0,Rabi,Rice,47306.62,1856.04,87802.98
Bihar,Biha_District_10,2021.0,Rabi,Groundnut,28943.06,3648.99,105612.94
,Madh_District_15,2015.0,Zaid,Mustard,32496.73,4732.67,153796.3
Bihar,Biha_District_14,2018.0,Zaid,Cotton,7507.11,2787.59,20926.74
Andhra Pradesh,Andh_District_16,2022.0,Kharif,Sugarcane,20261.32,2633.76,53363.45
Rajasthan,Raja_District_13,2022.0,Zaid,Groundnut,6048.95,1103.43,6674.59
Rajasthan,Raja_District_16,2020.0,Kharif,Jowar,13975.97,1871.17,26151.42
Gujarat,Guja_District_14,2020.0,,Mustard,21452.37,3249.44,69708.19
Assam,Assa_District_05,,Zaid,Wheat,,2353.15,74754.85
Rajasthan,Raja_District_04,2013.0,Rabi,Maize,20498.28,1479.33,30323.72
Haryana,Hary_District_04,2020.0,Rabi,Rice,29456.48,1926.68,56753.21
,Karn_District_13,2016.0,Rabi,Barley,1899.39,2382.8,4525.87
Haryana,Hary_District_02,2021.0,Zaid,Jowar,23759.22,1515.17,35999.26
Haryana,Hary_District_07,2013.0,Kharif,Jowar,28665.65,3045.97,87314.71
West Bengal,West_District_12,2013.0,Rabi,Rice,35129.91,3415.77,119995.69
Tamil Nadu,Tami_District_06,2022.0,Kharif,Maize,32656.41,1922.96,62796.97
Andhra Pradesh,Andh_District_06,2014.0,Rabi,Barley,39392.87,2971.15,117042.13
Uttar Pradesh,Utta_District_16,2021.0,Rabi,Groundnut,21627.77,3317.06,
Odisha,Odis_District_03,2010.0,Rabi,Soybean,18096.8,2807.33,50803.69
Maharashtra,Maha_District_01,2014.0,Rabi,Groundnut,36861.61,4488.81,165464.76
Punjab,Punj_District_06,2020.0,Kharif,Sugarcane,46060.75,2766.35,127420.16
Tamil Nadu,Tami_District_04,2021.0,Kharif,Jowar,26061.73,4099.42,106837.98
Punjab,Punj_District_20,2022.0,Kharif,Wheat,15791.09,4268.22,67399.85
Karnataka,Karn_District_06,2014.0,Kharif,,24757.67,1021.36,25286.49
West Bengal,West_District_18,2021.0,Zaid,Rice,3695.75,4288.97,
Maharashtra,Maha_District_08,2017.0,,Wheat,2872.84,1762.75,5064.1
Rajasthan,Raja_District_08,2016.0,Zaid,Barley,16773.09,1278.48,21444.06
Uttar Pradesh,Utta_District_18,2022.0,Zaid,Jowar,15763.28,3842.12,60564.41
Telangana,Tela_District_04,2015.0,Rabi,Jowar,832.67,4222.28,3515.77
Telangana,Tela_District_04,2022.0,Zaid,Groundnut,42841.75,2175.18,93188.52
Andhra Pradesh,Andh_District_11,2015.0,Zaid,Rice,7765.28,3203.78,24878.25
Assam,Assa_District_13,2011.0,Zaid,Rice,6071.66,2142.14,13006.35
Karnataka,Karn_District_06,2016.0,Zaid,,47925.62,4979.59,238649.94
Uttar Pradesh,Utta_District_08,2016.0,Zaid,Rice,38628.03,1899.33,73367.38
Punjab,Punj_District_01,2010.0,Kharif,Sugarcane,34414.49,3674.33,126450.19
Gujarat,Guja_District_13,2023.0,Zaid,Sugarcane,19453.3,3384.0,
Telangana,Tela_District_01,2018.0,Kharif,Soybean,635.31,,915.33
Punjab,Punj_District_07,2013.0,Kharif,Rice,26301.91,1236.88,32532.31
Gujarat,Guja_District_04,2010.0,Zaid,Maize,8378.75,4263.37,35721.71
Assam,Assa_District_02,2023.0,Kharif,Barley,49457.74,3001.86,148465.21
,West_District_08,2013.0,Kharif,Soybean,41969.58,4956.45,208020.12
Telangana,Tela_District_10,2012.0,Rabi,Barley,7165.63,2517.11,18036.68
Rajasthan,Raja_District_11,2010.0,Kharif,Barley,19689.38,860.22,16937.2
Madhya Pradesh,Madh_District_07,2010.0,Rabi,Barley,37790.98,2452.01,92663.86
Uttar Pradesh,Utta_District_10,,Kharif,Barley,23519.41,1178.03,27706.57
Maharashtra,Maha_District_16,2022.0,Zaid,Sugarcane,,4581.97,41825.32
West Bengal,West_District_10,2010.0,Kharif,Soybean,2327.99,1547.84,3603.36
Tamil Nadu,Tami_District_07,2023.0,Zaid,Jowar,14673.76,2705.89,39705.58
,Andh_District_03,2013.0,Rabi,,29363.61,2719.8,
Andhra Pradesh,Andh_District_17,2022.0,Zaid,Mustard,4297.36,1596.5,6860.74
West Bengal,West_District_17,2012.0,,Groundnut,42195.06,3369.15,142161.49
,Guja_District_17,2022.0,Zaid,Barley,32492.54,3515.91,114240.85
Maharashtra,Maha_District_16,2019.0,Kharif,Soybean,38168.86,761.49,29065.21
Gujarat,Guja_District_04,2022.0,Rabi,Cotton,18393.76,2927.87,53854.54
Andhra Pradesh,Andh_District_05,2012.0,Kharif,Groundnut,16988.98,4300.15,73055.16
Odisha,Odis_District_18,2012.0,Rabi,Jowar,24180.37,3958.82,95725.73
Maharashtra,Maha_District_06,2010.0,Rabi,Maize,42615.57,2771.56,118111.61
Gujarat,Guja_District_10,2021.0,Kharif,Mustard,45486.66,3142.06,142921.81
Telangana,Tela_District_13,,Kharif,Rice,42528.69,2032.66,86446.37
Punjab,Punj_District_18,2023.0,Zaid,Cotton,24990.97,2891.35,72257.64
Andhra Pradesh,Andh_District_13,2017.0,Rabi,Sugarcane,5338.49,2293.49,12243.77
Odisha,Odis_District_03,2015.0,Rabi,Cotton,45875.15,3338.75,
Karnataka,Karn_District_20,2015.0,Kharif,,8957.58,2024.85,18137.76
Haryana,Hary_District_08,2011.0,Zaid,Soybean,9660.99,611.7,5909.63
Karnataka,Karn_District_06,2013.0,Rabi,Rice,46380.28,2516.93,
Rajasthan,Raja_District_17,2023.0,Kharif,Sugarcane,15446.0,3193.15,49321.39
Maharashtra,Maha_District_14,2014.0,Rabi,Soybean,464.99,1751.1,814.24
Andhra Pradesh,Andh_District_09,2015.0,Kharif,Barley,35181.37,3351.96,117926.54
Maharashtra,Maha_District_03,2019.0,Zaid,Barley,49092.12,3291.61,161592.11
Uttar Pradesh,Utta_District_01,2016.0,Rabi,Wheat,23927.54,3926.45,93950.29
Maharashtra,Maha_District_09,2013.0,Kharif,Sugarcane,45176.06,3743.13,169099.87
Odisha,Odis_District_03,,Kharif,Groundnut,48164.24,4019.02,193573.04
Karnataka,Karn_District_18,2020.0,Zaid,Soybean,43353.39,,
Haryana,Hary_District_13,2011.0,Rabi,Maize,36647.43,,90900.29
Punjab,Punj_District_17,2018.0,Kharif,Sugarcane,27699.88,3443.46,95383.43
Odisha,Odis_District_03,2018.0,,Wheat,48493.77,4930.6,239103.38
Maharashtra,Maha_District_02,2014.0,,Sugarcane,14482.59,3801.89,55061.21
Rajasthan,Raja_District_05,2019.0,Kharif,Sugarcane,37524.18,2059.22,77270.54
Bihar,Biha_District_11,2022.0,Kharif,Rice,6281.1,684.26,4297.91
Maharashtra,Maha_District_05,2011.0,Kharif,Soybean,38889.42,2703.65,105143.38
,Utta_District_10,2018.0,Rabi,Cotton,49278.45,2592.38,127748.47
West Bengal,West_District_11,2017.0,Rabi,Jowar,48898.06,2352.09,115012.64
Andhra Pradesh,Andh_District_04,2011.0,Rabi,Maize,39704.74,881.69,35007.27
Tamil Nadu,Tami_District_13,2022.0,Kharif,Jowar,27817.54,4109.27,114309.78
Assam,Assa_District_10,2014.0,Zaid,Mustard,46242.61,4201.62,194293.88
Maharashtra,Maha_District_12,2018.0,Zaid,Mustard,1944.84,2177.16,
Madhya Pradesh,Madh_District_20,2020.0,Kharif,Mustard,2530.05,991.77,2509.23
,Utta_District_07,2019.0,,Jowar,,3709.66,125378.16
Uttar Pradesh,Utta_District_10,2011.0,Zaid,Wheat,38708.66,4394.55,170107.14
Punjab,Punj_District_11,2010.0,Rabi,Jowar,36997.63,4103.92,151835.31
Andhra Pradesh,Andh_District_06,2023.0,Zaid,Jowar,2543.29,1555.41,3955.86
Rajasthan,Raja_District_03,2020.0,Rabi,Jowar,31132.7,4361.56,135787.14
Maharashtra,Maha_District_07,2017.0,Zaid,Rice,324.56,2815.83,913.91
Karnataka,Karn_District_06,2015.0,Rabi,Barley,33896.64,633.23,
Bihar,Biha_District_06,,Kharif,Mustard,20127.64,4530.36,91185.46
Assam,Assa_District_09,2015.0,Zaid,Sugarcane,,1569.46,52755.01
Andhra Pradesh,Andh_District_05,2010.0,Zaid,Barley,42653.78,2066.14,88128.68
Andhra Pradesh,Andh_District_02,2011.0,Kharif,,42681.9,1845.25,78758.78
Haryana,Hary_District_11,2010.0,Rabi,Rice,29556.98,2286.23,67574.05
,Madh_District_18,2023.0,Rabi,Wheat,13813.77,4489.51,62017.06
Haryana,Hary_District_06,2019.0,Kharif,Mustard,9460.92,881.65,8341.22
Rajasthan,Raja_District_10,2013.0,Rabi,Sugarcane,17162.15,3729.38,64004.18
Gujarat,Guja_District_13,2019.0,Rabi,Jowar,40390.84,4994.35,201725.99
Haryana,Hary_District_10,2018.0,Kharif,Groundnut,14888.47,2335.74,34775.59
Madhya Pradesh,Madh_District_04,2014.0,Kharif,Maize,6927.38,3086.92,21384.27
Madhya Pradesh,Madh_District_05,2013.0,Rabi,Rice,49879.24,3653.96,182256.75
Rajasthan,,2018.0,Rabi,Jowar,29801.12,2265.66,67519.21
Bihar,Biha_District_08,2019.0,Kharif,Soybean,45773.41,,125241.54
Uttar Pradesh,Utta_District_11,2018.0,,Sugarcane,6804.91,2144.2,14591.09
Karnataka,Karn_District_10,2023.0,Kharif,Groundnut,3451.62,1408.91,4863.02
Maharashtra,Maha_District_08,2011.0,Kharif,,981.67,2539.76,2493.21
Karnataka,Karn_District_05,2010.0,Zaid,Rice,31763.56,2044.82,64950.76
Haryana,Hary_District_14,2014.0,Kharif,Soybean,21077.05,4816.44,101516.35
Andhra Pradesh,Andh_District_20,2022.0,Rabi,Wheat,37622.96,2933.85,110380.12
,Raja_District_07,2015.0,Rabi,Groundnut,14298.59,4536.49,64865.41
Bihar,Biha_District_11,2019.0,Kharif,Jowar,,1964.04,23237.24
Tamil Nadu,Tami_District_16,2012.0,Zaid,Soybean,45462.33,2882.94,131065.17
Uttar Pradesh,Utta_District_16,2017.0,Zaid,Mustard,37141.67,3158.35,117306.39
West Bengal,West_District_17,,Rabi,Rice,32706.62,1847.22,60416.32
Bihar,Biha_District_11,2021.0,Kharif,Mustard,12144.47,1951.22,23696.53
West Bengal,West_District_04,2010.0,Kharif,Groundnut,7856.53,4434.41,34839.08
Odisha,Odis_District_15,2014.0,Zaid,Groundnut,14234.02,3026.7,43082.11
Karnataka,Karn_District_11,2010.0,Zaid,Groundnut,39619.52,4027.21,159556.13
Telangana,Tela_District_08,2011.0,Zaid,Jowar,21975.47,2643.16,58084.68
Karnataka,Karn_District_12,2012.0,Zaid,Soybean,49735.62,3535.69,175849.73
Odisha,Odis_District_15,2018.0,Kharif,Jowar,40750.46,4561.49,185882.82
Bihar,Biha_District_19,2017.0,Rabi,Jowar,39400.73,,52533.39
West Bengal,West_District_09,2022.0,Zaid,Barley,28152.32,958.52,26984.56
Madhya Pradesh,Madh_District_19,2023.0,Rabi,Soybean,32680.81,4799.07,156837.49
West Bengal,West_District_20,2019.0,Kharif,,25685.33,2448.38,62887.45
West Bengal,West_District_20,2023.0,Zaid,Cotton,1888.55,4818.99,9100.9
,Maha_District_05,2018.0,Zaid,Jowar,,684.86,3588.55
Maharashtra,Maha_District_18,2011.0,Kharif,Rice,12378.72,794.89,9839.72
West Bengal,West_District_02,2021.0,Kharif,Barley,,2822.4,64380.02
Bihar,Biha_District_11,2022.0,Rabi,Sugarcane,15697.24,729.32,11448.31
Karnataka,Karn_District_13,2016.0,Rabi,Sugarcane,5668.86,,12643.09
Gujarat,Guja_District_04,2020.0,Zaid,Rice,3120.37,,11363.92
Gujarat,Guja_District_15,2014.0,Rabi,Barley,10430.33,1859.32,19393.32
Telangana,,2019.0,Rabi,Cotton,19766.88,2374.74,46941.2
Tamil Nadu,Tami_District_14,2015.0,Rabi,Rice,182.87,1004.32,183.66
Madhya Pradesh,Madh_District_04,,Zaid,Barley,43151.95,505.55,21815.47
Punjab,Punj_District_15,2022.0,Zaid,Cotton,25457.55,2702.76,68805.65
Telangana,Tela_District_08,,Zaid,Soybean,16721.4,2440.97,40816.44
Rajasthan,Raja_District_15,2020.0,Rabi,Jowar,39051.0,4285.42,167349.94
Madhya Pradesh,Madh_District_05,2016.0,Zaid,Sugarcane,13091.39,1951.21,25544.05
Telangana,Tela_District_14,2011.0,Rabi,Mustard,12199.89,2659.39,32444.27
Maharashtra,Maha_District_09,2017.0,Kharif,Sugarcane,34194.59,1527.14,52219.93
Maharashtra,Maha_District_02,2011.0,Rabi,Groundnut,16603.71,4686.73,77817.11
Odisha,Odis_District_20,2012.0,Rabi,Jowar,2523.61,2573.46,6494.41
Punjab,Punj_District_17,2011.0,Kharif,Soybean,35606.75,1177.04,41910.57
Gujarat,Guja_District_03,2012.0,,Barley,2463.96,1121.92,2764.37
Uttar Pradesh,Utta_District_12,2012.0,Kharif,Cotton,45949.28,,24889.35
Punjab,Punj_District_19,2019.0,Zaid,Mustard,9497.27,640.78,6085.66
Punjab,Punj_District_09,2016.0,Kharif,Jowar,5620.41,3290.67,18494.91
West Bengal,West_District_06,2014.0,Zaid,Mustard,12157.78,3061.45,37220.44
Tamil Nadu,Tami_District_16,2020.0,Kharif,Mustard,29550.75,4322.46,127731.93
Uttar Pradesh,Utta_District_08,2014.0,,,336.6,4340.16,1460.9
Telangana,Tela_District_01,2013.0,Zaid,Wheat,30994.04,1232.35,38195.51
Haryana,Hary_District_19,2021.0,Rabi,Soybean,38669.58,4349.71,168201.46
Andhra Pradesh,Andh_District_20,2016.0,Rabi,Cotton,,4634.57,59265.72
West Bengal,,2017.0,Rabi,Barley,22777.43,3215.41,73238.78
Madhya Pradesh,Madh_District_19,2021.0,Kharif,Soybean,49234.01,2126.91,104716.31
Rajasthan,Raja_District_06,2011.0,Kharif,,40676.65,1932.8,78619.83
West Bengal,West_District_19,2018.0,Kharif,Barley,39980.75,3203.3,128070.34
Bihar,,2017.0,Zaid,Jowar,10896.15,2363.12,25748.91
Andhra Pradesh,,2011.0,Rabi,Wheat,15950.02,851.49,13581.28
Rajasthan,Raja_District_03,2023.0,Rabi,Soybean,1588.76,2059.15,3271.5
West Bengal,West_District_15,2012.0,Zaid,Cotton,1049.8,,1306.68
West Bengal,West_District_14,2014.0,Zaid,Groundnut,36286.65,3686.41,133767.47
Haryana,Hary_District_03,2012.0,Kharif,Soybean,36955.16,1927.19,71219.61
Maharashtra,Maha_District_04,2021.0,Rabi,Sugarcane,44511.97,3172.24,141202.65
Odisha,Odis_District_16,2017.0,Rabi,Rice,6388.71,1146.73,7326.13
Madhya Pradesh,,2012.0,Kharif,Jowar,34685.46,1278.25,44336.69
Telangana,Tela_District_12,2016.0,Rabi,Jowar,25413.91,4962.99,
Haryana,Hary_District_14,2016.0,Kharif,,299.98,574.61,172.37
Assam,Assa_District_02,2019.0,Kharif,Cotton,49654.92,3130.87,155463.1
Andhra Pradesh,Andh_District_14,2015.0,Kharif,Rice,6432.81,4537.86,29191.19
,Hary_District_04,2022.0,Zaid,Barley,44030.98,2912.9,128257.84
Uttar Pradesh,Utta_District_16,2019.0,Rabi,Rice,31127.42,1729.34,53829.89
Odisha,Odis_District_13,2015.0,,Wheat,2620.93,3175.55,8322.89
Gujarat,Guja_District_10,2023.0,Kharif,Barley,14808.28,3486.29,51625.96
Rajasthan,Raja_District_02,2023.0,Rabi,Cotton,41828.63,581.72,24332.55
Bihar,,2017.0,Rabi,Soybean,29826.12,1540.76,45954.89
West Bengal,West_District_14,2019.0,Rabi,Mustard,43707.04,1641.49,71744.67
Andhra Pradesh,Andh_District_17,2016.0,Rabi,Barley,30577.43,2990.93,91454.95
Uttar Pradesh,Utta_District_08,2020.0,Kharif,Barley,19868.71,3549.29,70519.81
Odisha,Odis_District_14,2013.0,Zaid,Jowar,36315.9,3051.22,110807.8
Andhra Pradesh,Andh_District_01,2020.0,Rabi,Mustard,37945.27,4925.38,186894.87
Karnataka,Karn_District_04,,Rabi,Maize,21021.69,2815.62,59189.09
Telangana,Tela_District_08,2013.0,Kharif,Soybean,722.25,4082.13,2948.32
Punjab,Punj_District_04,2016.0,Zaid,Mustard,26059.48,2335.83,60870.52
,Guja_District_17,2021.0,Zaid,Rice,4794.19,4503.45,21590.39
Uttar Pradesh,Utta_District_17,,Kharif,Mustard,19810.86,3571.62,70756.86
Andhra Pradesh,,2010.0,Zaid,Rice,7553.77,4826.97,36461.82
Karnataka,Karn_District_14,2021.0,Rabi,Rice,9004.24,1397.94,12587.39
Uttar Pradesh,Utta_District_11,2023.0,Zaid,Mustard,42963.24,4606.62,197915.32
Uttar Pradesh,Utta_District_02,2022.0,Kharif,Mustard,10686.16,2614.1,27934.69
Tamil Nadu,Tami_District_12,2019.0,Zaid,Cotton,36701.4,4452.65,163418.49
Punjab,Punj_District_15,2016.0,Kharif,Rice,19014.73,2826.59,53746.85
Bihar,Biha_District_18,2018.0,Kharif,Wheat,37111.65,3790.11,140657.24
Andhra Pradesh,Andh_District_09,2012.0,Kharif,Wheat,39169.71,3064.7,120043.41
Punjab,Punj_District_02,2022.0,Zaid,Barley,5320.29,4567.88,24302.45
Maharashtra,Maha_District_16,2017.0,Rabi,Soybean,43292.07,4091.44,177126.91
Odisha,Odis_District_16,2017.0,Rabi,Maize,5083.14,1419.79,7216.99
West Bengal,West_District_02,2012.0,Zaid,Soybean,37205.66,604.13,22477.06
Odisha,Odis_District_07,2018.0,Zaid,Cotton,48963.31,,107579.74
Punjab,Punj_District_11,2015.0,Rabi,Jowar,35993.7,4494.07,161758.21
Telangana,Tela_District_07,2010.0,Rabi,Maize,19792.03,1936.1,38319.35
Karnataka,Karn_District_09,2014.0,Kharif,Soybean,30476.18,3114.45,94916.54
Karnataka,,2014.0,Kharif,Groundnut,20516.08,3207.99,65815.38
Punjab,Punj_District_19,2016.0,Kharif,Jowar,46775.53,2604.38,121821.25
Bihar,Biha_District_09,2015.0,Rabi,Groundnut,9917.43,2197.43,21792.86
Tamil Nadu,,2023.0,Rabi,Mustard,19765.94,1089.99,21544.68
Odisha,Odis_District_09,2021.0,Zaid,Wheat,8227.29,3580.53,29458.06
West Bengal,West_District_12,2011.0,Rabi,,17039.94,4797.04,81741.27
Punjab,Punj_District_13,2013.0,Rabi,Cotton,12255.48,945.16,11583.39
Maharashtra,Maha_District_08,2018.0,Rabi,Maize,37699.88,4464.66,168317.15
Andhra Pradesh,Andh_District_08,2020.0,Kharif,Cotton,13977.86,1409.4,19700.4
Gujarat,Guja_District_13,2020.0,Rabi,Mustard,9369.73,2849.06,26694.92
Bihar,Biha_District_14,2017.0,Rabi,Groundnut,23473.99,1667.48,39142.41
Telangana,Tela_District_20,2019.0,Rabi,Soybean,2354.14,2666.71,6277.81
Punjab,Punj_District_17,,Rabi,Sugarcane,47970.68,3436.34,164843.57
,Assa_District_15,2016.0,Zaid,Jowar,24825.78,998.11,24778.86
Telangana,,2018.0,Kharif,Groundnut,12696.57,1826.48,23190.03
Bihar,Biha_District_20,2016.0,,Rice,38263.7,4445.2,170089.8
Bihar,Biha_District_12,2022.0,Rabi,Sugarcane,45091.93,4930.56,222328.47
Gujarat,Guja_District_04,2014.0,,Wheat,49120.1,4788.5,235211.6
Gujarat,Guja_District_16,2014.0,Kharif,Groundnut,3683.92,1120.07,4126.25
Assam,Assa_District_17,2018.0,Zaid,Rice,15292.88,,45695.74
Haryana,Hary_District_15,2022.0,Rabi,Groundnut,4939.2,4306.09,21268.64
Uttar Pradesh,Utta_District_07,2021.0,Zaid,Rice,30876.13,2940.64,90795.58
Haryana,Hary_District_03,2022.0,Zaid,Rice,8349.04,1639.65,13689.5
Karnataka,Karn_District_10,2021.0,Kharif,Maize,8099.57,4333.7,35101.11
Gujarat,Guja_District_20,2023.0,Rabi,Soybean,29252.97,3808.08,111397.65
Punjab,Punj_District_02,2020.0,Kharif,Cotton,14872.04,2170.64,32281.84
Haryana,Hary_District_03,2021.0,Kharif,Wheat,20302.26,3920.07,79586.28
Odisha,Odis_District_13,2019.0,Kharif,Soybean,38640.41,1430.66,55281.29
Haryana,Hary_District_04,2023.0,Kharif,Sugarcane,47082.79,1042.95,49105.0
Karnataka,Karn_District_04,2015.0,Zaid,Cotton,44816.49,951.78,
Bihar,Biha_District_10,2021.0,Rabi,Wheat,13300.54,4309.15,57314.02
Andhra Pradesh,Andh_District_04,2013.0,Kharif,Cotton,9056.65,2361.06,21383.29
Rajasthan,Raja_District_11,2012.0,Zaid,Soybean,22547.98,1603.67,36159.52
Rajasthan,Raja_District_07,2014.0,Rabi,Soybean,35541.24,4331.01,153929.47
Punjab,Punj_District_20,2019.0,Rabi,Sugarcane,43741.3,2026.95,88661.43
Haryana,Hary_District_02,2022.0,Rabi,Soybean,26589.43,1617.83,43017.18
Rajasthan,Raja_District_08,2019.0,Kharif,Soybean,12315.35,1225.64,15094.19
Gujarat,,2021.0,Zaid,Cotton,47006.95,4495.95,211340.9
Tamil Nadu,Tami_District_16,2018.0,Zaid,Cotton,38890.2,2829.48,110039.04
Haryana,Hary_District_04,2019.0,Rabi,Rice,24581.33,2883.86,70889.11
Andhra Pradesh,Andh_District_05,2016.0,Rabi,,26874.74,2455.53,65991.73
West Bengal,West_District_11,2011.0,Rabi,Barley,6674.57,,7111.69
Maharashtra,,2016.0,Rabi,Wheat,47617.26,2669.14,127097.13
Tamil Nadu,Tami_District_15,2020.0,Zaid,Soybean,47664.96,1236.1,58918.66
Punjab,Punj_District_19,2012.0,Zaid,Jowar,27765.39,1434.73,39835.84
Assam,Assa_District_02,2018.0,Kharif,Rice,12733.91,635.25,8089.22
West Bengal,West_District_18,2022.0,Zaid,Soybean,6035.77,4625.82,27920.39
Assam,Assa_District_08,2013.0,Rabi,Groundnut,16144.5,3236.58,52252.97
West Bengal,West_District_16,2017.0,Kharif,Cotton,23304.21,2302.03,53646.99
Karnataka,Karn_District_01,2011.0,Zaid,Maize,26641.12,1342.58,35767.83
West Bengal,West_District_04,2017.0,Kharif,Jowar,49431.33,,206741.1
Maharashtra,Maha_District_02,2010.0,Kharif,Maize,,2609.42,96826.63
Assam,Assa_District_17,2012.0,Zaid,Mustard,7728.57,4643.0,35883.75
Madhya Pradesh,Madh_District_18,2015.0,Zaid,Sugarcane,17135.21,,12431.25
Tamil Nadu,Tami_District_07,2011.0,Zaid,Barley,17185.94,4075.06,70033.74
Andhra Pradesh,Andh_District_15,2019.0,Rabi,Soybean,31173.17,3878.77,120913.56
West Bengal,West_District_05,2010.0,Rabi,Wheat,39702.41,1453.8,57719.36
Haryana,,2015.0,Rabi,Cotton,46196.79,2470.95,114149.96
West Bengal,West_District_19,2020.0,Rabi,Soybean,31986.78,510.39,16325.73
Karnataka,Karn_District_14,2018.0,Rabi,Sugarcane,49669.09,1764.03,87617.76
Andhra Pradesh,Andh_District_05,2011.0,Rabi,Sugarcane,3196.95,2562.18,8191.16
Rajasthan,Raja_District_05,2015.0,Zaid,Sugarcane,6538.6,1185.47,7751.31
Karnataka,Karn_District_09,2019.0,Kharif,Barley,31650.91,2268.17,71789.64
Odisha,Odis_District_09,2013.0,Kharif,Mustard,46100.44,1936.2,89259.67
Maharashtra,Maha_District_03,2013.0,Rabi,Jowar,36336.39,2574.95,93564.39
West Bengal,West_District_20,2017.0,Kharif,Groundnut,33031.57,,105655.77
Haryana,Hary_District_07,2020.0,Rabi,Groundnut,23691.92,4775.27,113135.31
West Bengal,West_District_10,2015.0,Zaid,Maize,17201.41,1297.56,22319.86
Punjab,Punj_District_06,2015.0,Zaid,Maize,33936.89,4307.03,146167.2
Maharashtra,,2023.0,Rabi,Maize,2108.66,2523.35,5320.89
Karnataka,Karn_District_18,2013.0,Kharif,Sugarcane,44635.14,3873.28,172884.4
Odisha,Odis_District_04,2020.0,Zaid,Cotton,49591.21,2891.36,143386.04
Tamil Nadu,Tami_District_17,2023.0,Kharif,Soybean,33033.79,1861.16,61481.17
Andhra Pradesh,Andh_District_09,2012.0,Rabi,Wheat,47382.03,2148.51,101800.77
West Bengal,West_District_18,2020.0,Zaid,Barley,36951.68,2314.13,85510.99
Gujarat,Guja_District_14,2012.0,Zaid,,28134.76,3739.02,105196.43
Haryana,Hary_District_07,2014.0,Zaid,Mustard,25495.81,4581.89,116819.0
Madhya Pradesh,Madh_District_16,2021.0,Zaid,Wheat,,3411.82,71727.1
Rajasthan,Raja_District_04,2013.0,Kharif,Barley,17183.89,2336.71,40153.77
Tamil Nadu,Tami_District_14,2010.0,Kharif,Sugarcane,22058.5,1066.13,23517.23
Assam,Assa_District_08,2022.0,Zaid,Barley,4677.01,3503.7,16386.84
Andhra Pradesh,,2012.0,Zaid,Cotton,32810.34,3483.09,114281.37
Rajasthan,Raja_District_20,2013.0,Kharif,Mustard,1086.35,1969.46,2139.52
Tamil Nadu,Tami_District_08,2017.0,Kharif,Mustard,9970.71,4001.68,39899.59
Maharashtra,Maha_District_19,2022.0,Zaid,Sugarcane,43045.46,1610.06,69305.77
Maharashtra,Maha_District_14,2016.0,Kharif,Groundnut,33425.67,1082.13,36170.92
Gujarat,Guja_District_10,2012.0,Rabi,Barley,,1123.95,15544.35
Andhra Pradesh,Andh_District_19,2022.0,Rabi,Barley,14247.69,3536.31,50384.25
Punjab,Punj_District_01,2015.0,Kharif,,45525.31,1411.35,64252.15
Assam,Assa_District_08,2011.0,Kharif,Mustard,27149.74,3656.26,99266.51
Punjab,Punj_District_05,2014.0,Rabi,Mustard,47650.83,3245.27,154639.81
Bihar,Biha_District_20,2020.0,Rabi,Mustard,12829.84,3314.65,42526.43
Rajasthan,Raja_District_01,2016.0,Zaid,Rice,16092.51,4892.58,78733.89
Assam,Assa_District_13,2018.0,Rabi,Soybean,20043.84,3584.42,71845.54
Odisha,Odis_District_03,2022.0,Kharif,Rice,1259.06,2300.28,2896.19
Punjab,Punj_District_18,2016.0,Rabi,Jowar,43767.87,3246.02,142071.38
Rajasthan,Raja_District_12,2014.0,Kharif,,22252.75,,104848.73
Gujarat,Guja_District_08,2010.0,Kharif,Rice,42713.82,1949.97,83290.67
Punjab,Punj_District_08,2023.0,Kharif,Wheat,27272.97,2704.21,73751.84
Madhya Pradesh,Madh_District_17,2014.0,Kharif,Mustard,31646.9,2003.5,63404.56
Odisha,Odis_District_01,2018.0,Kharif,Groundnut,12285.83,4607.02,56601.06
Telangana,Tela_District_09,2020.0,Kharif,Sugarcane,46201.34,4294.95,198432.45
Bihar,Biha_District_02,2015.0,Rabi,,48912.4,3852.46,188433.06
Andhra Pradesh,Andh_District_14,2013.0,Zaid,Soybean,38256.89,3931.66,
Madhya Pradesh,Madh_District_14,2013.0,Zaid,Cotton,24082.32,2554.03,61506.97
Madhya Pradesh,Madh_District_08,2015.0,Rabi,Cotton,12087.29,3401.69,41117.21
Gujarat,Guja_District_15,2019.0,Rabi,,14537.07,1660.14,24133.57
Assam,Assa_District_02,2016.0,Zaid,Cotton,29339.47,2344.92,68798.71
Haryana,Hary_District_04,2021.0,Rabi,Groundnut,11020.94,4172.25,45982.12
Rajasthan,Raja_District_20,2011.0,Kharif,Cotton,43042.44,1254.65,54003.2
Gujarat,Guja_District_07,2013.0,Zaid,,474.6,2012.58,955.17
Punjab,Punj_District_01,2019.0,Zaid,Rice,39895.79,4276.28,170605.57
Tamil Nadu,Tami_District_03,2010.0,Kharif,Wheat,7002.62,3984.51,27902.01
Odisha,Odis_District_04,2010.0,Kharif,Cotton,5873.64,2255.28,13246.7
Haryana,Hary_District_05,2023.0,Zaid,Groundnut,49930.61,1366.66,68238.17
Odisha,Odis_District_05,2017.0,Rabi,Jowar,7782.78,2402.6,
Rajasthan,Raja_District_12,,Zaid,Wheat,31021.46,4698.05,
Gujarat,Guja_District_20,2020.0,Kharif,Wheat,49042.98,813.38,39890.58
Bihar,Biha_District_10,2018.0,Kharif,Barley,6986.08,4058.32,28351.75
Rajasthan,Raja_District_11,2013.0,Zaid,Sugarcane,13604.54,4481.82,60973.1
Assam,Assa_District_17,2021.0,Rabi,Cotton,33206.32,1003.3,33315.9
Madhya Pradesh,Madh_District_05,2015.0,Kharif,Barley,41643.21,1293.6,53869.66
Rajasthan,Raja_District_15,2010.0,Rabi,Wheat,21232.42,2984.83,63375.16
Assam,Assa_District_06,2011.0,Rabi,,25088.23,,90009.8
West Bengal,West_District_06,2019.0,Rabi,Groundnut,32669.07,4964.19,162175.47
Rajasthan,Raja_District_16,2015.0,Kharif,Sugarcane,49971.15,2824.07,141122.03
Punjab,,2023.0,Zaid,Groundnut,4850.43,3775.29,18311.78
,Maha_District_02,,Kharif,Mustard,48835.54,1932.47,94373.22
West Bengal,West_District_08,2013.0,Kharif,Jowar,,2411.5,55740.18
Karnataka,Karn_District_05,2023.0,Zaid,Sugarcane,,3525.19,9397.52
Karnataka,Karn_District_19,2013.0,Kharif,Jowar,17731.55,4043.59,71699.12
Gujarat,,2016.0,Zaid,Jowar,41622.79,4195.54,174630.08
Assam,Assa_District_19,2021.0,Rabi,Barley,20891.63,1946.96,40675.17
Karnataka,Karn_District_19,2013.0,Zaid,Maize,37466.16,4106.25,153845.42
Madhya Pradesh,Madh_District_06,2015.0,Kharif,Cotton,24613.75,4518.64,111220.68
Haryana,Hary_District_06,2019.0,Rabi,Soybean,7281.04,4455.81,32442.93
Madhya Pradesh,Madh_District_03,2017.0,Zaid,Mustard,4895.15,1190.86,5829.44
Rajasthan,Raja_District_05,2020.0,Zaid,Mustard,26738.62,803.83,21493.3
Rajasthan,Raja_District_19,2022.0,Rabi,Soybean,,502.33,1373.91
Rajasthan,Raja_District_18,2011.0,Zaid,Rice,21872.2,3985.81,87178.43
Uttar Pradesh,,2015.0,Zaid,Soybean,1838.43,3435.16,6315.3
Telangana,Tela_District_06,2011.0,Zaid,Jowar,41174.05,1256.0,51714.61
West Bengal,West_District_03,2015.0,Zaid,Sugarcane,7428.5,4373.6,32489.29
Tamil Nadu,Tami_District_04,,Zaid,Mustard,41173.92,2925.24,120443.6
Telangana,Tela_District_15,2015.0,Kharif,Barley,40978.07,917.4,37593.28
Tamil Nadu,,2019.0,Rabi,Barley,19784.63,,75579.07
Uttar Pradesh,Utta_District_18,2017.0,Kharif,Maize,12946.85,3885.48,50304.73
Andhra Pradesh,Andh_District_08,2015.0,Zaid,Cotton,25258.51,3876.2,97907.04
Punjab,Punj_District_17,2014.0,Rabi,Jowar,23287.51,2155.57,
Rajasthan,Raja_District_05,2010.0,Kharif,Wheat,11037.54,,15868.78
Gujarat,Guja_District_01,2014.0,Kharif,Wheat,37599.39,1035.1,38919.13
Punjab,Punj_District_16,2014.0,Kharif,Groundnut,4390.52,1293.31,5678.3
Assam,Assa_District_14,2016.0,Kharif,Groundnut,8849.79,,37204.34
Madhya Pradesh,Madh_District_11,2016.0,Kharif,Barley,19985.48,4956.75,99063.03
Rajasthan,Raja_District_14,2021.0,Rabi,Mustard,6946.84,3440.93,23903.59
Telangana,Tela_District_03,2020.0,,Maize,22491.6,2268.13,51013.87
Assam,Assa_District_15,2013.0,Rabi,Rice,43766.7,4890.18,214027.04
Rajasthan,Raja_District_09,2018.0,Kharif,Barley,43655.66,1365.35,59605.26
Uttar Pradesh,,2014.0,Zaid,Jowar,11117.82,3452.33,38382.38
Madhya Pradesh,Madh_District_07,,Kharif,Jowar,14525.27,3806.26,55286.95
Assam,Assa_District_07,2018.0,Rabi,Cotton,28364.39,,84500.07
Bihar,Biha_District_03,2021.0,Zaid,Maize,41444.49,3697.4,153236.86
Andhra Pradesh,Andh_District_06,2021.0,Kharif,Rice,1426.23,722.57,1030.55
Madhya Pradesh,Madh_District_01,2012.0,Kharif,Maize,30117.77,2687.86,80952.35
Assam,Assa_District_18,2012.0,Rabi,Barley,13083.21,2383.95,31189.72
Telangana,Tela_District_10,2020.0,Zaid,Barley,37919.72,4219.75,160011.74
Madhya Pradesh,Madh_District_02,2021.0,Zaid,Soybean,28105.03,2234.16,62791.13
Karnataka,,2019.0,Kharif,Cotton,13607.77,2848.63,38763.5
Tamil Nadu,Tami_District_05,2023.0,Rabi,Rice,15806.01,3038.43,48025.45
Assam,Assa_District_04,2013.0,Kharif,Barley,33864.95,797.36,27002.56
Haryana,Hary_District_13,,Kharif,Sugarcane,153.27,1455.25,223.05
Rajasthan,Raja_District_19,2019.0,Kharif,Wheat,44736.12,3408.31,152474.57
Rajasthan,Raja_District_06,2022.0,Zaid,Sugarcane,8680.82,4506.19,39117.42
Tamil Nadu,Tami_District_17,2013.0,Rabi,Cotton,23550.8,2642.41,
Andhra Pradesh,Andh_District_18,2023.0,Kharif,Sugarcane,46783.54,767.69,35915.26
Rajasthan,Raja_District_19,2013.0,Zaid,Barley,10837.4,3135.97,33985.76
Rajasthan,Raja_District_20,2012.0,Kharif,Jowar,9854.78,3557.87,35062.03
Assam,Assa_District_02,,Zaid,,10783.21,946.21,10203.18
,,2022.0,Zaid,Maize,10428.56,2402.3,25052.53
Rajasthan,Raja_District_11,2017.0,Zaid,Sugarcane,8889.3,,9832.54
Gujarat,Guja_District_03,2015.0,Rabi,Cotton,43028.07,1941.79,83551.48
Punjab,Punj_District_17,,Rabi,Groundnut,18101.86,748.72,13553.22
,Odis_District_07,2022.0,,,17932.74,1691.63,30335.56
Madhya Pradesh,Madh_District_13,2021.0,Zaid,Jowar,30563.2,1424.26,43529.94
Assam,Assa_District_05,2017.0,Kharif,Wheat,44429.44,4683.5,208085.28
Uttar Pradesh,Utta_District_13,2015.0,Kharif,Rice,5081.57,983.31,4996.76
Bihar,Biha_District_12,2023.0,Zaid,Cotton,5854.79,3288.06,19250.9
Madhya Pradesh,Madh_District_13,2010.0,Rabi,Jowar,6186.25,4335.72,26821.85
Karnataka,Karn_District_17,2010.0,Rabi,Groundnut,37738.15,4189.14,158090.39
Tamil Nadu,Tami_District_18,2011.0,,Soybean,26350.42,4985.05,131358.16
Uttar Pradesh,Utta_District_12,2021.0,Zaid,Wheat,2304.34,2305.69,5313.09
,Madh_District_09,2023.0,Rabi,Maize,16264.44,4768.9,77563.49
West Bengal,West_District_20,2012.0,Zaid,Maize,28885.36,4127.86,119234.72
Maharashtra,Maha_District_08,2022.0,Rabi,Sugarcane,8600.03,4903.85,42173.26
Telangana,,2023.0,Zaid,Soybean,24982.11,2721.52,67989.31
Karnataka,Karn_District_18,2010.0,,Mustard,48547.15,2213.3,107449.41
Madhya Pradesh,Madh_District_02,2021.0,Zaid,,19936.5,3131.39,62428.96
Karnataka,Karn_District_03,2015.0,Rabi,Mustard,6489.83,1944.89,12622.01
West Bengal,West_District_18,2022.0,Zaid,Groundnut,9741.1,964.78,9398.02
Bihar,Biha_District_18,2012.0,Rabi,Maize,43320.62,3151.99,136546.16
Uttar Pradesh,Utta_District_09,2013.0,Kharif,,17997.77,,42096.96
Gujarat,Guja_District_20,2023.0,Rabi,Maize,21632.8,3349.17,72451.92
,Raja_District_10,2014.0,Zaid,Wheat,46345.79,4697.51,
West Bengal,West_District_08,2019.0,Rabi,Soybean,19635.45,1981.68,38911.18
Telangana,Tela_District_13,2022.0,Rabi,Soybean,22607.22,3055.7,69080.88
Assam,Assa_District_12,2021.0,Kharif,Sugarcane,23144.71,3464.39,80182.3
Rajasthan,Raja_District_17,2018.0,Zaid,Maize,27764.51,1943.22,53952.55
Uttar Pradesh,Utta_District_15,2015.0,Kharif,Groundnut,17351.97,2203.67,38238.02
Maharashtra,Maha_District_12,2023.0,Zaid,Cotton,4822.52,,6015.03
Gujarat,Guja_District_18,2020.0,Rabi,Barley,36183.38,2250.94,81446.62
Gujarat,Guja_District_03,2013.0,Zaid,Mustard,10805.49,3032.03,32762.57
Uttar Pradesh,Utta_District_20,2022.0,Rabi,Wheat,37801.42,1658.4,62689.87
Gujarat,Guja_District_04,2015.0,Zaid,,41356.82,4673.77,193292.26
Uttar Pradesh,Utta_District_08,2010.0,Kharif,,,3510.26,104991.84
Uttar Pradesh,Utta_District_02,2012.0,Rabi,Groundnut,2723.54,4754.84,12950.0
Haryana,Hary_District_14,2010.0,,Maize,19684.99,4657.55,91683.83
Assam,Assa_District_02,2020.0,Kharif,Rice,28990.98,520.78,15097.92
Bihar,Biha_District_15,2013.0,Zaid,Rice,2023.25,3561.88,7206.57
Madhya Pradesh,Madh_District_10,2011.0,Zaid,Cotton,28177.13,619.4,17452.91
Andhra Pradesh,Andh_District_03,2011.0,Kharif,Jowar,37198.65,4334.65,161243.13
Uttar Pradesh,Utta_District_11,2017.0,Rabi,Cotton,24871.23,2595.91,64563.47
Andhra Pradesh,Andh_District_06,2016.0,Zaid,Wheat,373.11,4039.92,1507.33
Madhya Pradesh,Madh_District_07,2020.0,Rabi,Sugarcane,16602.73,4454.44,73955.86
Assam,Assa_District_18,2018.0,Zaid,Rice,18715.72,3042.85,56949.13
Rajasthan,Raja_District_16,2014.0,Kharif,Rice,13590.06,1222.65,16615.89
Haryana,Hary_District_12,2021.0,Zaid,Maize,38767.9,2734.66,106017.03
Maharashtra,Maha_District_19,2020.0,Zaid,Cotton,26870.75,4844.37,130171.86
Rajasthan,Raja_District_18,2017.0,Zaid,Wheat,48182.64,4350.39,209613.28
West Bengal,West_District_10,2016.0,Kharif,Sugarcane,9461.7,3174.23,30033.61
Assam,Assa_District_04,2022.0,Rabi,Barley,43919.56,2185.09,95968.19
,Hary_District_02,2023.0,Kharif,Barley,5145.2,4149.33,21349.13
Gujarat,Guja_District_06,2018.0,Kharif,,24140.0,3039.77,73380.05
Rajasthan,Raja_District_09,2014.0,,Groundnut,49109.0,3232.45,158742.39
Uttar Pradesh,Utta_District_06,2012.0,Rabi,Mustard,21306.47,2164.93,46127.02
Uttar Pradesh,Utta_District_20,2023.0,Rabi,Barley,20939.2,1032.8,21626.01
Tamil Nadu,Tami_District_14,2016.0,Rabi,Cotton,39758.05,4269.73,169756.14
Maharashtra,Maha_District_10,2016.0,Zaid,Rice,14291.42,1867.08,26683.22
Telangana,Tela_District_18,2018.0,Kharif,Rice,43729.28,607.87,26581.72
Andhra Pradesh,Andh_District_18,2011.0,Kharif,Barley,26070.83,2586.54,67433.24
Telangana,Tela_District_16,2020.0,Kharif,Maize,34537.33,1235.26,42662.58
West Bengal,,2012.0,Rabi,Mustard,33449.7,2195.3,73432.13
Madhya Pradesh,Madh_District_12,2015.0,Kharif,Soybean,30973.87,680.43,21075.55
Maharashtra,Maha_District_09,2012.0,Kharif,Jowar,23140.19,2850.13,65952.55
Bihar,Biha_District_06,2015.0,Rabi,Rice,10794.89,1128.31,12179.98
Tamil Nadu,Tami_District_04,2018.0,Rabi,Mustard,9504.87,2048.63,19471.96
Punjab,Punj_District_03,2013.0,Zaid,Jowar,4930.83,4762.94,23485.25
Rajasthan,Raja_District_04,2019.0,Rabi,Mustard,20309.2,4140.36,84087.4
Karnataka,Karn_District_12,2015.0,Zaid,Groundnut,48723.41,863.31,42063.41
,Tela_District_11,2012.0,Kharif,Mustard,32618.31,4421.34,144216.64
Tamil Nadu,Tami_District_20,2022.0,Zaid,Cotton,31748.3,2430.62,77168.05
West Bengal,West_District_11,2011.0,Zaid,Maize,21610.71,661.54,14296.35
Maharashtra,Maha_District_06,2018.0,Kharif,Jowar,26776.58,4970.94,133104.77
Madhya Pradesh,Madh_District_18,2019.0,Zaid,Mustard,47939.51,681.8,32685.16
Karnataka,Karn_District_06,2011.0,Rabi,Mustard,35319.27,1857.94,65621.08
Maharashtra,Maha_District_19,2016.0,Kharif,Wheat,45159.16,703.02,
Rajasthan,Raja_District_20,2018.0,Zaid,Jowar,46800.12,4268.64,199772.86
Telangana,Tela_District_16,2013.0,Rabi,Soybean,5963.47,769.21,4587.16
Uttar Pradesh,Utta_District_14,2017.0,Kharif,Wheat,41751.91,1200.91,50140.29
Maharashtra,Maha_District_13,2018.0,Zaid,Maize,26791.42,4620.85,123799.13
Uttar Pradesh,Utta_District_11,2010.0,Rabi,Barley,28415.66,2287.55,65002.24
Telangana,Tela_District_19,2016.0,,Maize,22306.3,784.03,17488.81
Punjab,Punj_District_17,2012.0,Zaid,Soybean,48440.74,1897.94,91937.62
Odisha,Odis_District_14,2022.0,Rabi,Sugarcane,9549.24,1787.21,17066.5
Haryana,Hary_District_13,2019.0,Kharif,Sugarcane,48222.22,924.29,
Punjab,Punj_District_11,2017.0,Zaid,Jowar,43378.42,3685.3,159862.49
Telangana,,2013.0,Rabi,,41517.96,,203086.76
Telangana,Tela_District_19,2018.0,Rabi,Rice,42123.52,4745.22,199885.37
Telangana,Tela_District_03,2020.0,Zaid,Cotton,6434.07,4081.05,26257.76
Maharashtra,Maha_District_03,2021.0,Zaid,Soybean,27329.22,2945.73,80504.5
Uttar Pradesh,Utta_District_19,2023.0,Rabi,Mustard,44956.19,4873.12,219076.91
Andhra Pradesh,Andh_District_15,2014.0,Rabi,Sugarcane,35271.43,2673.22,94288.29
Andhra Pradesh,Andh_District_01,2012.0,Rabi,Sugarcane,22874.55,2238.54,51205.6
Punjab,Punj_District_03,2015.0,Rabi,Maize,18143.79,2261.78,41037.26
Punjab,Punj_District_19,2018.0,Rabi,Soybean,4578.69,848.46,3884.84
Rajasthan,Raja_District_02,2015.0,Zaid,Soybean,39015.51,2507.33,97824.76
Odisha,Odis_District_01,2023.0,Kharif,Maize,46541.16,3254.99,151491.01
Telangana,Tela_District_10,2019.0,Zaid,Wheat,1855.28,1208.86,2242.77
Madhya Pradesh,Madh_District_10,2020.0,Zaid,Groundnut,10370.41,4890.81,50719.7
West Bengal,West_District_02,2013.0,Rabi,Sugarcane,11013.34,2820.9,31067.53
Telangana,Tela_District_11,2011.0,Rabi,Jowar,46815.23,4897.37,229271.5
Bihar,,2023.0,Rabi,Mustard,11894.39,721.03,8576.21
Assam,Assa_District_05,2019.0,Kharif,Mustard,7764.73,784.98,6095.16
Tamil Nadu,Tami_District_07,2021.0,Kharif,Soybean,9836.7,3058.56,30086.14
Tamil Nadu,Tami_District_20,2020.0,Zaid,Wheat,45631.19,2917.48,133128.08
Telangana,Tela_District_07,2023.0,Kharif,Cotton,31336.88,1408.4,44134.86
Odisha,Odis_District_07,2011.0,Kharif,Rice,40049.12,3280.05,131363.12
Gujarat,Guja_District_09,2015.0,Zaid,Maize,43220.43,4769.79,206152.37
Telangana,Tela_District_04,2013.0,Kharif,,,907.61,15847.1
Assam,Assa_District_11,2014.0,,Maize,11373.86,2470.29,28096.73
Madhya Pradesh,Madh_District_13,2020.0,Kharif,Groundnut,47290.11,2202.39,104151.27
Assam,Assa_District_16,2022.0,Kharif,Mustard,38561.58,2932.15,113068.34
Odisha,Odis_District_14,2018.0,Kharif,Wheat,9222.16,1943.3,17921.42
Haryana,Hary_District_10,2020.0,Kharif,Mustard,32694.28,3527.84,115340.19
Andhra Pradesh,Andh_District_19,2012.0,Zaid,Barley,,1528.91,33321.84
Odisha,Odis_District_06,2013.0,Kharif,Sugarcane,36123.15,1259.93,45512.64
Bihar,,2023.0,Kharif,Groundnut,46839.82,1345.57,63026.26
Assam,Assa_District_14,2018.0,Rabi,Rice,5454.89,2739.41,14943.18
Gujarat,Guja_District_15,2014.0,Kharif,Wheat,26025.52,2786.87,72529.74
Assam,Assa_District_19,2017.0,Rabi,Maize,21889.71,4976.67,108937.86
Assam,Assa_District_20,2021.0,Kharif,Jowar,24365.4,2650.76,64586.83
Gujarat,Guja_District_19,2019.0,Rabi,Rice,21146.13,800.72,16932.13
Uttar Pradesh,Utta_District_20,2021.0,,Groundnut,29688.54,1525.85,45300.26
Madhya Pradesh,Madh_District_05,2023.0,Rabi,Barley,31916.69,728.75,23259.29
Rajasthan,Raja_District_05,2016.0,Kharif,Jowar,49071.22,2610.52,128101.4
Punjab,Punj_District_13,2013.0,,Jowar,44848.09,2640.03,118400.3
Haryana,Hary_District_10,2014.0,Kharif,Jowar,3110.51,4199.96,13064.02
Uttar Pradesh,,2014.0,Rabi,Barley,,4017.91,130358.56
Uttar Pradesh,Utta_District_02,2022.0,Rabi,Jowar,21465.68,3370.72,72354.8
Gujarat,Guja_District_05,2014.0,Rabi,Rice,42825.83,3339.79,143029.28
West Bengal,West_District_01,2013.0,Kharif,Barley,17448.91,3481.38,60746.29
West Bengal,West_District_01,2017.0,Kharif,Cotton,33625.52,4822.64,162163.78
Assam,Assa_District_02,2010.0,Zaid,Soybean,18608.52,2412.87,44899.94
Gujarat,Guja_District_15,2020.0,Kharif,Mustard,40624.94,2775.93,112771.99
Odisha,Odis_District_16,2019.0,Kharif,Soybean,36855.0,2568.69,94669.07
Madhya Pradesh,Madh_District_05,2020.0,Zaid,Maize,,3853.42,41821.98
Punjab,Punj_District_18,2010.0,Zaid,Groundnut,6644.64,1393.63,9260.17
Karnataka,Karn_District_17,2014.0,Zaid,Sugarcane,31378.57,3862.71,121206.32
Assam,Assa_District_17,2014.0,Kharif,Sugarcane,44744.93,1726.64,77258.39
Uttar Pradesh,Utta_District_02,2010.0,,Cotton,5625.14,4802.21,27013.1
Gujarat,Guja_District_17,2023.0,Kharif,Jowar,7805.71,1389.5,10846.03
Rajasthan,Raja_District_13,2012.0,Kharif,Jowar,14637.34,2882.26,42188.62
Telangana,Tela_District_01,2020.0,Rabi,Barley,44153.0,3922.46,173188.38
Madhya Pradesh,Madh_District_19,2017.0,Zaid,Mustard,35437.06,1288.31,
Madhya Pradesh,Madh_District_11,2012.0,Zaid,Jowar,17948.36,2652.82,47613.77
Haryana,Hary_District_07,2010.0,Zaid,Cotton,7456.56,1730.43,
Uttar Pradesh,Utta_District_02,2016.0,Zaid,Cotton,15485.83,1072.74,16612.27
,Punj_District_01,,Rabi,Jowar,27556.96,3672.63,101206.52
Uttar Pradesh,Utta_District_17,2012.0,Kharif,Cotton,3589.59,2665.05,9566.44
Madhya Pradesh,Madh_District_06,2012.0,Zaid,Jowar,39132.34,3865.96,151284.06
Karnataka,Karn_District_03,2018.0,Zaid,Barley,40772.15,2517.08,102626.76
Assam,Assa_District_02,2016.0,Kharif,Maize,41045.8,1583.39,64991.51
Maharashtra,Maha_District_19,2017.0,Kharif,Cotton,18104.45,1293.6,23419.92
Madhya Pradesh,Madh_District_12,2016.0,Rabi,Groundnut,23427.48,2264.27,53046.14
Telangana,Tela_District_14,2017.0,Rabi,Mustard,12122.26,3883.01,47070.86
Bihar,Biha_District_03,2011.0,Rabi,Cotton,15760.95,1727.62,27228.93
Bihar,Biha_District_09,2019.0,Rabi,Mustard,6631.43,2474.7,16410.8
Uttar Pradesh,Utta_District_15,2017.0,Rabi,Soybean,15217.93,2161.73,32897.06
Bihar,Biha_District_03,2016.0,Rabi,Wheat,11876.26,3934.2,46723.58
Maharashtra,Maha_District_02,2022.0,Zaid,Mustard,46507.17,2740.69,127461.74
Tamil Nadu,Tami_District_06,2018.0,Rabi,,32185.62,4402.28,141690.11
Assam,,2023.0,Kharif,Maize,49941.6,3260.82,162850.57
Maharashtra,Maha_District_10,2015.0,Zaid,Mustard,44500.0,4588.74,204198.93
Telangana,Tela_District_10,2023.0,Rabi,Groundnut,39593.43,2574.19,101921.01
Maharashtra,Maha_District_04,2021.0,Zaid,Mustard,4149.58,571.12,2369.91
Maharashtra,Maha_District_12,2022.0,Rabi,Wheat,23912.31,2724.42,
Andhra Pradesh,Andh_District_13,2016.0,Kharif,Groundnut,20427.38,3056.75,62441.39
Karnataka,Karn_District_06,2017.0,Kharif,Soybean,27652.92,4264.76,
Maharashtra,Maha_District_17,2021.0,Kharif,Mustard,5521.99,1513.3,8356.43
Karnataka,Karn_District_04,2019.0,Kharif,Sugarcane,39670.95,4315.27,171190.86
Telangana,Tela_District_01,2018.0,Rabi,Wheat,49741.73,4428.1,220261.35
Uttar Pradesh,Utta_District_10,2013.0,Zaid,Maize,44505.96,1914.57,85209.78
Telangana,Tela_District_11,2018.0,Rabi,Cotton,20142.92,1706.38,
Punjab,Punj_District_13,2017.0,Rabi,Soybean,30354.34,4724.62,143412.72
West Bengal,West_District_12,2016.0,Kharif,Jowar,17297.58,3006.51,52005.35
Haryana,Hary_District_04,2013.0,Zaid,Rice,,1264.1,18816.57
West Bengal,West_District_13,2011.0,Zaid,Wheat,9839.76,760.75,7485.6
Uttar Pradesh,Utta_District_15,2012.0,Zaid,Wheat,47469.75,2312.96,109795.63
West Bengal,West_District_03,2016.0,Zaid,Maize,41722.63,3565.98,148782.06
,Tami_District_02,2018.0,Rabi,Soybean,9676.87,1289.58,12479.1
Tamil Nadu,Tami_District_17,2021.0,Rabi,Wheat,40618.21,1691.2,
Maharashtra,Maha_District_06,2021.0,Zaid,Barley,45672.93,1130.25,51621.83
West Bengal,West_District_20,2021.0,Kharif,Barley,33917.66,4165.13,141271.46
Odisha,Odis_District_15,2018.0,Zaid,Cotton,11839.29,1742.93,20635.05
Uttar Pradesh,Utta_District_18,2014.0,Rabi,Cotton,48229.49,1690.69,81541.12
West Bengal,West_District_19,2023.0,Zaid,Maize,21554.86,2446.32,
Maharashtra,Maha_District_15,,Rabi,Maize,,3991.06,50791.95
Gujarat,Guja_District_20,2023.0,Kharif,Wheat,38615.28,2202.43,85047.45
,Raja_District_08,2021.0,Rabi,Rice,41772.78,1458.84,60939.8
Telangana,Tela_District_08,2016.0,Kharif,Soybean,314.86,3070.25,966.7
West Bengal,West_District_02,2022.0,Rabi,Mustard,49704.48,673.9,33495.85
Gujarat,Guja_District_10,2021.0,Rabi,Jowar,10479.1,2835.12,29709.51
Uttar Pradesh,Utta_District_14,2010.0,Zaid,Groundnut,40516.04,900.69,36492.39
Odisha,Odis_District_19,2023.0,Rabi,Soybean,19822.21,3861.84,76550.2
Haryana,Hary_District_03,2010.0,Kharif,Barley,18640.01,1349.76,25159.54
Tamil Nadu,Tami_District_05,2014.0,Zaid,Maize,9855.24,2345.22,23112.71
West Bengal,West_District_01,2012.0,Kharif,Soybean,24022.91,4378.16,105176.14
Assam,,2015.0,Zaid,Sugarcane,32148.4,3606.81,115953.17
Madhya Pradesh,Madh_District_18,2019.0,Rabi,Wheat,49151.06,2353.3,115667.19
Karnataka,Karn_District_08,2011.0,Rabi,Groundnut,20227.38,4655.06,94159.67
,Andh_District_12,2017.0,Rabi,Jowar,12369.19,3784.17,46807.12
Madhya Pradesh,Madh_District_11,,Rabi,Groundnut,37753.2,940.05,35489.9
Maharashtra,Maha_District_05,2011.0,Kharif,Soybean,23464.75,1402.53,32910.02
Tamil Nadu,Tami_District_19,2010.0,Zaid,Mustard,9350.23,2587.23,24191.2
Telangana,Tela_District_03,2015.0,Kharif,Maize,14542.54,4082.27,59366.57
Punjab,Punj_District_12,2022.0,Zaid,Sugarcane,45389.48,4112.24,186652.44
Uttar Pradesh,Utta_District_11,2019.0,Rabi,Maize,13374.94,1733.6,23186.8
Gujarat,Guja_District_03,2020.0,Rabi,Jowar,12810.94,1107.67,14190.29
Gujarat,Guja_District_20,2010.0,Rabi,Sugarcane,47195.54,2309.22,108984.88
West Bengal,West_District_13,2013.0,Zaid,Barley,11312.0,4310.02,48754.95
Gujarat,Guja_District_12,,Rabi,Groundnut,20019.85,658.03,13173.66
Haryana,Hary_District_05,2013.0,Zaid,Mustard,8180.88,3376.63,27623.8
Tamil Nadu,Tami_District_08,2016.0,,Barley,39166.97,1449.2,56760.77
Assam,Assa_District_02,2010.0,Rabi,Rice,45878.04,4329.49,198628.52
Punjab,Punj_District_09,2019.0,Zaid,Sugarcane,42434.2,1524.48,64690.09
Bihar,Biha_District_13,2015.0,Zaid,Sugarcane,2621.75,4403.41,11544.64
Maharashtra,Maha_District_20,2020.0,Rabi,Groundnut,,,50457.57
Gujarat,Guja_District_07,2013.0,Kharif,Cotton,38022.35,1077.32,40962.24
Maharashtra,Maha_District_01,2013.0,Rabi,Barley,39063.83,4723.3,
Uttar Pradesh,Utta_District_15,2015.0,Rabi,Mustard,36445.91,2485.5,90586.31
Karnataka,Karn_District_09,2018.0,Kharif,Groundnut,43846.24,2873.56,125994.8
Odisha,Odis_District_03,2015.0,Kharif,Maize,37264.07,4192.28,156221.42
Tamil Nadu,Tami_District_07,2023.0,Kharif,Sugarcane,37492.71,1795.35,67312.54
Assam,Assa_District_14,2022.0,Rabi,Groundnut,5980.41,1572.52,9404.31
Rajasthan,Raja_District_11,2015.0,Rabi,Soybean,25193.46,2773.75,69880.36
Rajasthan,Raja_District_09,2021.0,Kharif,Maize,29173.95,2277.96,66457.09
Odisha,Odis_District_05,2020.0,Zaid,Mustard,39365.88,4609.19,181444.82
Rajasthan,Raja_District_12,2018.0,Rabi,Groundnut,12411.58,3814.35,47342.11
Uttar Pradesh,Utta_District_16,2015.0,Rabi,Soybean,33930.8,2853.91,96835.45
Telangana,Tela_District_07,2016.0,Rabi,Jowar,9507.66,4078.55,38777.47
Assam,Assa_District_06,,Zaid,Groundnut,48035.25,3748.26,180048.61
Telangana,Tela_District_14,2010.0,Kharif,Cotton,45901.21,4928.83,226239.26
Assam,Assa_District_03,2015.0,Zaid,Wheat,17667.33,3372.01,
Haryana,Hary_District_11,2017.0,Zaid,Jowar,23749.24,4939.83,117317.21
Bihar,Biha_District_06,2020.0,Kharif,Soybean,4781.01,2355.69,11262.58
Maharashtra,Maha_District_04,2018.0,Kharif,Sugarcane,43789.4,1778.23,77867.62
Punjab,Punj_District_03,2014.0,Zaid,Soybean,39410.86,2222.52,87591.42
Andhra Pradesh,Andh_District_13,2013.0,Kharif,Jowar,49000.93,4475.88,219322.28
Rajasthan,Raja_District_08,2011.0,,Soybean,15135.89,,60026.97
Gujarat,Guja_District_06,2022.0,Kharif,Jowar,16909.14,3228.63,54593.36
Karnataka,Karn_District_03,2017.0,Zaid,Mustard,32958.19,4233.18,139517.95
Punjab,Punj_District_09,2022.0,Kharif,,1320.1,1490.71,1967.89
Assam,Assa_District_05,2020.0,Rabi,Cotton,35624.7,3035.85,108151.25
Odisha,Odis_District_16,2017.0,Kharif,Rice,24830.69,748.44,18584.28
Rajasthan,Raja_District_06,2023.0,Kharif,Sugarcane,17478.97,4392.95,76784.24
West Bengal,West_District_20,2014.0,Rabi,Jowar,1641.55,2283.96,3749.23
West Bengal,West_District_05,2014.0,Kharif,Cotton,47262.9,728.96,
Andhra Pradesh,Andh_District_19,2022.0,Rabi,Wheat,37510.32,1659.26,62239.37
Madhya Pradesh,Madh_District_06,2010.0,Rabi,Maize,43343.78,3857.31,167190.4
Andhra Pradesh,Andh_District_06,2010.0,Zaid,Jowar,44296.69,1471.66,65189.67
Punjab,,2010.0,Rabi,Mustard,26611.51,4006.71,106624.6
Bihar,Biha_District_15,2019.0,Kharif,Sugarcane,12360.42,1538.36,19014.78
Rajasthan,Raja_District_10,2013.0,Kharif,Maize,1456.39,4813.32,7010.07
Tamil Nadu,Tami_District_12,2021.0,Kharif,Jowar,35529.84,3360.02,119380.97
West Bengal,West_District_11,2013.0,Rabi,Sugarcane,37225.34,2892.26,107665.36
Madhya Pradesh,Madh_District_01,2019.0,Kharif,Mustard,23859.08,2522.9,60194.07
Andhra Pradesh,Andh_District_17,2022.0,Kharif,Rice,,1406.91,45102.61
Assam,Assa_District_11,2013.0,Kharif,Barley,44414.13,4152.89,184447.0
Tamil Nadu,Tami_District_20,2010.0,Kharif,Soybean,17543.22,3103.74,54449.59
Madhya Pradesh,Madh_District_10,,Rabi,Rice,7137.26,4875.56,34798.14
Rajasthan,Raja_District_13,2018.0,Kharif,Sugarcane,45154.35,4648.54,209901.8
Punjab,Punj_District_05,2020.0,Kharif,Maize,16674.94,1261.11,21028.93
Tamil Nadu,Tami_District_04,,,Barley,10667.43,905.01,9654.13
Telangana,Tela_District_08,2013.0,Kharif,Barley,6093.52,820.87,5001.99
Bihar,Biha_District_13,2020.0,Zaid,Groundnut,,833.26,41239.85
Maharashtra,Maha_District_12,2012.0,Rabi,Cotton,6713.85,4222.65,28350.24
Madhya Pradesh,Madh_District_07,2020.0,Rabi,Rice,29053.99,3984.88,115776.66
Maharashtra,Maha_District_10,2019.0,Zaid,Sugarcane,31582.51,4469.79,141167.19
Uttar Pradesh,,2018.0,Zaid,Groundnut,31959.53,2849.56,91070.6
Punjab,Punj_District_15,2018.0,Zaid,Rice,35666.21,2513.27,89638.82
Gujarat,Guja_District_07,2022.0,Rabi,Wheat,17368.58,2604.44,45235.42
Andhra Pradesh,Andh_District_03,2021.0,Rabi,Groundnut,8568.73,4084.57,34999.58
Karnataka,Karn_District_16,2020.0,Kharif,Soybean,13109.12,1190.89,15611.52
Telangana,Tela_District_04,2011.0,Zaid,Mustard,12392.98,4289.32,53157.46
Uttar Pradesh,,2017.0,Kharif,Sugarcane,16577.04,3587.22,59465.49
Odisha,Odis_District_07,2019.0,Rabi,Barley,42834.84,849.85,36403.19
Odisha,Odis_District_06,2017.0,Kharif,Wheat,38274.72,1884.49,72128.33
Bihar,Biha_District_14,2015.0,Zaid,Soybean,10909.46,3600.06,39274.71
Madhya Pradesh,Madh_District_11,2021.0,Rabi,Jowar,45498.85,1827.59,83153.24
Rajasthan,Raja_District_07,2021.0,Zaid,Groundnut,28484.81,1804.25,51393.72
Telangana,Tela_District_19,2023.0,,Wheat,27758.85,,91559.24
Karnataka,Karn_District_01,2022.0,Rabi,Rice,30555.74,3305.96,101016.05
Gujarat,Guja_District_19,,,Barley,6840.48,3620.93,24768.9
Uttar Pradesh,Utta_District_14,2014.0,,Rice,33770.04,3571.65,120614.76
Karnataka,Karn_District_09,2022.0,Kharif,Barley,3796.12,2510.77,9531.18
West Bengal,West_District_17,2019.0,Kharif,Sugarcane,20510.85,890.2,18258.76
Punjab,Punj_District_17,2012.0,Zaid,Groundnut,11196.16,2484.33,27814.96
Telangana,Tela_District_08,2019.0,Rabi,Sugarcane,37171.02,1566.78,58238.81
Haryana,Hary_District_15,2013.0,Rabi,Rice,41504.52,2956.09,122691.1
Tamil Nadu,Tami_District_16,2017.0,Zaid,Wheat,38045.04,2626.5,99925.3
Haryana,Hary_District_16,2018.0,Kharif,Groundnut,25009.79,3288.74,82250.7
Telangana,Tela_District_08,2017.0,Kharif,Sugarcane,46405.73,2713.16,125906.17
Gujarat,Guja_District_09,2020.0,Kharif,Groundnut,26480.01,3208.99,84974.09
Andhra Pradesh,Andh_District_11,2015.0,Kharif,Rice,36902.01,823.33,30382.53
Bihar,Biha_District_17,,,Maize,25832.8,2667.16,68900.21
Tamil Nadu,,2012.0,Kharif,Mustard,46092.08,2720.78,125406.41
Bihar,Biha_District_12,2020.0,Kharif,,23469.19,4829.9,113353.84
Andhra Pradesh,Andh_District_05,2012.0,Zaid,Sugarcane,22583.77,1313.98,29674.62
Bihar,Biha_District_03,2018.0,Rabi,Groundnut,10924.11,928.34,10141.29
Gujarat,Guja_District_04,2020.0,Zaid,Sugarcane,,2443.76,313.66
Punjab,Punj_District_17,2010.0,Zaid,Maize,38485.2,3800.6,146266.85
Uttar Pradesh,Utta_District_17,2021.0,Zaid,Wheat,1704.24,,5223.36
Andhra Pradesh,Andh_District_05,2016.0,Rabi,Jowar,7798.73,4734.84,36925.74
Madhya Pradesh,,2018.0,Zaid,Sugarcane,8451.51,3319.88,28058.0
Andhra Pradesh,Andh_District_19,2021.0,Rabi,Maize,16379.29,3387.03,55477.15
Andhra Pradesh,Andh_District_12,2022.0,Rabi,Groundnut,20671.7,3918.39,80999.78
Maharashtra,Maha_District_12,2021.0,Kharif,Soybean,11610.89,4576.06,53132.13
,Biha_District_17,2012.0,Rabi,Rice,25060.46,3902.42,97796.44
Assam,Assa_District_01,2018.0,Kharif,Barley,42501.54,4994.73,212283.72
Haryana,Hary_District_12,,Kharif,Barley,11274.89,1791.02,20193.55
West Bengal,West_District_12,2010.0,Zaid,Sugarcane,12596.61,1682.92,21199.09
Haryana,,2014.0,Rabi,Maize,29163.99,4970.85,144969.82
Uttar Pradesh,Utta_District_11,2016.0,Rabi,Rice,49514.88,2870.48,142131.47
Bihar,Biha_District_20,2021.0,Zaid,Cotton,31987.46,4369.87,139781.04
Haryana,Hary_District_15,2016.0,Kharif,,46653.38,1417.37,66125.1
Madhya Pradesh,Madh_District_16,2015.0,Zaid,Rice,26474.23,4247.77,112456.44
Assam,Assa_District_13,2023.0,Rabi,Soybean,15229.78,2479.14,37756.76
Tamil Nadu,Tami_District_13,2019.0,Zaid,Jowar,49282.49,,243096.23
Maharashtra,Maha_District_03,2023.0,Rabi,Barley,45314.73,4093.02,185474.1
Tamil Nadu,Tami_District_17,2016.0,Kharif,Barley,13529.61,1943.83,26299.26
Assam,Assa_District_02,2011.0,Zaid,Jowar,27409.41,3023.5,
Telangana,Tela_District_01,2014.0,Kharif,Maize,25324.59,3365.02,85217.75
Tamil Nadu,Tami_District_06,2016.0,Zaid,Maize,20475.32,,79265.7
Tamil Nadu,Tami_District_13,2013.0,Rabi,Wheat,16744.14,1988.05,33288.19
Karnataka,Karn_District_16,2020.0,Zaid,Cotton,6448.58,1349.2,8700.42
Madhya Pradesh,Madh_District_06,2021.0,Kharif,Maize,42540.99,2508.27,106704.29
Tamil Nadu,Tami_District_07,2016.0,Kharif,Rice,11470.6,3917.03,44930.68
Telangana,Tela_District_09,2021.0,Rabi,Soybean,27743.66,595.2,16513.03
Gujarat,Guja_District_06,2019.0,Kharif,Jowar,15886.44,1296.51,20596.93
Haryana,Hary_District_10,2023.0,Kharif,Mustard,32828.06,1737.64,57043.35
Tamil Nadu,Tami_District_20,2023.0,Zaid,Soybean,3340.84,747.21,2496.31
Andhra Pradesh,Andh_District_18,2021.0,Kharif,Mustard,29128.19,597.76,
Tamil Nadu,Tami_District_06,2020.0,Rabi,Groundnut,42454.73,1199.29,50915.53
Telangana,Tela_District_14,2010.0,Rabi,Wheat,,2501.1,75952.55
Karnataka,Karn_District_10,2015.0,Zaid,Rice,22198.29,823.09,18271.19
Rajasthan,Raja_District_04,2023.0,Rabi,Sugarcane,40157.34,4518.74,181460.58
Karnataka,Karn_District_13,2017.0,Zaid,Maize,649.73,1303.72,847.07
Uttar Pradesh,Utta_District_05,2017.0,Rabi,Sugarcane,45204.82,2972.72,134381.27
Odisha,Odis_District_11,2010.0,Rabi,Rice,7586.97,1412.56,10717.05
Karnataka,Karn_District_02,2016.0,Rabi,Sugarcane,33033.31,3761.68,124260.74
West Bengal,West_District_07,2013.0,Kharif,Cotton,30011.4,4789.17,143729.7
Bihar,Biha_District_13,2018.0,Zaid,Cotton,24753.77,1851.22,45824.67
Rajasthan,Raja_District_16,2021.0,Kharif,Barley,23913.92,2118.5,50661.64
Uttar Pradesh,Utta_District_09,2013.0,Kharif,Wheat,11298.35,706.83,7986.01
Andhra Pradesh,Andh_District_20,2015.0,Kharif,Rice,17675.4,3701.34,65422.67
Gujarat,Guja_District_06,2015.0,Rabi,Jowar,,2476.3,2525.95
Telangana,Tela_District_04,2011.0,Zaid,Barley,32236.07,3246.82,104664.72
Bihar,Biha_District_13,2014.0,Zaid,Rice,38854.76,4147.34,161143.9
West Bengal,West_District_03,2021.0,Rabi,Barley,35614.12,962.59,34281.8
Assam,Assa_District_16,2012.0,,Maize,23803.62,3215.33,76536.49
Karnataka,Karn_District_15,2012.0,Rabi,Cotton,12353.75,691.48,8542.37
Andhra Pradesh,Andh_District_18,2021.0,Zaid,Soybean,11257.16,2547.02,28672.21
Haryana,Hary_District_17,2014.0,,Maize,20755.12,1295.0,26877.88
West Bengal,West_District_10,2013.0,Rabi,,41238.34,4665.59,192401.19
Maharashtra,Maha_District_17,2014.0,Kharif,Wheat,10147.28,4683.08,47520.52
Odisha,Odis_District_14,2018.0,Zaid,,991.26,4662.33,4621.58
Bihar,Biha_District_02,2020.0,Rabi,Cotton,47601.25,554.23,26382.04
West Bengal,West_District_14,2011.0,Kharif,Wheat,38174.66,4865.91,185754.46
West Bengal,West_District_07,2019.0,Zaid,Groundnut,45304.52,4868.2,220551.46
Karnataka,Karn_District_14,2012.0,Rabi,Wheat,27561.14,851.7,23473.82
Haryana,Hary_District_17,2021.0,Kharif,Sugarcane,42504.48,,138659.39
Madhya Pradesh,Madh_District_20,2022.0,Zaid,Groundnut,30775.36,2377.64,73172.73
Haryana,Hary_District_14,2020.0,Kharif,Barley,28634.91,1191.11,34107.33
West Bengal,West_District_16,2011.0,Rabi,Barley,37014.52,837.58,31002.62
Uttar Pradesh,Utta_District_08,2012.0,Zaid,Groundnut,36516.06,4320.4,157763.99
Rajasthan,,2018.0,Zaid,Cotton,23676.19,2794.24,66156.96
Odisha,Odis_District_04,2022.0,Zaid,Wheat,15679.49,,76242.46
Odisha,Odis_District_13,2016.0,Kharif,Soybean,36682.91,2160.45,79251.59
Gujarat,Guja_District_11,2019.0,Zaid,Mustard,8822.89,1488.11,13129.43
Odisha,Odis_District_20,2020.0,Kharif,Groundnut,23249.72,4741.56,110239.94
Andhra Pradesh,Andh_District_18,2014.0,Kharif,Jowar,36733.9,1468.6,53947.41
Telangana,Tela_District_02,2013.0,Zaid,Groundnut,42992.1,2201.9,94664.3
Punjab,Punj_District_02,2020.0,Rabi,Rice,42600.94,1587.65,67635.38
Haryana,Hary_District_13,,Rabi,Cotton,30971.16,4670.02,144635.94
Madhya Pradesh,Madh_District_13,2013.0,Kharif,Mustard,12968.91,3618.17,46923.72
Tamil Nadu,Tami_District_12,2011.0,Kharif,Soybean,49366.9,1177.69,58138.9
Andhra Pradesh,Andh_District_10,2015.0,Rabi,Groundnut,4511.27,3533.88,15942.29
Madhya Pradesh,Madh_District_03,2018.0,Zaid,Jowar,17052.82,820.6,13993.54
West Bengal,West_District_02,2014.0,Rabi,Rice,23817.75,3891.97,92697.97
Haryana,Hary_District_17,2021.0,Rabi,Maize,14327.61,2007.71,28765.69
West Bengal,West_District_12,2014.0,Rabi,Mustard,42300.4,2840.32,120146.67
West Bengal,West_District_16,2015.0,Kharif,Soybean,42152.33,2508.75,105749.66
West Bengal,West_District_11,2018.0,Rabi,Maize,47653.46,3428.58,163383.7
Bihar,Biha_District_09,2012.0,Kharif,Barley,5883.35,4482.92,26374.59
Maharashtra,Maha_District_05,2012.0,Kharif,Sugarcane,24514.33,1137.38,27882.11
Punjab,Punj_District_13,2023.0,Kharif,Cotton,7719.24,3593.9,27742.18
Punjab,Punj_District_17,2018.0,Kharif,Rice,2463.89,1789.67,4409.55
Madhya Pradesh,Madh_District_04,2018.0,Rabi,Groundnut,7075.4,2484.85,17581.31
Tamil Nadu,Tami_District_11,2019.0,Rabi,Mustard,20776.25,2848.44,59179.9
West Bengal,West_District_02,2020.0,Kharif,Wheat,14053.85,644.2,9053.49
Karnataka,,2016.0,Kharif,Barley,30757.87,2181.73,67105.37
Rajasthan,Raja_District_16,2013.0,Kharif,Wheat,32601.62,989.0,32243.0
Karnataka,Karn_District_18,2014.0,Zaid,Soybean,787.49,1617.32,1273.62
Andhra Pradesh,Andh_District_17,2017.0,Kharif,Soybean,22881.71,2273.32,52017.45
Maharashtra,,,Rabi,Soybean,40534.1,2200.27,89185.96
Haryana,Hary_District_03,2020.0,Kharif,Soybean,26569.01,3170.82,84245.55
Assam,Assa_District_19,2017.0,Rabi,Sugarcane,1189.39,2818.1,3351.82
Haryana,Hary_District_13,2013.0,Kharif,Sugarcane,17307.08,2395.76,41463.61
Haryana,Hary_District_15,2015.0,Zaid,Groundnut,5104.34,4022.69,20533.18
Punjab,Punj_District_16,2023.0,Rabi,Cotton,47125.97,600.21,28285.48
Haryana,Hary_District_03,2015.0,Zaid,Rice,30108.5,3937.3,118546.2
Telangana,Tela_District_07,2011.0,Rabi,Groundnut,14311.9,4044.0,
Tamil Nadu,Tami_District_03,2015.0,Kharif,Wheat,31654.52,4681.23,148182.09
Andhra Pradesh,Andh_District_15,2018.0,Rabi,Soybean,49052.14,690.56,33873.45
Tamil Nadu,Tami_District_12,2023.0,Zaid,Cotton,22302.39,2961.45,66047.41
Telangana,Tela_District_08,2017.0,Kharif,Cotton,7422.49,2013.29,14943.62
Karnataka,Karn_District_10,2018.0,Rabi,Wheat,,573.04,28298.78
Telangana,Tela_District_17,2014.0,Kharif,Rice,22680.15,4291.95,97342.07
Rajasthan,Raja_District_01,2015.0,Kharif,Cotton,16262.67,2659.09,43243.9
Maharashtra,Maha_District_05,2023.0,Kharif,Wheat,48904.48,2636.95,128958.67
Tamil Nadu,Tami_District_08,2022.0,Rabi,Cotton,6632.97,732.75,4860.31
Assam,Assa_District_14,2018.0,Zaid,Groundnut,47276.29,1696.14,
Assam,Assa_District_03,2018.0,Rabi,Mustard,25252.79,908.16,22933.57
Odisha,Odis_District_07,2023.0,Rabi,Soybean,21240.39,4685.47,99521.21
Gujarat,Guja_District_01,2015.0,Kharif,Sugarcane,25170.41,4870.11,122582.67
Gujarat,Guja_District_03,2021.0,Kharif,Jowar,13015.9,2770.45,36059.9
Telangana,Tela_District_10,2013.0,Zaid,Rice,,2517.14,108213.33
Madhya Pradesh,Madh_District_05,2021.0,,Rice,14046.42,4349.64,61096.87
Maharashtra,Maha_District_15,2010.0,Rabi,Sugarcane,19555.48,2888.25,56481.12
Bihar,Biha_District_14,2023.0,Kharif,Sugarcane,48828.7,1339.17,65389.93
Bihar,Biha_District_03,2019.0,Zaid,Cotton,15139.89,639.81,9686.65
Odisha,Odis_District_06,2011.0,Zaid,Jowar,19652.7,1400.83,27530.09
Rajasthan,Raja_District_17,2023.0,Rabi,Barley,34033.74,1315.95,44786.7
West Bengal,West_District_05,2017.0,Rabi,Sugarcane,33773.16,1685.64,56929.39
,,2017.0,Kharif,Mustard,17825.37,2069.87,36896.2
Uttar Pradesh,Utta_District_16,2021.0,Zaid,Groundnut,35865.91,2599.29,93225.9
Gujarat,Guja_District_02,2015.0,Zaid,Mustard,18128.82,4336.8,78621.07
Andhra Pradesh,Andh_District_20,2021.0,Zaid,Groundnut,28640.34,1462.24,41879.05
Madhya Pradesh,Madh_District_04,2015.0,Kharif,Barley,45014.55,2041.93,91916.56
Bihar,Biha_District_09,2017.0,Zaid,Cotton,2045.07,2725.7,5574.25
Assam,Assa_District_17,2023.0,Zaid,Soybean,6284.51,1573.1,9886.16
Assam,Assa_District_07,2010.0,Kharif,Mustard,37380.83,1088.38,40684.55
Haryana,Hary_District_13,2018.0,Kharif,Groundnut,40366.52,4716.08,190371.74
Odisha,Odis_District_10,2021.0,Kharif,Barley,30365.95,3696.62,112251.38
Rajasthan,Raja_District_14,2012.0,,Cotton,35707.97,4967.64,177384.34
Haryana,Hary_District_10,,Zaid,Groundnut,17142.76,1232.85,21134.45
,Hary_District_07,,Zaid,Jowar,26006.45,2899.62,75408.82
Uttar Pradesh,Utta_District_07,2014.0,Zaid,Sugarcane,8977.83,3258.99,29258.66
Madhya Pradesh,Madh_District_09,2015.0,Rabi,Wheat,804.82,4674.51,3762.14
Maharashtra,Maha_District_02,2022.0,Zaid,Groundnut,13302.26,678.02,9019.2
Bihar,Biha_District_06,2015.0,Zaid,Soybean,5501.65,1581.12,8698.77
Assam,Assa_District_15,2012.0,Kharif,Jowar,,647.64,8916.66
Assam,Assa_District_08,2014.0,Rabi,Soybean,14039.81,1368.24,19209.83
Haryana,Hary_District_14,2023.0,Rabi,Jowar,18993.18,2233.25,42416.52
Assam,Assa_District_15,2016.0,Rabi,Sugarcane,17016.49,1975.66,33618.8
Maharashtra,Maha_District_01,2016.0,Rabi,Mustard,4577.59,613.42,2807.99
Rajasthan,Raja_District_09,2016.0,Rabi,Groundnut,10185.5,3904.92,39773.56
,Assa_District_03,2011.0,Kharif,Barley,49541.41,4678.37,231773.05
West Bengal,West_District_20,2014.0,Zaid,Wheat,25260.55,2893.21,73084.08
Karnataka,Karn_District_11,2019.0,,Groundnut,15797.62,3982.73,62917.66
Haryana,Hary_District_10,2015.0,Rabi,Soybean,38261.36,4299.23,164494.39
Maharashtra,Maha_District_18,2014.0,Kharif,Rice,44785.68,2454.57,109929.59
Uttar Pradesh,Utta_District_06,2021.0,Zaid,Barley,38367.09,4128.79,158409.66
Madhya Pradesh,Madh_District_03,2021.0,Rabi,Barley,15492.14,4681.59,72527.85
Rajasthan,Raja_District_12,2012.0,Rabi,Jowar,4807.64,4974.21,
Punjab,Punj_District_04,2019.0,Zaid,Maize,38527.53,919.72,35434.54
Madhya Pradesh,Madh_District_14,2012.0,Zaid,Rice,32845.86,653.81,21474.95
Karnataka,Karn_District_20,2013.0,Kharif,Sugarcane,38532.33,4096.5,
Gujarat,Guja_District_20,2010.0,Zaid,,30160.27,4355.87,131374.22
Andhra Pradesh,Andh_District_08,2011.0,Rabi,Sugarcane,4984.38,1741.66,8681.1
Andhra Pradesh,Andh_District_02,2018.0,Kharif,Wheat,20767.46,691.06,14351.56
Andhra Pradesh,Andh_District_08,2022.0,Kharif,,22465.98,1693.46,38045.24
,West_District_15,2014.0,Kharif,Jowar,19697.48,2412.96,47529.23
Karnataka,Karn_District_19,2015.0,Zaid,Barley,43982.65,1716.53,75497.54
Karnataka,Karn_District_15,2023.0,Zaid,Barley,44697.78,2416.87,108028.72
Gujarat,Guja_District_03,2019.0,Zaid,Mustard,16457.61,2761.3,45444.4
Odisha,Odis_District_04,2020.0,,Rice,20945.39,1658.18,34731.23
Maharashtra,Maha_District_17,2013.0,Kharif,Cotton,25183.7,1183.11,29795.09
Uttar Pradesh,Utta_District_06,2014.0,Zaid,Maize,17661.3,3046.06,53797.38
Assam,Assa_District_17,2016.0,Zaid,Groundnut,20729.07,4207.61,87219.84
Bihar,Biha_District_10,2018.0,Zaid,Wheat,12910.42,4863.97,62795.9
Bihar,Biha_District_01,2011.0,Rabi,Mustard,39257.63,4854.17,190563.21
Madhya Pradesh,Madh_District_18,2018.0,Rabi,Sugarcane,41923.01,1139.47,47770.01
Maharashtra,Maha_District_06,2017.0,Zaid,Jowar,26370.36,1264.9,33355.87
Maharashtra,Maha_District_05,2018.0,Rabi,Groundnut,40929.54,3128.73,128057.48
Odisha,Odis_District_04,2017.0,Zaid,Sugarcane,13246.12,4683.2,62034.23
Punjab,Punj_District_10,2023.0,Kharif,Barley,5847.78,3037.38,17761.93
,Punj_District_06,2017.0,Kharif,Mustard,36079.92,764.82,27594.64
Gujarat,Guja_District_20,2014.0,Zaid,Soybean,29933.02,4171.56,124867.39
Maharashtra,Maha_District_15,2017.0,Rabi,Wheat,3469.61,2805.09,9732.57
Rajasthan,Raja_District_13,2022.0,Kharif,Barley,13002.0,3483.16,45288.05
Uttar Pradesh,Utta_District_04,2018.0,Rabi,Soybean,6022.0,4716.73,28404.15
Tamil Nadu,Tami_District_01,2011.0,Zaid,Wheat,44746.96,1336.88,59821.32
Andhra Pradesh,Andh_District_02,2013.0,Zaid,Sugarcane,16230.97,3144.36,51036.01
Madhya Pradesh,Madh_District_04,2011.0,,Soybean,35931.31,2491.95,89539.03
Assam,Assa_District_19,,Kharif,Wheat,7898.94,968.68,7651.55
Uttar Pradesh,Utta_District_08,2021.0,Zaid,Maize,49988.29,2549.08,127424.15
Gujarat,Guja_District_18,2016.0,Rabi,Soybean,43639.33,2670.69,116547.12
Maharashtra,Maha_District_20,2011.0,Rabi,Maize,46125.65,894.92,41278.77
Madhya Pradesh,Madh_District_13,2020.0,Kharif,Mustard,5789.56,4683.34,27114.48
Rajasthan,Raja_District_10,2022.0,Rabi,Groundnut,47379.9,1916.23,90790.79
Tamil Nadu,Tami_District_02,2016.0,Rabi,Soybean,,2536.03,45198.98
Maharashtra,Maha_District_03,2018.0,Rabi,Barley,20866.47,1355.2,28278.24
West Bengal,West_District_06,2016.0,Kharif,Barley,44928.93,1639.88,73678.05
Haryana,Hary_District_18,2010.0,Kharif,Jowar,35293.09,802.2,28312.12
Uttar Pradesh,Utta_District_07,2011.0,Rabi,Rice,2033.69,3441.79,6999.53
Uttar Pradesh,Utta_District_20,2022.0,Zaid,Mustard,17016.89,3449.57,58700.95
Haryana,Hary_District_03,2011.0,Zaid,Maize,4791.66,4774.33,22876.97
Haryana,Hary_District_04,2013.0,Kharif,Wheat,37450.87,4443.2,166401.71
West Bengal,West_District_01,2016.0,Kharif,Groundnut,6909.88,1940.72,13410.14
Uttar Pradesh,Utta_District_05,2015.0,Rabi,Rice,18480.37,2917.28,53912.41
Gujarat,Guja_District_17,2022.0,Kharif,Cotton,14913.74,772.84,11525.93
Gujarat,Guja_District_13,2019.0,Rabi,Rice,18507.03,1645.47,30452.76
Maharashtra,Maha_District_20,2022.0,Rabi,Cotton,19357.47,1386.32,26835.65
Karnataka,Karn_District_01,2010.0,Kharif,Groundnut,13168.63,3321.29,43736.84
Bihar,Biha_District_20,2020.0,,Groundnut,19468.88,2054.23,39993.56
West Bengal,West_District_04,2020.0,Rabi,Cotton,26741.89,3973.37,106255.42
West Bengal,West_District_11,2021.0,Rabi,Wheat,19005.51,3143.84,59750.28
Haryana,Hary_District_05,2019.0,Zaid,Wheat,48313.51,2848.91,137640.84
Tamil Nadu,Tami_District_01,2022.0,Kharif,Groundnut,45498.9,,185250.14
Maharashtra,Maha_District_04,2016.0,Kharif,Maize,3030.06,2430.94,7365.89
Bihar,Biha_District_15,2010.0,Kharif,Rice,34946.09,4940.2,172640.67
Assam,Assa_District_14,2022.0,Rabi,Maize,22972.98,917.53,21078.4
Karnataka,Karn_District_18,2021.0,Rabi,Jowar,28144.26,1069.54,30101.41
Odisha,Odis_District_20,2023.0,Rabi,Cotton,37600.83,2784.55,104701.39
Telangana,Tela_District_17,2017.0,Kharif,Wheat,36199.23,,159715.71
Uttar Pradesh,Utta_District_18,2010.0,,Soybean,31484.51,3255.98,102512.93
Odisha,Odis_District_16,2014.0,Kharif,Barley,37753.06,4291.05,162000.27
Telangana,Tela_District_19,2020.0,Rabi,Cotton,43465.78,663.94,
Bihar,Biha_District_07,2017.0,Rabi,Wheat,27853.9,1473.21,41034.64
Telangana,Tela_District_03,2020.0,Rabi,Maize,43031.26,,147071.81
Assam,Assa_District_14,,Rabi,Cotton,21069.1,1346.47,28368.91
Uttar Pradesh,Utta_District_12,2018.0,Rabi,Groundnut,,3667.0,62402.37
Odisha,Odis_District_14,,Zaid,Mustard,10297.54,921.12,9485.27
Gujarat,,2014.0,Rabi,,44412.64,3938.95,174939.17
Rajasthan,Raja_District_20,2010.0,Zaid,Groundnut,10069.77,1815.4,
Punjab,Punj_District_13,2017.0,Zaid,Soybean,48606.3,3686.83,179203.17
Odisha,Odis_District_05,2016.0,Kharif,Jowar,30565.05,1884.33,57594.64
Telangana,Tela_District_17,2013.0,Rabi,Groundnut,15026.34,677.86,10185.75
Madhya Pradesh,Madh_District_18,2016.0,Zaid,Barley,36451.25,694.29,25307.74
Karnataka,Karn_District_19,2023.0,Zaid,Jowar,342.38,3782.73,1295.13
Andhra Pradesh,,2015.0,Zaid,Groundnut,47448.8,3904.26,185252.45
West Bengal,West_District_07,2023.0,Kharif,Groundnut,23634.85,2687.2,63511.57
Maharashtra,Maha_District_09,2017.0,Zaid,Wheat,21863.21,1960.9,42871.57
Bihar,Biha_District_11,2010.0,Rabi,Maize,26133.54,2440.18,63770.54
Gujarat,Guja_District_16,2022.0,Zaid,Cotton,29948.58,4541.54,136012.67
West Bengal,West_District_11,2022.0,Rabi,Maize,49750.97,854.34,42504.24
Madhya Pradesh,Madh_District_18,2019.0,Kharif,,,1313.18,25338.74
Tamil Nadu,Tami_District_02,2011.0,Kharif,Mustard,17670.81,1793.63,31694.89
Punjab,Punj_District_14,2013.0,Kharif,,8809.4,3938.34,
Odisha,Odis_District_06,2013.0,Rabi,Jowar,24864.81,4636.61,115288.43
Haryana,Hary_District_10,2016.0,Zaid,,1726.36,801.4,1383.5
Odisha,Odis_District_17,2021.0,Zaid,Jowar,20223.35,861.25,17417.36
Karnataka,Karn_District_15,2013.0,Kharif,Rice,13210.21,4937.13,65220.52
Maharashtra,Maha_District_01,2017.0,Kharif,Cotton,10527.08,1391.53,14648.75
Telangana,Tela_District_12,2018.0,Zaid,Sugarcane,28724.67,2740.99,78734.03
Odisha,,2018.0,Zaid,Wheat,29063.87,2195.31,63804.2
Bihar,Biha_District_19,2020.0,Zaid,Barley,41355.44,1123.61,46467.39
West Bengal,West_District_04,2019.0,Kharif,Wheat,21476.79,3603.93,77400.85
Odisha,Odis_District_19,2022.0,Kharif,Barley,43425.0,2163.07,93931.31
Bihar,Biha_District_16,2023.0,Zaid,Rice,28430.51,811.13,23060.84
Madhya Pradesh,Madh_District_13,2022.0,Rabi,Sugarcane,8598.92,811.12,6974.76
West Bengal,West_District_06,2016.0,Rabi,Soybean,36421.26,1796.27,65422.42
Assam,Assa_District_01,2017.0,,Jowar,36214.89,798.79,28928.09
Maharashtra,Maha_District_13,2021.0,Zaid,Mustard,43141.14,4259.89,183776.51
Karnataka,Karn_District_05,2019.0,Rabi,Rice,4537.54,606.9,2753.83
Maharashtra,Maha_District_11,2010.0,Rabi,Wheat,2908.81,,
Karnataka,Karn_District_17,2015.0,Zaid,,11811.7,2967.23,35048.03
Telangana,Tela_District_13,2011.0,Zaid,Cotton,21369.59,4079.86,87184.94
Gujarat,Guja_District_05,2023.0,Kharif,Mustard,24496.03,2752.97,67436.84
Rajasthan,Raja_District_08,2011.0,Rabi,Wheat,49455.69,1175.58,58139.12
Haryana,Hary_District_08,2020.0,Rabi,Rice,41552.13,732.87,30452.31
Assam,Assa_District_07,2018.0,Zaid,Maize,23934.67,4488.51,
Gujarat,Guja_District_16,2016.0,Kharif,Groundnut,33294.18,3583.47,119308.7
Telangana,Tela_District_20,2015.0,,Barley,13239.53,2383.59,31557.61
Odisha,Odis_District_16,2018.0,Kharif,Maize,18392.4,2846.49,52353.78
Tamil Nadu,Tami_District_09,2013.0,Zaid,Cotton,23165.17,1971.04,45659.48
Karnataka,Karn_District_11,2017.0,Kharif,Rice,15343.48,1628.84,24992.07
Telangana,Tela_District_04,2014.0,Zaid,Jowar,18315.86,1174.74,21516.37
Uttar Pradesh,Utta_District_19,2019.0,Kharif,Cotton,43618.0,,139993.72
Rajasthan,Raja_District_17,2023.0,Rabi,Barley,6775.94,3622.37,24544.96
Tamil Nadu,Tami_District_12,2014.0,Rabi,Soybean,42398.56,1568.91,66519.52
Rajasthan,Raja_District_03,2013.0,Zaid,Sugarcane,7614.97,538.78,4102.79
Maharashtra,Maha_District_01,2017.0,Rabi,Mustard,2457.79,3930.13,9659.43
Karnataka,Karn_District_13,2023.0,Rabi,Cotton,49360.6,701.96,34649.17
Haryana,Hary_District_17,2013.0,Rabi,Maize,37428.74,823.38,30818.08
Madhya Pradesh,Madh_District_13,2016.0,Rabi,Sugarcane,29647.43,3902.34,115694.35
Telangana,Tela_District_11,2018.0,Kharif,Jowar,18024.3,549.21,9899.13
Andhra Pradesh,Andh_District_11,2023.0,Kharif,Jowar,29799.95,4960.6,147825.63
Uttar Pradesh,Utta_District_14,2022.0,Kharif,Rice,12955.11,1352.71,17524.51
Tamil Nadu,Tami_District_11,2011.0,Kharif,Rice,6283.9,2998.65,18843.22
Bihar,Biha_District_11,2019.0,Rabi,Wheat,29862.61,4065.22,121398.08
West Bengal,West_District_17,2023.0,Zaid,Soybean,37678.36,4516.44,170172.05
Assam,Assa_District_20,2019.0,Kharif,Barley,40308.06,1612.7,65004.81
Gujarat,Guja_District_12,2011.0,,Mustard,27838.28,1838.35,51176.5
West Bengal,West_District_06,2016.0,,Mustard,16556.29,4693.75,77711.09
Tamil Nadu,Tami_District_07,2023.0,Kharif,Groundnut,34126.61,4885.66,166731.01
West Bengal,West_District_16,2013.0,Kharif,Jowar,20903.94,2918.47,61007.52
Assam,Assa_District_18,2010.0,Zaid,Barley,24407.06,982.79,23987.01
,Odis_District_17,2010.0,Rabi,Sugarcane,11911.43,2874.36,34237.74
Telangana,Tela_District_15,2010.0,Zaid,Mustard,3461.98,,16242.16
Maharashtra,Maha_District_16,2011.0,Zaid,Rice,6279.8,1390.91,8734.64
Punjab,Punj_District_06,2010.0,Zaid,Barley,38289.53,936.21,35847.04
Andhra Pradesh,Andh_District_10,2013.0,Zaid,Cotton,45023.88,3765.65,169544.17
Telangana,Tela_District_06,2012.0,Zaid,Mustard,3524.18,3613.31,12733.95
Andhra Pradesh,Andh_District_17,2020.0,Rabi,Sugarcane,31618.26,3908.07,123566.37
Telangana,Tela_District_15,2016.0,Rabi,,41427.07,3732.58,154629.85
Andhra Pradesh,Andh_District_20,2011.0,Zaid,Sugarcane,29350.2,1951.08,57264.59
,Maha_District_20,2011.0,Rabi,Maize,34893.96,4806.37,167713.28
Maharashtra,Maha_District_05,2021.0,Kharif,Sugarcane,29417.34,3489.55,102653.28
Gujarat,Guja_District_01,2022.0,Zaid,Groundnut,21912.69,3902.54,85515.15
Haryana,Hary_District_06,2014.0,Rabi,Cotton,49883.6,1221.75,60945.29
Karnataka,Karn_District_20,2022.0,Kharif,Wheat,10200.02,2927.47,29860.25
Telangana,Tela_District_15,2014.0,Rabi,Soybean,24120.63,3072.06,74100.02
West Bengal,West_District_09,2022.0,Rabi,Cotton,2548.79,2319.24,5911.26
Assam,Assa_District_16,2010.0,Kharif,Mustard,29190.62,3133.36,91464.72
Haryana,Hary_District_03,2013.0,Kharif,Soybean,32900.96,3740.97,123081.5
Gujarat,Guja_District_10,2010.0,Kharif,Soybean,32113.21,4056.09,130254.07
Assam,Assa_District_04,2010.0,Rabi,Wheat,31275.56,2918.78,91286.48
Haryana,Hary_District_05,2019.0,Rabi,,30349.2,955.37,28994.72
West Bengal,,2010.0,Kharif,Rice,13730.51,2873.3,39451.87
Karnataka,Karn_District_09,2020.0,Rabi,Wheat,43662.06,3555.73,155250.5
Karnataka,Karn_District_11,2015.0,Kharif,Maize,4611.36,3165.24,
Andhra Pradesh,Andh_District_17,2021.0,Kharif,,11164.73,3803.07,42460.25
Rajasthan,Raja_District_12,2021.0,Kharif,Cotton,41389.3,3170.55,131226.85
Telangana,Tela_District_15,2013.0,Zaid,,29608.99,2023.66,59918.53
,Hary_District_13,2022.0,Kharif,Cotton,22367.88,4388.49,98161.22
Telangana,Tela_District_08,2010.0,Zaid,Wheat,36193.68,2838.89,102749.88
Gujarat,Guja_District_07,2022.0,Zaid,Mustard,18474.8,726.71,13425.82
Madhya Pradesh,Madh_District_19,2016.0,Kharif,Groundnut,7236.07,1368.61,9903.36
Bihar,Biha_District_04,,Zaid,Wheat,,4748.65,88950.95
Uttar Pradesh,Utta_District_15,2020.0,Rabi,Cotton,25307.15,1556.78,39397.66
Maharashtra,Maha_District_18,2014.0,Kharif,Sugarcane,5376.93,2022.37,10874.14
Tamil Nadu,Tami_District_12,,Zaid,Jowar,40804.96,2225.04,90792.67
Haryana,Hary_District_03,2022.0,Zaid,Mustard,38648.04,4112.17,158927.31
Uttar Pradesh,Utta_District_18,2017.0,Kharif,Maize,5629.96,,18235.27
Andhra Pradesh,Andh_District_16,2018.0,Zaid,Wheat,,2309.62,110766.81
Assam,Assa_District_19,2011.0,Zaid,Mustard,2642.11,4654.86,12298.65
Punjab,Punj_District_17,2019.0,Zaid,Rice,,2849.64,125939.7
Punjab,Punj_District_09,2015.0,Zaid,Maize,27657.43,1452.83,40181.54
Rajasthan,Raja_District_18,2016.0,Rabi,Jowar,40990.59,,112465.88
Telangana,Tela_District_05,2023.0,Zaid,Mustard,1790.5,3573.57,6398.48
Bihar,Biha_District_14,2013.0,Rabi,Wheat,47529.76,4231.18,
Karnataka,Karn_District_16,2016.0,Zaid,Groundnut,13932.19,739.96,10309.26
Tamil Nadu,Tami_District_19,2011.0,Zaid,Groundnut,47023.54,4716.78,221799.69
Bihar,Biha_District_20,2010.0,Kharif,Mustard,26667.52,3390.43,90414.36
Madhya Pradesh,Madh_District_15,2016.0,Zaid,Mustard,23183.74,2388.94,55384.56
Tamil Nadu,Tami_District_15,2020.0,Rabi,Groundnut,6060.48,935.39,5668.91
Karnataka,Karn_District_13,2023.0,Rabi,Barley,11713.33,4264.88,49955.95
Gujarat,Guja_District_02,2018.0,Rabi,Barley,7377.03,1520.14,11214.12
Rajasthan,Raja_District_12,2013.0,Zaid,Sugarcane,27475.84,1468.09,40337.01
Telangana,Tela_District_08,2017.0,Zaid,Cotton,8244.01,3034.92,25019.91
Haryana,Hary_District_11,2018.0,Zaid,Rice,18467.85,3317.72,61271.16
Rajasthan,Raja_District_13,2022.0,Kharif,Sugarcane,45619.05,1179.47,53806.3
Gujarat,Guja_District_18,2023.0,Kharif,Mustard,45680.34,4561.2,208357.17
Haryana,Hary_District_07,2012.0,Kharif,Mustard,41471.47,3340.79,138547.47
Andhra Pradesh,Andh_District_14,2015.0,Rabi,Jowar,31045.32,3376.46,104823.28
Madhya Pradesh,Madh_District_07,2015.0,Rabi,Rice,34555.73,574.17,19840.86
Odisha,Odis_District_08,2015.0,Kharif,Wheat,47908.82,3135.22,150204.69
Karnataka,Karn_District_14,2023.0,Zaid,Maize,39095.15,2197.77,85922.15
Assam,Assa_District_04,2013.0,Zaid,Maize,718.62,2793.81,2007.69
Punjab,Punj_District_04,2011.0,Zaid,Wheat,25408.79,2466.45,
Bihar,Biha_District_08,2021.0,Zaid,,17051.88,1624.22,27696.0
Telangana,Tela_District_13,2014.0,Rabi,Rice,26424.49,2188.75,57836.6
Madhya Pradesh,Madh_District_20,2022.0,Zaid,Barley,48499.6,1278.17,61990.73
Assam,Assa_District_19,2017.0,Rabi,Rice,16051.31,1822.82,29258.65
Karnataka,Karn_District_14,2019.0,Kharif,Barley,27211.13,2746.76,74742.44
Gujarat,Guja_District_13,2017.0,Rabi,Maize,32222.65,4775.01,153863.48
Bihar,Biha_District_08,2016.0,Kharif,Jowar,14332.53,3617.47,51847.5
Andhra Pradesh,Andh_District_03,2013.0,Kharif,Maize,1349.51,1680.75,2268.19
Gujarat,Guja_District_16,2011.0,Zaid,Wheat,23239.61,639.48,14861.27
Odisha,Odis_District_03,2016.0,Kharif,Wheat,,3552.4,109846.28
Andhra Pradesh,Andh_District_10,2011.0,Rabi,Wheat,37361.91,2824.59,105532.08
Odisha,Odis_District_07,2013.0,Kharif,Barley,30236.84,2282.29,
Madhya Pradesh,Madh_District_05,2010.0,Rabi,Maize,2158.53,949.78,2050.13
Maharashtra,Maha_District_14,2021.0,Kharif,Sugarcane,32784.3,4980.0,163265.81
Karnataka,Karn_District_04,2021.0,Rabi,Soybean,888.58,3009.13,2673.85
Telangana,Tela_District_14,2011.0,Zaid,Cotton,37575.34,4220.49,158586.35
Telangana,Tela_District_07,2013.0,Rabi,Soybean,27305.72,3289.62,89825.44
Bihar,Biha_District_10,2015.0,Zaid,Sugarcane,34866.57,4365.35,152204.78
Madhya Pradesh,Madh_District_03,2023.0,Kharif,Maize,6202.25,4667.82,28950.99
West Bengal,West_District_13,2017.0,Rabi,Maize,1398.27,,5960.69
Uttar Pradesh,Utta_District_09,2019.0,Zaid,Soybean,3929.35,1375.83,5406.12
Punjab,Punj_District_04,,Zaid,Barley,294.32,2503.66,736.88
Andhra Pradesh,Andh_District_17,2011.0,Zaid,Maize,16784.53,1246.97,20929.81
Bihar,Biha_District_07,2016.0,Kharif,Mustard,22609.4,2310.67,52242.86
Rajasthan,Raja_District_19,2012.0,Rabi,Sugarcane,38406.29,4519.09,173561.48
Tamil Nadu,Tami_District_14,2018.0,Rabi,,32663.11,1059.85,34618.0
Rajasthan,Raja_District_02,2014.0,Rabi,Rice,14840.0,4609.93,68411.36
Haryana,Hary_District_19,2013.0,Zaid,Cotton,4527.85,2330.85,10553.74
Madhya Pradesh,Madh_District_02,2014.0,Rabi,Jowar,47130.98,4777.99,225191.35
Odisha,Odis_District_03,2020.0,Zaid,Maize,20619.04,3503.29,72234.48
Madhya Pradesh,Madh_District_08,2020.0,Rabi,Mustard,22891.61,3890.57,89061.41
Bihar,Biha_District_01,2012.0,Zaid,Barley,1675.91,1148.71,1925.13
Rajasthan,Raja_District_08,2010.0,Rabi,Barley,30748.52,1546.49,47552.28
Rajasthan,Raja_District_16,2020.0,Kharif,Groundnut,33336.01,2080.5,69355.57
Madhya Pradesh,Madh_District_07,2021.0,Zaid,,44343.61,,185652.06
Assam,Assa_District_19,2021.0,Rabi,Jowar,24692.61,3978.03,98227.94
Haryana,Hary_District_11,2017.0,Kharif,Soybean,13629.78,2724.17,
Gujarat,Guja_District_04,2014.0,Kharif,Wheat,9954.35,4373.99,43540.23
Andhra Pradesh,Andh_District_09,2018.0,Zaid,Sugarcane,41171.07,4559.67,187726.49
Punjab,Punj_District_13,2013.0,Kharif,Maize,43886.1,4818.18,211451.13
Andhra Pradesh,Andh_District_05,2013.0,Zaid,Mustard,11493.98,4693.21,53943.66
Odisha,Odis_District_07,2023.0,Kharif,Soybean,28603.54,2401.23,68683.68
Uttar Pradesh,Utta_District_08,2010.0,Zaid,Rice,28062.66,2041.71,57295.81
Uttar Pradesh,Utta_District_20,2014.0,Zaid,Soybean,14498.8,1585.91,22993.79
Telangana,Tela_District_02,2016.0,Zaid,Soybean,4213.16,2734.54,11521.05
Andhra Pradesh,Andh_District_20,,Kharif,Mustard,44399.31,3335.68,148101.89
West Bengal,West_District_15,2013.0,,Sugarcane,26096.68,2428.67,63380.22
Assam,Assa_District_11,2014.0,Rabi,Groundnut,23273.64,1441.75,33554.77
Haryana,Hary_District_18,2012.0,Kharif,Rice,41164.5,1392.72,57330.62
Uttar Pradesh,Utta_District_02,2017.0,Zaid,Barley,35859.48,3919.93,140566.65
Assam,Assa_District_06,2023.0,,,28785.97,,126173.8
Assam,Assa_District_09,2014.0,Rabi,Cotton,14623.41,4467.28,65326.87
Uttar Pradesh,Utta_District_13,2020.0,Zaid,Mustard,36497.58,4094.37,149434.6
Gujarat,Guja_District_18,2010.0,Kharif,Soybean,33262.53,4308.54,143312.94
Maharashtra,Maha_District_07,2018.0,Rabi,Barley,49655.63,2390.73,118713.2
Uttar Pradesh,Utta_District_18,2016.0,Kharif,Soybean,40714.39,3850.61,156775.24
Madhya Pradesh,Madh_District_11,2017.0,Rabi,Mustard,22698.22,,106029.51
Gujarat,Guja_District_16,2010.0,Zaid,Soybean,19781.85,3044.6,60227.82
Odisha,,2017.0,Kharif,Barley,5386.52,1515.99,8165.91
Odisha,Odis_District_13,2015.0,Rabi,Sugarcane,42050.74,2284.49,96064.5
,Raja_District_08,2016.0,Zaid,Maize,19764.8,1606.91,31760.25
Punjab,Punj_District_12,2016.0,Rabi,Soybean,24631.36,4126.18,101633.43
Rajasthan,Raja_District_08,2021.0,Zaid,Groundnut,44768.69,815.51,36509.31
Telangana,Tela_District_07,2019.0,Zaid,Sugarcane,28783.55,2602.73,74915.81
Maharashtra,Maha_District_14,2016.0,Kharif,Maize,30752.66,2512.74,77273.44
Maharashtra,Maha_District_12,2010.0,Kharif,Soybean,19992.38,2623.46,52449.21
Karnataka,Karn_District_11,2016.0,Kharif,Sugarcane,29141.76,2754.42,
Punjab,Punj_District_09,2010.0,Zaid,Soybean,23660.01,4180.26,98904.99
Andhra Pradesh,Andh_District_08,2014.0,Kharif,Cotton,37307.83,2036.2,75966.2
West Bengal,West_District_12,2018.0,Zaid,Groundnut,40048.8,4341.43,173869.06
Maharashtra,Maha_District_04,2013.0,Kharif,Sugarcane,7759.26,3122.07,24224.95
West Bengal,West_District_07,2022.0,,Jowar,14337.07,3826.28,54857.64
Karnataka,Karn_District_16,2014.0,Zaid,Wheat,12015.39,3521.32,42310.03
Uttar Pradesh,Utta_District_03,2017.0,Zaid,Soybean,12830.72,2800.15,35927.94
,Madh_District_15,2020.0,Zaid,Barley,47437.46,2215.88,105115.72
West Bengal,West_District_11,2013.0,Kharif,Rice,43799.35,4941.25,216423.54
Bihar,Biha_District_09,2017.0,Zaid,Sugarcane,43755.06,1246.4,54536.31
Maharashtra,Maha_District_13,2010.0,Rabi,Mustard,,644.67,26432.08
Maharashtra,Maha_District_04,2014.0,Rabi,Soybean,19725.76,4418.3,87154.33
Karnataka,Karn_District_15,2018.0,Zaid,Mustard,34468.74,2897.33,99867.31
Tamil Nadu,Tami_District_15,2015.0,Rabi,Barley,19454.41,4155.34,80839.69
Uttar Pradesh,Utta_District_09,2023.0,Kharif,Maize,35506.96,2607.82,92595.76
Andhra Pradesh,Andh_District_12,2012.0,Rabi,Groundnut,44634.97,1534.77,68504.41
Gujarat,Guja_District_05,2012.0,Zaid,,8602.54,3392.62,29185.15
,Tela_District_10,2020.0,Zaid,Groundnut,48602.52,1612.65,78378.85
Rajasthan,Raja_District_13,2019.0,Rabi,Soybean,12558.55,1127.74,14162.78
Andhra Pradesh,Andh_District_08,2015.0,Zaid,Sugarcane,43042.12,1518.79,65371.94
Karnataka,Karn_District_19,2022.0,Zaid,Rice,25208.61,4958.93,125007.73
,,2021.0,Zaid,Wheat,705.83,3004.19,2120.45
Haryana,Hary_District_05,2014.0,Zaid,Wheat,25663.22,4133.51,106079.18
Madhya Pradesh,Madh_District_15,2014.0,Zaid,Cotton,17828.55,2346.54,41835.41
Madhya Pradesh,Madh_District_20,2021.0,Zaid,Soybean,8480.11,3833.67,32509.94
Uttar Pradesh,Utta_District_18,2016.0,Rabi,Wheat,39256.97,1114.98,43770.74
Maharashtra,Maha_District_10,2015.0,Rabi,Jowar,19733.51,4518.07,89157.38
West Bengal,West_District_02,2022.0,Kharif,Mustard,235.09,1844.42,433.6
Maharashtra,Maha_District_01,2015.0,Rabi,Groundnut,27796.61,2003.42,55688.28
Tamil Nadu,Tami_District_09,2015.0,Rabi,Wheat,13675.05,2570.17,35147.2
Gujarat,Guja_District_05,2016.0,Kharif,Groundnut,9158.0,2883.31,26405.35
Andhra Pradesh,Andh_District_12,2013.0,Zaid,Jowar,35364.13,3088.83,109233.79
Punjab,Punj_District_04,2022.0,Rabi,Soybean,4746.16,4299.84,20407.73
Punjab,Punj_District_20,2018.0,Rabi,Groundnut,8831.39,3941.65,34810.25
,Madh_District_14,2011.0,Rabi,Jowar,18092.2,4022.43,72774.61
Tamil Nadu,Tami_District_12,2016.0,Zaid,,10393.02,1339.98,13926.44
Uttar Pradesh,Utta_District_20,2022.0,Kharif,Groundnut,24901.59,648.21,16141.46
,Madh_District_05,2013.0,Kharif,Jowar,11342.34,3758.06,42625.19
West Bengal,West_District_18,2022.0,Rabi,Groundnut,41885.44,863.53,36169.33
Gujarat,Guja_District_08,2016.0,Rabi,Soybean,,4088.83,180381.52
Punjab,Punj_District_04,2016.0,Zaid,Rice,43497.25,3642.93,158457.44
Madhya Pradesh,,2018.0,Kharif,Cotton,33740.24,2862.92,96595.61
Telangana,Tela_District_11,2020.0,Zaid,Cotton,32674.08,4635.99,151476.71
West Bengal,West_District_15,2020.0,Zaid,Jowar,5116.05,1920.94,9827.63
Andhra Pradesh,,2011.0,Rabi,Groundnut,3715.5,4751.62,17654.64
West Bengal,West_District_20,2012.0,Zaid,Soybean,,3539.05,78987.17
Andhra Pradesh,Andh_District_11,2011.0,Rabi,Rice,42071.89,4959.5,208655.54
Assam,,2010.0,Zaid,Rice,8172.94,4097.81,33491.16
Andhra Pradesh,Andh_District_06,2016.0,,Cotton,44382.4,719.94,31952.67
Tamil Nadu,Tami_District_12,2022.0,Rabi,Wheat,37729.12,2096.26,79090.05
Tamil Nadu,Tami_District_01,2012.0,Zaid,Sugarcane,32464.98,2813.22,91331.13
Madhya Pradesh,Madh_District_08,2016.0,Kharif,Wheat,13061.14,1108.5,14478.27
Assam,Assa_District_18,2014.0,Kharif,Barley,5935.67,964.95,5727.62
,Tami_District_17,2013.0,Rabi,Rice,31925.72,2081.35,66448.6
,Tela_District_13,2023.0,Kharif,Wheat,10910.01,3613.48,39423.1
Andhra Pradesh,Andh_District_16,2016.0,Kharif,Jowar,34373.79,2926.26,100586.65
Tamil Nadu,Tami_District_16,2023.0,Kharif,Barley,46754.4,2234.36,104466.16
Haryana,Hary_District_05,2021.0,Kharif,,41809.56,838.13,35041.85
,Guja_District_05,2012.0,Rabi,Barley,37017.57,4948.01,183163.31
Rajasthan,Raja_District_17,2013.0,Rabi,Mustard,42345.25,3108.49,131629.79
Gujarat,Guja_District_20,2022.0,Zaid,Jowar,31375.63,2089.8,65568.79
Haryana,Hary_District_10,2014.0,Zaid,Jowar,34006.31,3966.78,134895.55
Bihar,Biha_District_07,2019.0,Zaid,Mustard,49911.6,2716.08,135563.9
Telangana,Tela_District_06,2011.0,Kharif,Rice,3159.07,3181.36,10050.14
Tamil Nadu,Tami_District_13,2022.0,,Groundnut,6039.31,1601.44,9671.59
Bihar,Biha_District_01,2013.0,Rabi,Cotton,16506.12,3789.63,62552.09
Telangana,Tela_District_20,2021.0,Zaid,Sugarcane,9272.03,1245.89,11551.93
Uttar Pradesh,Utta_District_19,2020.0,,Groundnut,2343.72,4429.58,10381.7
Karnataka,Karn_District_17,2018.0,Zaid,,34705.92,679.76,
,Biha_District_05,2013.0,Rabi,Sugarcane,1511.79,3014.03,4556.58
West Bengal,,2010.0,Kharif,Sugarcane,14198.47,3185.27,45225.96
Odisha,Odis_District_04,2020.0,Rabi,Soybean,21786.75,4654.91,101415.36
Gujarat,Guja_District_06,2020.0,Rabi,Rice,14461.67,,51427.87
Maharashtra,Maha_District_10,2018.0,Kharif,Sugarcane,2797.31,4801.37,13430.92
Assam,Assa_District_11,2012.0,,Wheat,49039.8,3825.84,187618.43
Bihar,Biha_District_16,2018.0,,Rice,23314.1,1489.97,34737.31
Andhra Pradesh,Andh_District_05,2015.0,Rabi,Barley,40644.57,3813.59,155001.73
Telangana,Tela_District_18,2023.0,Kharif,Sugarcane,11175.51,2530.47,28279.29
Maharashtra,Maha_District_12,2014.0,Rabi,Jowar,23193.67,4218.85,97850.61
Uttar Pradesh,Utta_District_03,2013.0,Zaid,Sugarcane,34223.85,3394.25,116164.3
Madhya Pradesh,Madh_District_05,2011.0,Rabi,Sugarcane,32526.39,,55851.71
Andhra Pradesh,Andh_District_10,2016.0,Rabi,Mustard,18648.39,705.48,13156.07
Tamil Nadu,Tami_District_18,2013.0,Rabi,Rice,,2448.49,96393.04
Gujarat,Guja_District_07,2023.0,Kharif,Groundnut,21968.09,1604.1,35239.01
Telangana,Tela_District_16,2018.0,Kharif,Cotton,10550.42,3145.2,33183.18
,Hary_District_11,2019.0,Rabi,Maize,11704.4,788.94,9234.07
Tamil Nadu,,2011.0,Zaid,Jowar,38398.62,2194.11,
Maharashtra,Maha_District_14,,Rabi,Groundnut,19073.76,2440.93,46557.71
Uttar Pradesh,Utta_District_02,2022.0,Kharif,Maize,40770.74,1943.77,79248.94
Bihar,Biha_District_10,2014.0,Rabi,Sugarcane,37926.01,4727.95,179312.28
Haryana,Hary_District_08,2019.0,Zaid,Wheat,33077.32,2442.56,80793.34
Rajasthan,,2020.0,Rabi,Maize,37414.71,2560.54,95801.86
Madhya Pradesh,,2018.0,Zaid,Wheat,,2863.77,59508.91
Punjab,Punj_District_16,2011.0,Zaid,Wheat,15954.34,969.13,15461.83
West Bengal,,2010.0,,,20801.12,1057.36,
Telangana,Tela_District_03,2016.0,,Rice,20581.03,3006.2,61870.69
Bihar,Biha_District_04,2013.0,Zaid,Groundnut,46542.49,663.0,30857.67
Telangana,Tela_District_08,2021.0,Rabi,Mustard,,2559.81,79637.66
Tamil Nadu,Tami_District_18,,Zaid,Wheat,1111.03,1622.97,1803.17
Haryana,Hary_District_01,2021.0,Zaid,Groundnut,6012.41,1475.57,8871.73
Telangana,Tela_District_16,2023.0,Kharif,Rice,13801.06,2305.88,31823.59
Assam,Assa_District_08,2015.0,Rabi,Rice,26499.07,504.45,13367.46
West Bengal,West_District_20,2015.0,Kharif,Rice,8177.28,921.05,7531.68
Rajasthan,Raja_District_16,2011.0,Rabi,Rice,27528.7,1980.84,54529.95
Uttar Pradesh,Utta_District_13,,Rabi,Soybean,27465.05,,41148.14
Bihar,Biha_District_04,2022.0,Rabi,Soybean,1309.04,4736.15,6199.81
Telangana,Tela_District_14,2021.0,Rabi,Soybean,5504.58,1070.86,5894.63
Bihar,Biha_District_12,2014.0,Zaid,Wheat,7412.69,4915.74,36438.86
Madhya Pradesh,Madh_District_08,2011.0,Kharif,Soybean,30921.25,3246.3,100379.65
Haryana,Hary_District_17,2017.0,Zaid,Mustard,49336.24,897.97,44302.46
Telangana,Tela_District_12,2014.0,Zaid,Barley,48727.59,1418.06,69098.65
Madhya Pradesh,Madh_District_05,2019.0,Rabi,Mustard,,2390.38,74558.99
Andhra Pradesh,Andh_District_01,2012.0,Rabi,Maize,19259.2,4690.59,90337.01
Bihar,Biha_District_05,2016.0,Zaid,Mustard,7546.46,4986.81,37632.76
Karnataka,Karn_District_06,2015.0,Rabi,Barley,19018.34,3419.49,65033.02
Odisha,Odis_District_04,,Rabi,Barley,48398.55,759.2,36744.18
Punjab,Punj_District_07,2011.0,Kharif,Mustard,46150.93,3055.15,140998.01
Maharashtra,Maha_District_08,2016.0,Zaid,,35249.4,1171.33,41288.68
Uttar Pradesh,Utta_District_06,2023.0,Kharif,Cotton,,3530.81,94329.23
Andhra Pradesh,Andh_District_04,2011.0,Kharif,Soybean,22866.74,1197.43,27381.32
Rajasthan,Raja_District_05,2023.0,Zaid,Cotton,12281.54,4344.77,53360.47
Uttar Pradesh,Utta_District_13,2013.0,Kharif,Sugarcane,1820.1,3689.88,6715.95
Uttar Pradesh,Utta_District_17,2014.0,Kharif,Jowar,49969.56,533.67,
Madhya Pradesh,Madh_District_06,2017.0,Rabi,Jowar,8136.18,3533.65,28750.41
Rajasthan,Raja_District_04,2022.0,Zaid,Mustard,3093.54,3154.05,9757.18
Haryana,Hary_District_12,2021.0,Kharif,Jowar,34231.61,3146.66,107715.24
Tamil Nadu,Tami_District_18,2022.0,Kharif,Barley,18322.72,3637.77,66653.84
Gujarat,Guja_District_05,2022.0,Zaid,Rice,29755.29,1434.37,42680.1
Uttar Pradesh,Utta_District_10,2011.0,Zaid,Rice,28200.46,4468.58,126016.01
Punjab,Punj_District_11,2016.0,Rabi,Sugarcane,33374.98,2623.06,87544.58
Uttar Pradesh,Utta_District_15,2018.0,Kharif,Barley,16147.05,886.49,14314.2
Madhya Pradesh,Madh_District_13,2013.0,Kharif,Jowar,12306.89,550.34,6772.97
Uttar Pradesh,Utta_District_17,2013.0,Zaid,Sugarcane,49332.63,1501.17,74056.66
Punjab,Punj_District_14,2023.0,Kharif,Cotton,40762.31,1258.9,51315.67
Andhra Pradesh,Andh_District_16,2020.0,Rabi,Mustard,14251.7,2382.25,33951.11
Uttar Pradesh,Utta_District_03,2016.0,Zaid,Sugarcane,16287.84,4092.58,66659.29
Karnataka,Karn_District_20,2010.0,Kharif,Jowar,47888.9,4438.83,212570.69
Maharashtra,Maha_District_03,2019.0,Zaid,Sugarcane,7763.54,3995.1,31016.12
Andhra Pradesh,Andh_District_20,,Kharif,Mustard,7482.55,4610.21,
Assam,Assa_District_20,2010.0,Rabi,Soybean,25942.14,2013.71,52239.95
Assam,Assa_District_14,2019.0,Kharif,Soybean,7935.57,553.14,4389.48
Telangana,Tela_District_04,2011.0,,Maize,,4613.09,57537.0
West Bengal,West_District_10,2015.0,Zaid,Jowar,39883.38,4864.07,193995.55
Assam,Assa_District_01,2011.0,Kharif,Soybean,5128.0,3164.8,16229.09
Madhya Pradesh,Madh_District_20,2014.0,Kharif,Jowar,12931.81,2943.24,38061.42
Haryana,Hary_District_17,2021.0,Rabi,Barley,16090.7,1775.59,28570.49
Andhra Pradesh,Andh_District_11,2011.0,Zaid,Maize,28734.88,1324.93,38071.7
Maharashtra,Maha_District_07,2018.0,Kharif,Mustard,23509.76,3428.66,80606.97
Odisha,Odis_District_12,2015.0,Rabi,Barley,6496.29,4687.67,30452.46
Madhya Pradesh,Madh_District_07,2018.0,Rabi,Sugarcane,25335.66,4187.88,106102.7
Karnataka,Karn_District_10,2019.0,Rabi,Sugarcane,,3695.0,120936.91
Madhya Pradesh,Madh_District_10,2020.0,Zaid,Jowar,35834.93,4437.95,159033.63
Karnataka,Karn_District_02,2022.0,Kharif,Barley,30718.91,1751.98,53818.92
Rajasthan,Raja_District_10,2013.0,Rabi,Barley,5065.53,3228.13,16352.19
Uttar Pradesh,Utta_District_05,2010.0,Zaid,Maize,3411.0,1585.82,
Telangana,Tela_District_20,2021.0,Kharif,Wheat,3129.29,2969.99,9293.96
Punjab,Punj_District_01,2015.0,Zaid,Soybean,8100.87,3246.83,26302.15
West Bengal,West_District_19,2011.0,Zaid,Barley,39564.17,4198.46,166108.59
Assam,Assa_District_19,2018.0,Kharif,Wheat,15546.22,2970.3,46176.94
Odisha,Odis_District_20,2021.0,,Sugarcane,28194.24,,74094.18
Madhya Pradesh,Madh_District_15,2012.0,Kharif,Groundnut,32790.18,1445.39,47394.6
Rajasthan,Raja_District_10,2019.0,Zaid,Jowar,48964.24,941.36,46092.98
Assam,Assa_District_05,2016.0,Rabi,Jowar,41478.13,,131627.94
Maharashtra,Maha_District_03,2011.0,Zaid,Cotton,12318.25,3855.54,47493.51
Rajasthan,Raja_District_11,2018.0,Zaid,Cotton,4315.6,3984.88,17197.15
Haryana,Hary_District_05,2018.0,Rabi,Soybean,29540.26,998.38,29492.4
Rajasthan,Raja_District_12,2016.0,Kharif,Jowar,4067.33,3878.76,15776.2
Assam,Assa_District_06,2018.0,Kharif,Maize,14717.5,4501.86,66256.12
Telangana,Tela_District_03,2018.0,Zaid,Groundnut,38127.44,3641.86,138854.8
Madhya Pradesh,Madh_District_09,2022.0,Zaid,Barley,14002.44,3690.25,51672.5
Andhra Pradesh,Andh_District_20,2019.0,Kharif,Wheat,47412.57,912.02,43241.21
,Hary_District_08,2022.0,Kharif,Sugarcane,16375.52,1556.03,25480.8
Rajasthan,Raja_District_10,2014.0,Zaid,Maize,19723.18,3840.5,75746.87
Uttar Pradesh,Utta_District_01,2014.0,Rabi,Sugarcane,23764.7,3068.29,72916.99
Punjab,Punj_District_11,2019.0,Zaid,Rice,15776.33,1135.8,17918.76
Assam,Assa_District_12,2021.0,Zaid,Sugarcane,13419.99,4368.56,58626.03
Gujarat,Guja_District_08,2018.0,Zaid,Soybean,30160.61,2200.95,66381.99
West Bengal,West_District_09,2017.0,Rabi,Soybean,39516.31,790.06,31220.26
Assam,Assa_District_10,2011.0,Zaid,Rice,12769.17,1535.46,
Gujarat,Guja_District_19,2020.0,Rabi,Rice,49269.69,3677.44,181186.33
Maharashtra,Maha_District_14,2017.0,Kharif,Rice,30927.52,522.43,16157.46
Rajasthan,Raja_District_07,2011.0,Zaid,Mustard,9297.07,3359.94,31237.6
Uttar Pradesh,Utta_District_11,,Rabi,Wheat,19047.99,4659.26,88749.54
Tamil Nadu,Tami_District_09,2011.0,Rabi,Sugarcane,38259.74,2513.23,96155.53
Odisha,Odis_District_17,2015.0,Kharif,Sugarcane,37500.8,4889.32,183353.41
Rajasthan,Raja_District_19,2018.0,Zaid,Rice,23102.94,3391.37,78350.62
Madhya Pradesh,Madh_District_13,2021.0,Rabi,Wheat,45941.36,1619.04,74380.9
Madhya Pradesh,Madh_District_14,2017.0,Zaid,Barley,44339.24,938.95,41632.33
Gujarat,Guja_District_05,2012.0,Kharif,Maize,32457.56,4022.77,130569.3
Uttar Pradesh,Utta_District_08,,,Wheat,30768.85,2729.91,83996.19
Andhra Pradesh,Andh_District_13,2018.0,Rabi,Barley,30905.62,1182.49,36545.59
Uttar Pradesh,Utta_District_09,2011.0,Kharif,Groundnut,10856.98,1714.55,18614.84
Punjab,Punj_District_20,2015.0,Zaid,Cotton,29929.19,2488.55,74480.29
Gujarat,Guja_District_14,2011.0,Kharif,Cotton,12299.34,4472.64,55010.52
Punjab,Punj_District_07,2023.0,Zaid,Rice,18758.7,2507.14,47030.69
Rajasthan,Raja_District_12,2011.0,Rabi,Sugarcane,20544.08,1318.74,27092.3
Assam,Assa_District_15,2010.0,Rabi,Maize,36608.19,2518.06,92181.62
Assam,Assa_District_19,2012.0,Zaid,Sugarcane,911.23,4838.06,4408.59
Telangana,Tela_District_14,2013.0,Zaid,Barley,40806.6,3756.02,153270.41
Telangana,Tela_District_10,2014.0,Kharif,Jowar,43467.68,4580.63,199109.36
Uttar Pradesh,Utta_District_05,2022.0,Rabi,Cotton,,3249.31,55045.72
Bihar,Biha_District_10,2023.0,Kharif,Groundnut,,1702.85,51902.03
Telangana,Tela_District_15,2015.0,Zaid,Jowar,11175.42,1012.58,11316.01
Gujarat,Guja_District_01,2013.0,Zaid,Jowar,,4014.14,132465.74
West Bengal,West_District_01,2014.0,Zaid,Rice,38071.55,1923.24,73220.73
Karnataka,Karn_District_19,2011.0,Rabi,Rice,10342.47,2541.26,26282.91
Tamil Nadu,Tami_District_20,2019.0,Zaid,Soybean,27385.99,4635.89,126958.44
Madhya Pradesh,Madh_District_04,2018.0,Zaid,Rice,43753.68,4622.26,202240.88
Andhra Pradesh,Andh_District_09,,Kharif,Wheat,42528.09,4840.62,205862.32
Bihar,Biha_District_03,2010.0,Kharif,Soybean,23328.45,713.63,16647.88
West Bengal,West_District_09,2022.0,Zaid,Maize,4269.75,2256.24,9633.58
Andhra Pradesh,Andh_District_14,2019.0,Rabi,Cotton,12958.59,1264.73,16389.12
Punjab,Punj_District_12,2013.0,Rabi,Wheat,47664.87,1379.39,65748.45
Uttar Pradesh,Utta_District_11,2014.0,Kharif,Sugarcane,47973.03,3923.77,188235.14
Gujarat,Guja_District_12,2019.0,Zaid,Jowar,32083.19,3542.09,113641.55
Madhya Pradesh,Madh_District_01,2011.0,Zaid,Barley,16640.57,3408.92,56726.37
Punjab,Punj_District_08,2015.0,Kharif,,9415.94,,44440.13
West Bengal,West_District_19,2018.0,Zaid,Maize,15159.49,1648.34,24987.99
Haryana,Hary_District_02,2020.0,Rabi,Soybean,35587.02,3454.02,122918.28
Gujarat,Guja_District_14,2020.0,Kharif,Wheat,22619.82,3346.01,75686.14
Assam,Assa_District_16,2012.0,Zaid,Maize,8058.7,3529.98,28447.05
Punjab,Punj_District_03,2011.0,Kharif,Groundnut,13603.47,1727.76,23503.53
Tamil Nadu,Tami_District_14,2017.0,Rabi,Rice,8192.78,,16350.33
Karnataka,Karn_District_01,2010.0,Zaid,Groundnut,16629.43,2543.81,
Assam,Assa_District_19,2022.0,Kharif,Rice,9601.93,1368.53,13140.53
Punjab,,2017.0,Kharif,Rice,27132.75,1079.95,29302.01
Punjab,Punj_District_08,2013.0,Kharif,Soybean,34475.96,4747.76,163683.58
Gujarat,Guja_District_07,2016.0,Rabi,,21397.1,4554.97,97463.15
Telangana,Tela_District_02,2013.0,Rabi,Barley,5006.0,693.31,
Punjab,Punj_District_12,2017.0,Rabi,Cotton,36096.31,3924.6,141663.58
Madhya Pradesh,Madh_District_20,2017.0,,Soybean,42168.61,755.68,31865.98
Gujarat,Guja_District_14,2020.0,Kharif,Sugarcane,38867.66,,85291.97
Punjab,Punj_District_01,2021.0,Rabi,Barley,15236.55,1278.61,19481.61
Odisha,Odis_District_20,2015.0,Rabi,Jowar,49801.19,786.49,39168.14
Assam,Assa_District_07,2011.0,Kharif,Groundnut,41367.7,3377.72,139728.51
Haryana,Hary_District_03,2014.0,Kharif,Mustard,36780.51,,136188.3
,Karn_District_16,2011.0,Kharif,Barley,42935.88,1327.06,56978.49
Bihar,Biha_District_02,2011.0,Zaid,Barley,141.15,3193.38,450.75
Bihar,Biha_District_04,2022.0,Rabi,Rice,17757.55,1057.04,18770.44
Telangana,Tela_District_12,2015.0,Rabi,,9388.32,1992.87,18709.7
Gujarat,Guja_District_07,2010.0,Zaid,Maize,3604.65,756.11,2725.51
Maharashtra,,2016.0,Rabi,Soybean,45809.71,1904.46,87242.76
Andhra Pradesh,Andh_District_18,2021.0,,Soybean,49113.31,4839.65,237691.23
Punjab,Punj_District_03,2020.0,Kharif,Sugarcane,7214.31,3717.16,26816.74
Assam,,2017.0,Rabi,Mustard,30080.16,3607.91,108526.51
Uttar Pradesh,Utta_District_04,2018.0,Zaid,Groundnut,4899.93,1348.52,6607.65
Madhya Pradesh,Madh_District_12,2014.0,Kharif,Soybean,3924.27,3218.6,12630.66
Haryana,Hary_District_08,2010.0,Zaid,Barley,49330.89,3523.93,173838.6
Assam,Assa_District_08,2021.0,Rabi,Soybean,35567.0,4930.63,175367.72
Rajasthan,,2011.0,Rabi,Groundnut,33932.78,680.82,23102.12
Madhya Pradesh,Madh_District_13,2016.0,Rabi,Mustard,43363.58,2141.05,92843.59
Karnataka,Karn_District_07,2010.0,Zaid,Groundnut,317.74,2782.55,884.13
Punjab,Punj_District_20,2016.0,Kharif,Maize,46857.05,1657.99,77688.52
West Bengal,West_District_01,2014.0,Rabi,Rice,24626.51,1282.0,31571.19
West Bengal,West_District_02,2010.0,Rabi,Cotton,2978.86,862.45,2569.12
Karnataka,Karn_District_17,2011.0,Zaid,Maize,36377.84,4388.34,159638.33
West Bengal,West_District_05,2023.0,Kharif,Wheat,7250.61,1797.43,13032.46
Bihar,Biha_District_17,2017.0,Rabi,Barley,9831.97,620.85,6104.18
Punjab,Punj_District_08,2019.0,Kharif,Jowar,27716.23,3649.65,101154.54
Haryana,Hary_District_20,2021.0,Kharif,Groundnut,32429.09,2246.24,72843.52
Maharashtra,Maha_District_04,2018.0,Zaid,Jowar,27795.01,923.45,25667.3
Uttar Pradesh,Utta_District_18,2012.0,Zaid,Barley,7799.76,4693.08,36604.9
Tamil Nadu,Tami_District_13,2015.0,Zaid,Groundnut,38099.24,4652.33,177250.24
Maharashtra,Maha_District_12,2018.0,Zaid,Rice,45842.35,3422.27,156884.9
West Bengal,West_District_06,2012.0,Rabi,Cotton,46419.11,2375.17,110253.28
Bihar,Biha_District_01,2018.0,Zaid,Rice,280.45,781.57,219.19
Maharashtra,Maha_District_13,2020.0,Zaid,Mustard,5563.42,929.09,5168.92
Maharashtra,Maha_District_14,2022.0,,Maize,17649.95,3655.72,64523.28
Madhya Pradesh,Madh_District_12,2012.0,Zaid,Cotton,39553.38,3155.96,124828.89
West Bengal,West_District_08,2017.0,Rabi,Groundnut,7407.17,3865.56,28632.86
Tamil Nadu,Tami_District_18,2021.0,Zaid,Barley,17804.62,558.47,9943.35
Assam,Assa_District_18,,Rabi,Barley,14101.37,1987.7,28029.29
Karnataka,Karn_District_20,2012.0,Rabi,Groundnut,13784.85,4153.42,57254.27
West Bengal,West_District_15,2011.0,Kharif,Wheat,38020.33,3629.98,138013.04
Madhya Pradesh,Madh_District_20,2011.0,Kharif,Jowar,7036.35,4135.25,29097.07
Uttar Pradesh,Utta_District_02,2012.0,Zaid,Cotton,33891.08,1376.77,46660.22
West Bengal,West_District_06,2012.0,Zaid,Mustard,32439.89,2675.8,
Gujarat,Guja_District_20,2020.0,Kharif,Wheat,22023.57,1004.55,22123.78
Haryana,Hary_District_05,2021.0,Rabi,Soybean,25963.38,949.69,24657.16
Rajasthan,Raja_District_06,2016.0,Kharif,Rice,8296.24,1096.46,9096.5
Maharashtra,Maha_District_14,2018.0,Kharif,Wheat,47710.0,1781.89,85013.97
Tamil Nadu,Tami_District_15,2015.0,Zaid,Barley,17824.7,1949.36,34746.76
Rajasthan,Raja_District_14,2010.0,Rabi,Rice,44922.7,3033.35,136266.27
Karnataka,Karn_District_04,2010.0,Zaid,Barley,45966.08,1849.66,85021.62
Gujarat,Guja_District_07,2011.0,Rabi,Maize,5830.25,3002.98,17508.12
Bihar,Biha_District_17,2018.0,Zaid,Sugarcane,17342.3,4108.58,71252.23
Gujarat,,2014.0,Rabi,Jowar,43983.23,2626.58,115525.47
Madhya Pradesh,Madh_District_11,,Zaid,Sugarcane,48570.82,2988.56,145156.81
Gujarat,Guja_District_19,2017.0,Zaid,Soybean,13618.93,2700.39,36776.42
Bihar,,2015.0,Rabi,Cotton,1961.78,4118.01,
Madhya Pradesh,Madh_District_13,2010.0,Kharif,Rice,5161.61,1889.37,9752.19
Gujarat,Guja_District_06,2021.0,Zaid,Cotton,28309.3,693.39,19629.39
Uttar Pradesh,Utta_District_14,2016.0,Zaid,Mustard,4057.91,3632.52,14740.44
Bihar,Biha_District_08,2021.0,Rabi,Soybean,3681.68,2646.87,9744.93
Assam,Assa_District_15,2016.0,Zaid,Soybean,17000.91,1526.36,25949.51
Haryana,Hary_District_04,2020.0,Kharif,Jowar,9520.07,,37464.81
West Bengal,West_District_08,2017.0,Rabi,Cotton,47581.96,1130.81,53806.16
Rajasthan,Raja_District_15,2023.0,Rabi,Jowar,47988.09,3176.43,152430.81
Karnataka,Karn_District_03,,Zaid,Mustard,32118.85,3694.67,118668.55
Uttar Pradesh,Utta_District_15,2013.0,Rabi,Jowar,,4189.15,
Andhra Pradesh,Andh_District_11,,Kharif,Soybean,24225.09,2900.11,70255.43
West Bengal,West_District_08,2011.0,Kharif,Mustard,16258.97,973.66,15830.71
Telangana,Tela_District_03,2020.0,Rabi,Barley,33265.55,651.24,21663.86
Andhra Pradesh,Andh_District_16,2017.0,Zaid,Cotton,13854.19,924.03,12801.69
Telangana,Tela_District_06,2010.0,Kharif,Sugarcane,9617.29,3374.29,32451.53
Madhya Pradesh,Madh_District_03,2023.0,Kharif,Rice,31460.98,2394.75,75341.18
Rajasthan,Raja_District_05,2022.0,Zaid,Rice,4599.58,2450.18,11269.8
Bihar,Biha_District_06,2022.0,Rabi,Groundnut,17701.97,3742.07,66242.01
Rajasthan,Raja_District_08,2016.0,Kharif,Cotton,28993.43,2712.05,78631.63
Telangana,Tela_District_11,2014.0,Kharif,Cotton,,4848.34,118301.48
Rajasthan,Raja_District_06,2021.0,Rabi,Barley,37839.08,2736.41,103543.24
Madhya Pradesh,Madh_District_18,2019.0,Kharif,Soybean,24013.21,,14868.02
Karnataka,Karn_District_02,2010.0,Zaid,Cotton,47131.21,1936.28,91259.22
Maharashtra,Maha_District_19,2021.0,Rabi,Jowar,12871.36,4997.34,64322.56
Gujarat,Guja_District_18,2021.0,Kharif,Mustard,35962.61,,25646.38
Gujarat,Guja_District_07,2014.0,Zaid,Jowar,3188.09,614.76,1959.91
Tamil Nadu,Tami_District_16,2018.0,Rabi,Barley,30020.98,822.04,24678.45
West Bengal,West_District_18,2019.0,Kharif,Rice,46676.08,4716.08,
Rajasthan,Raja_District_16,2017.0,,Rice,27348.1,3274.88,89561.75
Tamil Nadu,Tami_District_19,2012.0,,Maize,14665.53,787.88,11554.68
West Bengal,,2016.0,Zaid,Mustard,36899.28,958.04,35350.99
Punjab,Punj_District_14,2016.0,Kharif,Soybean,4369.33,1900.5,8303.91
Gujarat,Guja_District_19,2020.0,Kharif,Wheat,722.04,2453.16,1771.28
Bihar,Biha_District_06,2021.0,Kharif,Sugarcane,35413.28,4106.07,145409.41
Karnataka,Karn_District_02,2015.0,Rabi,Maize,30254.93,4310.93,
Andhra Pradesh,Andh_District_07,,Kharif,Cotton,20384.46,4319.47,88050.06
Karnataka,Karn_District_04,2020.0,Zaid,Soybean,25373.02,1503.66,38152.4
Karnataka,Karn_District_15,2010.0,Kharif,Soybean,47212.87,1737.37,82026.22
Karnataka,Karn_District_18,2022.0,Kharif,Cotton,1407.45,1592.03,2240.7
Telangana,Tela_District_02,2011.0,Rabi,Maize,18397.71,2081.07,38286.92
,Karn_District_19,2011.0,Kharif,Sugarcane,26280.91,4474.07,117582.63
Maharashtra,Maha_District_14,2021.0,Kharif,Cotton,14687.68,2843.47,41763.98
Maharashtra,Maha_District_04,2018.0,Rabi,Maize,17072.93,4197.98,71671.82
Telangana,Tela_District_01,2019.0,Rabi,Sugarcane,7964.32,965.8,7691.94
Tamil Nadu,Tami_District_19,2017.0,Zaid,Cotton,,3523.49,88790.05
Tamil Nadu,Tami_District_06,2019.0,Rabi,Cotton,39796.71,3153.31,125491.36
Odisha,Odis_District_17,2021.0,Kharif,Soybean,38715.1,2267.2,87774.87
,Andh_District_12,2018.0,Rabi,Groundnut,1740.1,1022.45,1779.17
,Odis_District_01,2023.0,Zaid,Mustard,2032.26,1980.25,4024.38
Andhra Pradesh,Andh_District_06,2020.0,Zaid,,24825.02,2103.43,
West Bengal,West_District_11,,Kharif,Jowar,28073.91,2662.74,74753.52
Uttar Pradesh,Utta_District_03,2018.0,Kharif,Wheat,33929.35,3501.33,
Andhra Pradesh,Andh_District_04,2019.0,Zaid,Rice,15971.4,2057.97,32868.66
Madhya Pradesh,,2022.0,Zaid,Sugarcane,29298.88,3183.95,93286.17
Assam,Assa_District_18,2012.0,Zaid,Mustard,15803.53,1986.43,31392.61
Uttar Pradesh,Utta_District_12,2013.0,Rabi,Sugarcane,34732.85,3413.35,118555.37
Uttar Pradesh,Utta_District_03,2011.0,Zaid,Wheat,6839.04,2484.69,16992.89
,Odis_District_02,2011.0,Rabi,Groundnut,44646.03,663.38,29617.28
Rajasthan,Raja_District_06,,Kharif,Barley,42772.68,1234.3,52794.32
Assam,Assa_District_10,2021.0,Kharif,Cotton,25411.71,2409.51,61229.77
Tamil Nadu,Tami_District_12,2020.0,,Jowar,605.45,4619.29,2796.75
Tamil Nadu,Tami_District_08,2012.0,Rabi,Sugarcane,22800.77,4794.21,109311.68
Telangana,Tela_District_18,2021.0,Rabi,Sugarcane,14408.52,4398.24,63372.13
Tamil Nadu,Tami_District_10,2015.0,Rabi,Cotton,46127.24,3005.75,138646.95
Haryana,Hary_District_15,2012.0,Kharif,Barley,10213.62,,36601.63
Haryana,Hary_District_14,,Zaid,Mustard,27494.01,4750.38,130607.0
Punjab,Punj_District_17,2020.0,Kharif,Maize,22019.68,1708.31,37616.44
Karnataka,Karn_District_03,2010.0,Kharif,,7000.52,3643.85,25508.84
Uttar Pradesh,Utta_District_12,2022.0,Rabi,Jowar,48708.07,627.55,30566.75
Andhra Pradesh,Andh_District_14,2017.0,Kharif,Wheat,37048.22,4671.19,173059.27
Andhra Pradesh,Andh_District_13,2023.0,Kharif,Soybean,3831.6,995.77,
Karnataka,Karn_District_16,2019.0,Zaid,Soybean,,3415.84,118285.96
Karnataka,Karn_District_12,2018.0,Rabi,Sugarcane,3534.49,4254.9,15038.9
Gujarat,,2017.0,Rabi,Barley,26218.85,4582.39,120145.0
Haryana,Hary_District_19,2021.0,Kharif,Jowar,43911.74,4156.28,182509.49
West Bengal,West_District_18,,Zaid,Rice,25843.35,1632.7,42194.44
Madhya Pradesh,Madh_District_04,2022.0,Kharif,Soybean,25348.18,953.65,24173.29
Assam,Assa_District_06,2010.0,Zaid,Barley,32976.42,1102.9,36369.69
Punjab,Punj_District_15,2010.0,Rabi,Jowar,25607.53,744.72,19070.44
Punjab,Punj_District_19,2021.0,Zaid,Jowar,15045.67,1544.36,23235.93
West Bengal,West_District_10,2018.0,Kharif,Mustard,31039.57,4040.54,125416.62
Punjab,Punj_District_02,2021.0,Kharif,Wheat,2959.42,4326.28,12803.28
Telangana,Tela_District_14,2013.0,Kharif,Maize,43052.31,2040.21,87835.75
Andhra Pradesh,Andh_District_19,2015.0,Kharif,Soybean,32984.3,2311.76,76251.79
Uttar Pradesh,Utta_District_03,2017.0,Zaid,Cotton,7794.13,2878.98,22439.14
Odisha,Odis_District_14,2020.0,Rabi,Jowar,4409.35,4453.12,19635.36
Karnataka,Karn_District_09,2013.0,Kharif,Wheat,,4197.26,194006.0
Rajasthan,Raja_District_14,2015.0,Kharif,Soybean,28170.15,3009.19,84769.33
Andhra Pradesh,Andh_District_02,2013.0,Zaid,Cotton,49231.91,1615.56,79537.1
Maharashtra,Maha_District_13,2010.0,Kharif,Sugarcane,3889.82,3028.73,11781.21
Tamil Nadu,,2011.0,Rabi,Soybean,16506.4,1950.52,32196.06
Maharashtra,Maha_District_01,2020.0,Rabi,Barley,453.56,3183.08,1443.72
Punjab,Punj_District_12,,Rabi,Sugarcane,13275.28,1345.36,17860.03
Punjab,Punj_District_10,2015.0,Rabi,Jowar,2117.55,2139.63,4530.77
Uttar Pradesh,Utta_District_08,2018.0,Rabi,Sugarcane,43960.55,2015.02,88581.39
Telangana,Tela_District_16,2021.0,Rabi,Sugarcane,33985.8,3904.46,132696.2
West Bengal,West_District_05,2017.0,Zaid,Rice,16472.23,4197.38,69140.21
Haryana,Hary_District_14,2022.0,Kharif,,34624.8,3016.59,104448.83
Madhya Pradesh,Madh_District_18,2010.0,Rabi,Mustard,149.52,657.91,98.37
Punjab,Punj_District_08,2016.0,Kharif,Maize,49544.21,4020.28,199181.6
Gujarat,Guja_District_06,2023.0,Zaid,Barley,46884.51,4560.36,213810.24
Gujarat,Guja_District_09,2017.0,Kharif,Sugarcane,1120.1,4063.31,4551.31
Maharashtra,Maha_District_14,2019.0,Kharif,Soybean,22612.17,,91647.35
Rajasthan,Raja_District_11,2015.0,Rabi,Wheat,435.12,1796.9,781.87
Assam,Assa_District_20,2013.0,Zaid,Jowar,37591.06,4068.59,152942.61
Maharashtra,Maha_District_19,2023.0,Rabi,Rice,31023.76,1855.65,57569.24
Karnataka,Karn_District_13,2014.0,Kharif,Rice,15587.09,4850.44,75604.24
Haryana,Hary_District_07,2023.0,Kharif,Jowar,22016.69,2512.06,55307.25
Telangana,Tela_District_13,2023.0,Zaid,Wheat,27661.4,2342.76,64804.02
Gujarat,Guja_District_06,2021.0,Rabi,Maize,27678.31,2445.51,67687.58
West Bengal,West_District_04,2014.0,Zaid,Jowar,41353.07,4590.73,189840.78
,Hary_District_08,2016.0,Zaid,,46612.3,3039.33,141670.16
Tamil Nadu,Tami_District_17,2020.0,Zaid,Jowar,22163.21,3673.58,
Maharashtra,Maha_District_02,2019.0,Kharif,Rice,41932.35,3033.42,127198.43
West Bengal,West_District_16,2022.0,Kharif,Groundnut,35029.05,3873.78,135694.83
Uttar Pradesh,Utta_District_03,,Rabi,,33852.05,3857.6,130587.67
Madhya Pradesh,Madh_District_16,2022.0,Zaid,Cotton,10511.4,2742.69,28829.51
Uttar Pradesh,Utta_District_11,2015.0,Kharif,Groundnut,29454.6,511.15,15055.72
Gujarat,Guja_District_03,2018.0,Rabi,Barley,42812.53,3245.11,138931.37
Maharashtra,Maha_District_15,2014.0,Rabi,,6543.9,4173.61,27311.69
Tamil Nadu,Tami_District_05,2020.0,Kharif,Mustard,35881.14,3912.35,140379.58
Maharashtra,Maha_District_18,2013.0,Kharif,Barley,19662.92,,85413.95
Madhya Pradesh,Madh_District_04,2016.0,Kharif,Soybean,20759.98,3067.29,63676.88
Telangana,Tela_District_11,2019.0,Rabi,Barley,132.05,3401.93,449.22
Tamil Nadu,Tami_District_03,2017.0,Zaid,Mustard,35936.97,3051.99,109679.27
Tamil Nadu,Tami_District_19,2015.0,Zaid,Maize,24878.28,,103113.26
Punjab,Punj_District_07,2023.0,Rabi,Jowar,34100.5,1751.33,59721.23
Tamil Nadu,Tami_District_10,2023.0,Kharif,Barley,47957.76,3682.7,176614.04
Maharashtra,Maha_District_11,2010.0,Zaid,Mustard,49398.15,4870.68,240602.58
Rajasthan,Raja_District_03,2016.0,Rabi,Soybean,45953.6,3899.17,179180.9
Gujarat,Guja_District_04,2017.0,Zaid,Mustard,30510.53,1274.77,38893.91
Assam,Assa_District_06,2015.0,Rabi,Wheat,27213.24,3944.19,107334.19
Bihar,Biha_District_09,2020.0,Rabi,Soybean,26090.77,,114984.11
Gujarat,Guja_District_06,2020.0,Kharif,Soybean,5571.83,2214.23,12337.31
Haryana,Hary_District_10,2016.0,Rabi,Cotton,25347.62,2445.46,61986.59
Madhya Pradesh,Madh_District_16,2012.0,Kharif,Sugarcane,5518.47,1190.88,6571.84
Maharashtra,Maha_District_11,2011.0,Zaid,Jowar,41897.1,2679.73,112272.92
Bihar,Biha_District_08,2019.0,Kharif,Rice,2531.25,574.21,1453.47
Haryana,Hary_District_05,2014.0,Zaid,Mustard,23726.42,1239.7,29413.64
Madhya Pradesh,Madh_District_18,2013.0,Rabi,Soybean,35285.78,4078.96,143929.29
Rajasthan,,2018.0,Zaid,Sugarcane,11492.01,3164.8,36369.91
Telangana,Tela_District_17,2019.0,Kharif,Sugarcane,7806.79,1866.12,14568.41
,Raja_District_06,2020.0,Zaid,Cotton,44450.9,,131060.81
Maharashtra,Maha_District_05,2015.0,Kharif,Cotton,44305.85,1513.62,67062.22
Rajasthan,Raja_District_14,2014.0,Rabi,Soybean,16568.21,2619.28,43396.78
,Hary_District_09,2019.0,Zaid,Groundnut,24056.0,4989.42,120025.49
Rajasthan,Raja_District_07,2016.0,,Maize,5810.82,4333.84,25183.16
West Bengal,West_District_02,2019.0,Zaid,Wheat,43197.73,2989.39,129134.86
Maharashtra,Maha_District_17,2013.0,Rabi,Mustard,17267.45,2836.52,48979.47
,Utta_District_20,2021.0,Zaid,Maize,14694.14,4095.98,60186.9
West Bengal,West_District_13,2010.0,Kharif,Soybean,24964.13,4666.29,
Gujarat,Guja_District_05,2023.0,Kharif,Rice,31172.3,2814.44,
Tamil Nadu,Tami_District_12,2017.0,,Wheat,35582.36,2767.7,98481.3
Gujarat,Guja_District_08,2014.0,Rabi,Barley,45234.87,1330.01,60162.83
Telangana,Tela_District_12,2023.0,Kharif,Maize,48670.1,4154.86,202217.45
Gujarat,Guja_District_18,2014.0,Kharif,Soybean,43050.59,,115078.1
Punjab,Punj_District_18,2013.0,Zaid,Jowar,41876.36,1880.48,78747.66
Odisha,Odis_District_03,2014.0,Kharif,Rice,38121.21,1132.03,43154.35
Madhya Pradesh,Madh_District_05,2014.0,Zaid,Sugarcane,15421.89,2505.8,38644.17
Telangana,Tela_District_13,2013.0,Kharif,Cotton,16183.75,2241.58,36277.17
Punjab,Punj_District_09,2011.0,Zaid,Rice,41023.23,1655.04,67895.09
,Biha_District_18,2019.0,Zaid,Maize,37289.53,831.7,31013.7
Rajasthan,Raja_District_19,2015.0,Zaid,Groundnut,38310.38,4064.1,155697.22
Telangana,Tela_District_19,2011.0,Rabi,Maize,20144.77,3751.15,75566.05
Rajasthan,Raja_District_11,2021.0,Kharif,Groundnut,45765.41,4103.21,187785.09
Haryana,Hary_District_16,2016.0,Zaid,Wheat,19583.28,2678.96,52462.82
,Tami_District_09,2013.0,Zaid,Rice,38989.94,1816.68,70832.24
Punjab,,2013.0,Zaid,Mustard,40213.75,1976.32,79475.24
Punjab,Punj_District_01,2016.0,Rabi,Mustard,40318.93,890.6,35908.04
Telangana,Tela_District_02,2019.0,Rabi,Mustard,2315.43,,11552.93
Tamil Nadu,Tami_District_16,2016.0,Kharif,Groundnut,43485.91,4472.81,194504.21
Punjab,Punj_District_02,2017.0,Rabi,Groundnut,47568.87,,117610.23
Tamil Nadu,Tami_District_09,2013.0,Zaid,,,1085.11,15639.79
Maharashtra,Maha_District_15,2018.0,Rabi,,25110.34,1490.22,37419.93
Haryana,Hary_District_04,2010.0,Zaid,Rice,46783.99,518.01,24234.57
Maharashtra,Maha_District_02,2019.0,Zaid,Barley,7245.52,1609.14,11659.06
Telangana,Tela_District_11,2023.0,Rabi,Sugarcane,10027.94,1516.0,15202.36
Assam,Assa_District_11,2015.0,Kharif,Soybean,32836.78,1973.8,64813.24
Tamil Nadu,Tami_District_13,2014.0,Rabi,Maize,30789.72,4506.16,138743.4
Punjab,Punj_District_11,2020.0,Rabi,Soybean,30167.58,3625.4,109369.54
Punjab,Punj_District_13,2017.0,Rabi,Jowar,18338.61,,22351.46
Haryana,Hary_District_02,2011.0,Zaid,Soybean,16097.14,4839.27,
Maharashtra,Maha_District_14,2020.0,Zaid,Sugarcane,31128.39,1748.8,54437.33
Tamil Nadu,Tami_District_04,2010.0,Rabi,Barley,22600.67,4259.81,96274.56
Bihar,Biha_District_03,2019.0,Zaid,Mustard,33455.33,3022.94,101133.46
Uttar Pradesh,Utta_District_02,2011.0,Zaid,Rice,44269.63,3525.98,156093.83
Telangana,Tela_District_01,2017.0,Zaid,Maize,32172.21,1353.96,43559.89
Assam,,2019.0,Kharif,Maize,5408.8,4843.14,26195.58
Rajasthan,Raja_District_08,2017.0,Kharif,Sugarcane,29983.03,2370.58,71077.17
Karnataka,Karn_District_20,2022.0,Zaid,Jowar,29492.14,778.15,22949.31
Tamil Nadu,Tami_District_12,2017.0,Rabi,Wheat,41124.15,1474.9,60654.01
Punjab,Punj_District_17,2023.0,Rabi,Cotton,40246.85,,116905.03
Andhra Pradesh,Andh_District_07,2021.0,,Mustard,13900.94,635.94,8840.16
Karnataka,,2013.0,Rabi,Wheat,40810.08,1294.07,52811.1
Rajasthan,Raja_District_19,2019.0,Kharif,Cotton,2685.08,3901.45,10475.71
Haryana,Hary_District_07,2020.0,Kharif,Jowar,17567.16,2252.0,39561.24
Haryana,Hary_District_19,2020.0,Kharif,Sugarcane,12428.67,4366.3,54267.3
Maharashtra,,2012.0,Kharif,Mustard,,1445.87,21596.58
Assam,Assa_District_07,2011.0,Rabi,,15531.56,1414.17,
Madhya Pradesh,Madh_District_07,2016.0,Rabi,Soybean,15951.0,873.21,13928.57
Uttar Pradesh,Utta_District_09,2011.0,Rabi,Barley,8010.65,2376.74,19039.23
Uttar Pradesh,Utta_District_14,2017.0,Zaid,Mustard,43985.4,757.81,33332.58
Telangana,Tela_District_18,2020.0,Zaid,Wheat,10712.47,4587.56,49144.1
Odisha,Odis_District_17,2014.0,Rabi,Rice,44511.73,3557.53,158351.81
Assam,Assa_District_01,2013.0,Rabi,Mustard,12099.63,2389.15,28907.83
Maharashtra,Maha_District_15,2010.0,Kharif,Sugarcane,10639.93,1078.65,11476.76
Maharashtra,Maha_District_03,2021.0,Rabi,Barley,19061.92,3091.2,58924.21
Rajasthan,Raja_District_16,2016.0,Zaid,Barley,18060.64,3248.71,58673.78
Bihar,Biha_District_08,2012.0,Zaid,Jowar,14883.11,2056.33,30604.59
Tamil Nadu,Tami_District_20,2021.0,,Mustard,39554.61,4452.42,176113.74
Uttar Pradesh,Utta_District_14,2022.0,Rabi,Sugarcane,16169.5,3071.82,49669.79
Madhya Pradesh,Madh_District_04,2016.0,Zaid,,13980.3,740.01,10345.56
Tamil Nadu,Tami_District_04,2016.0,Kharif,Barley,36919.07,1269.52,
Odisha,Odis_District_12,2014.0,Kharif,Rice,21343.05,2691.7,57449.09
Punjab,Punj_District_10,2014.0,Rabi,Groundnut,9305.13,925.5,8611.9
Assam,,2018.0,Kharif,Barley,,4785.29,83579.16
West Bengal,West_District_05,2021.0,Kharif,,30795.27,2216.35,68253.1
West Bengal,West_District_06,2018.0,Kharif,Soybean,2041.65,3201.23,6535.79
Telangana,Tela_District_08,2012.0,Kharif,Sugarcane,4703.66,2941.45,13835.58
Bihar,Biha_District_20,,Rabi,Rice,37622.33,2406.13,90524.22
Haryana,Hary_District_04,2018.0,Kharif,Soybean,15040.63,713.23,10727.43
Andhra Pradesh,,2013.0,Zaid,Maize,1336.42,2435.12,3254.34
Andhra Pradesh,Andh_District_14,2016.0,Zaid,Soybean,44178.93,1598.28,70610.3
Telangana,Tela_District_19,2016.0,Rabi,Sugarcane,28745.37,3579.38,102890.6
Telangana,Tela_District_14,2017.0,Kharif,Rice,3135.41,1188.95,3727.85
Assam,Assa_District_07,2018.0,Kharif,Cotton,16630.71,3515.42,58463.93
Uttar Pradesh,Utta_District_19,2016.0,Rabi,Mustard,22007.85,3803.88,83715.22
Karnataka,Karn_District_14,2020.0,Kharif,Wheat,43393.13,3912.68,169783.43
Haryana,Hary_District_03,,Zaid,Groundnut,49613.14,3894.62,193224.33
Punjab,Punj_District_06,2019.0,Rabi,Mustard,42623.74,4245.65,180965.48
Assam,Assa_District_17,2022.0,Rabi,Sugarcane,36540.26,4108.11,150111.41
Bihar,Biha_District_17,2022.0,Zaid,Barley,46740.69,2638.43,123322.04
Andhra Pradesh,Andh_District_13,2020.0,Kharif,Wheat,31950.52,2817.23,90011.96
Assam,Assa_District_07,2018.0,Kharif,Maize,42566.75,2441.12,103910.54
West Bengal,West_District_13,2021.0,Zaid,Jowar,41004.37,4097.1,167999.0
Madhya Pradesh,Madh_District_17,2022.0,Rabi,Wheat,48098.12,1620.14,77925.69
Telangana,Tela_District_04,2012.0,Rabi,Soybean,35510.01,3906.14,138707.07
Tamil Nadu,Tami_District_08,2018.0,Kharif,Barley,,4581.06,214486.6
Odisha,Odis_District_12,2012.0,Rabi,Wheat,28718.94,3106.19,89206.48
Haryana,Hary_District_08,2013.0,,,8447.83,4887.33,41287.33
West Bengal,,2021.0,Rabi,Barley,12825.37,3761.31,48240.19
Telangana,Tela_District_17,2012.0,Kharif,,39810.17,2485.47,98946.98
Madhya Pradesh,Madh_District_13,2020.0,Kharif,Groundnut,10638.57,1350.32,14365.47
Odisha,Odis_District_10,2014.0,Kharif,Jowar,42839.15,2798.4,119881.08
Haryana,,2011.0,Zaid,Groundnut,4597.84,3726.59,17134.26
Haryana,Hary_District_13,,Kharif,Barley,12583.54,4443.78,55918.48
West Bengal,West_District_07,,Kharif,Mustard,15547.63,1401.22,21785.65
Andhra Pradesh,Andh_District_12,2021.0,Kharif,,4334.44,2801.89,12144.62
Punjab,Punj_District_06,2017.0,Kharif,Jowar,22591.81,3880.9,87676.56
Odisha,Odis_District_14,2013.0,Kharif,Rice,23283.67,2047.17,47665.63
Haryana,Hary_District_15,2015.0,Zaid,Groundnut,13156.58,1751.66,23045.85
Maharashtra,Maha_District_15,2022.0,Zaid,Sugarcane,46399.61,1242.85,57667.76
Bihar,Biha_District_15,2015.0,Kharif,Wheat,49410.0,1971.14,97394.03
Telangana,Tela_District_01,2014.0,Rabi,Barley,4510.67,1619.11,7303.27
Tamil Nadu,Tami_District_07,2018.0,Zaid,Mustard,3014.88,4055.13,12225.73
West Bengal,West_District_20,2016.0,Kharif,Barley,25676.39,2016.44,51774.9
Andhra Pradesh,Andh_District_15,2019.0,Rabi,Cotton,33136.28,3337.91,110605.92
Assam,Assa_District_10,2013.0,Rabi,Soybean,46999.62,4825.67,226804.66
Andhra Pradesh,Andh_District_07,2019.0,Rabi,Soybean,34066.12,4180.17,142402.17
Gujarat,Guja_District_20,2023.0,Zaid,Wheat,39642.01,2710.87,
Haryana,Hary_District_19,2014.0,Kharif,Barley,35252.47,852.17,30041.1
Uttar Pradesh,Utta_District_20,2022.0,Rabi,Soybean,37925.25,4828.25,
Bihar,Biha_District_16,2020.0,Zaid,Jowar,4340.24,,18500.36
Rajasthan,Raja_District_04,2012.0,Zaid,Soybean,46655.7,1517.85,70816.35
Karnataka,Karn_District_13,,Rabi,Barley,26288.08,4675.36,122906.24
Assam,Assa_District_02,2017.0,Kharif,Barley,48015.28,1075.47,51638.99
Rajasthan,Raja_District_01,,Zaid,Mustard,17515.31,3641.65,63784.63
Rajasthan,Raja_District_12,2018.0,Zaid,Cotton,11155.77,1961.47,21881.71
Rajasthan,Raja_District_19,2011.0,Kharif,Sugarcane,1262.22,1190.85,1503.11
Andhra Pradesh,Andh_District_09,2018.0,Rabi,,28160.24,,96840.53
Punjab,Punj_District_15,2023.0,Kharif,Maize,32480.7,4002.62,130007.9
Madhya Pradesh,Madh_District_05,2012.0,Zaid,Wheat,20822.54,1730.71,36037.78
Madhya Pradesh,Madh_District_16,2021.0,Kharif,Wheat,877.48,1429.83,1254.65
Assam,Assa_District_18,2011.0,Zaid,Jowar,15688.15,1301.93,
West Bengal,West_District_10,2013.0,Zaid,Groundnut,1105.21,1208.51,1335.66
Odisha,Odis_District_15,2012.0,Kharif,Wheat,33338.37,3333.13,111121.12
West Bengal,West_District_15,2014.0,Zaid,Cotton,46790.61,4091.76,191455.95
Karnataka,Karn_District_12,2020.0,Rabi,Cotton,28431.03,1119.0,
Bihar,Biha_District_04,2015.0,Rabi,Sugarcane,28247.18,777.18,21953.14
Uttar Pradesh,,2021.0,,Sugarcane,21601.16,2256.16,48735.67
West Bengal,West_District_14,,Rabi,Wheat,21447.91,1759.22,37731.59
Uttar Pradesh,Utta_District_19,2014.0,Kharif,Mustard,34322.94,4284.25,147048.06
Maharashtra,Maha_District_06,2020.0,Rabi,Jowar,38449.0,3324.88,127838.31
Rajasthan,Raja_District_07,2019.0,,Groundnut,26963.41,639.88,17253.35
Haryana,Hary_District_12,2021.0,Zaid,Maize,36174.41,,106802.05
Uttar Pradesh,Utta_District_15,2010.0,Rabi,Soybean,,1975.29,26883.66
Assam,Assa_District_19,2017.0,Zaid,Cotton,46786.78,,154846.93
Tamil Nadu,Tami_District_18,2016.0,Rabi,Jowar,23848.03,3294.15,78558.99
Tamil Nadu,Tami_District_04,2011.0,Kharif,Mustard,20745.74,2615.82,54267.12
Telangana,Tela_District_12,2017.0,Zaid,Wheat,14586.43,2479.34,36164.72
Madhya Pradesh,Madh_District_19,2013.0,Kharif,Soybean,34311.05,679.74,23322.59
Andhra Pradesh,Andh_District_03,2010.0,Zaid,Mustard,39771.87,1773.41,70531.83
Gujarat,Guja_District_17,2017.0,Zaid,Barley,34159.73,3392.26,115878.69
Gujarat,Guja_District_20,2021.0,Zaid,Mustard,32666.14,3236.58,105726.58
Tamil Nadu,Tami_District_12,2021.0,Rabi,Maize,47959.18,2787.55,133688.61
,Madh_District_09,2022.0,Rabi,Sugarcane,36642.72,3674.52,134644.41
Gujarat,Guja_District_15,2016.0,Kharif,,11889.75,1774.88,21102.88
Odisha,Odis_District_16,2013.0,Rabi,Groundnut,21258.45,1749.64,37194.63
Assam,Assa_District_10,2017.0,Rabi,Cotton,18400.48,2259.32,41572.57
Odisha,Odis_District_04,2015.0,Rabi,Rice,30232.84,1489.51,45032.12
Bihar,Biha_District_14,,Rabi,Soybean,40234.16,2468.91,99334.52
Gujarat,Guja_District_16,2020.0,Kharif,Barley,35341.58,866.49,30623.13
Rajasthan,Raja_District_03,2011.0,Zaid,Groundnut,23551.27,626.99,14766.41
Madhya Pradesh,Madh_District_16,2019.0,Rabi,Sugarcane,33827.91,2046.7,69235.58
Uttar Pradesh,Utta_District_08,2012.0,Rabi,Mustard,,1958.56,92968.38
West Bengal,West_District_16,2012.0,Kharif,Sugarcane,28233.91,1658.24,46818.6
Punjab,Punj_District_06,2010.0,Rabi,Rice,31043.62,2601.69,80765.88
Odisha,Odis_District_06,2011.0,Zaid,Rice,18594.35,1416.6,26340.76
Maharashtra,Maha_District_15,2021.0,Kharif,Sugarcane,5664.92,1039.46,5888.46
Gujarat,Guja_District_15,2023.0,Rabi,Wheat,49952.1,2355.4,
Tamil Nadu,Tami_District_10,2020.0,Zaid,Maize,,4788.18,939.87
Assam,Assa_District_03,2012.0,Rabi,Barley,1097.0,2383.64,2614.85
Gujarat,Guja_District_13,2011.0,Zaid,Barley,35902.13,4615.7,165713.46
Gujarat,Guja_District_15,2018.0,Zaid,Jowar,35673.03,2586.32,92261.87
Gujarat,Guja_District_17,2011.0,Rabi,Maize,48724.66,676.94,32983.67
Gujarat,Guja_District_16,2015.0,Zaid,Soybean,49345.92,4322.26,213285.9
Tamil Nadu,Tami_District_11,2022.0,Zaid,Wheat,46453.61,1646.48,76484.94
Bihar,Biha_District_13,2021.0,Rabi,Groundnut,7208.66,3484.92,25121.6
West Bengal,West_District_09,2011.0,Kharif,Wheat,25841.39,2854.26,73758.05
Telangana,Tela_District_20,2012.0,Zaid,Wheat,46238.5,3290.36,152141.31
West Bengal,West_District_05,2023.0,Rabi,Jowar,15622.09,2300.3,35935.49
Telangana,Tela_District_02,2011.0,Zaid,Groundnut,6761.44,1365.41,9232.14
Gujarat,Guja_District_13,2014.0,Rabi,Groundnut,7253.17,4146.31,30073.89
Rajasthan,Raja_District_17,2017.0,Rabi,Wheat,35273.19,2886.55,101817.83
Rajasthan,Raja_District_02,2016.0,Zaid,,18780.95,3508.22,
Telangana,Tela_District_01,2015.0,Zaid,Mustard,40663.98,4465.55,181587.04
Telangana,Tela_District_08,2023.0,Rabi,Soybean,27396.11,4189.48,114775.45
Rajasthan,Raja_District_08,2019.0,Rabi,Wheat,25614.17,2635.39,67503.33
Madhya Pradesh,Madh_District_11,2013.0,Zaid,Sugarcane,43285.05,2238.68,96901.38
West Bengal,West_District_05,2016.0,Rabi,Groundnut,19856.04,1872.1,37172.49
West Bengal,West_District_03,2017.0,Kharif,Rice,25983.22,2951.83,76698.05
Odisha,Odis_District_12,2019.0,Rabi,Cotton,33057.01,2437.26,80568.53
Bihar,Biha_District_05,2013.0,Rabi,Mustard,10970.08,4400.79,48277.02
Uttar Pradesh,Utta_District_20,2018.0,Zaid,Barley,17365.44,4653.25,80805.73
Assam,Assa_District_05,2010.0,Zaid,Jowar,10446.93,3020.26,31552.44
Bihar,Biha_District_11,2018.0,Kharif,Soybean,26877.09,4228.92,113661.06
Andhra Pradesh,Andh_District_07,2012.0,Kharif,Cotton,7028.68,4594.72,32294.82
Tamil Nadu,Tami_District_14,2013.0,Zaid,Cotton,26618.27,3137.49,83514.56
Madhya Pradesh,Madh_District_01,2022.0,Zaid,Cotton,25557.3,662.11,16921.74
Maharashtra,Maha_District_01,2021.0,Kharif,Jowar,24904.82,1685.97,41988.78
Assam,Assa_District_01,2013.0,Rabi,Groundnut,17200.14,3420.96,58840.99
Assam,Assa_District_14,2019.0,Zaid,Maize,24935.09,919.48,22927.32
Gujarat,Guja_District_07,2023.0,Rabi,Groundnut,3744.76,1335.46,5000.98
Tamil Nadu,Tami_District_01,2016.0,Rabi,Maize,9625.17,3237.35,
Madhya Pradesh,Madh_District_01,2014.0,Rabi,Maize,8972.94,4467.74,40088.76
Gujarat,Guja_District_05,2020.0,Zaid,Soybean,10567.06,910.09,9616.98
Maharashtra,Maha_District_15,2023.0,Zaid,Rice,43799.73,1828.97,80108.39
Telangana,Tela_District_05,2010.0,Rabi,Mustard,21328.59,4815.62,102710.38
Andhra Pradesh,Andh_District_12,2013.0,Rabi,Cotton,47224.02,3717.13,175537.82
Maharashtra,Maha_District_10,2015.0,Kharif,Maize,3540.05,3170.03,11222.06
West Bengal,West_District_20,2016.0,Zaid,Groundnut,49454.99,4761.12,235461.14
Maharashtra,,2010.0,Kharif,Cotton,,2281.85,12298.08
Haryana,Hary_District_04,2017.0,Kharif,,15845.28,1083.78,17172.8
Rajasthan,Raja_District_18,2015.0,Kharif,Barley,34770.44,1732.32,60233.53
Assam,Assa_District_13,2019.0,Kharif,Sugarcane,17308.8,906.61,15692.33
Punjab,Punj_District_01,2010.0,Kharif,Groundnut,24948.58,1211.76,30231.69
Karnataka,Karn_District_13,2021.0,Kharif,Mustard,21661.31,1145.04,
Punjab,Punj_District_03,2023.0,Zaid,Sugarcane,47697.11,,54967.1
Haryana,Hary_District_15,2016.0,Rabi,Barley,26142.17,1386.41,36243.77
Karnataka,Karn_District_19,2018.0,Rabi,Wheat,3910.45,1410.39,5515.26
Gujarat,Guja_District_02,,Zaid,Barley,2833.23,1127.29,3193.87
Odisha,Odis_District_06,2023.0,Zaid,Maize,24724.86,3433.17,84884.65
Gujarat,Guja_District_01,2019.0,Rabi,Mustard,4458.26,2484.58,11076.9
Maharashtra,Maha_District_15,2015.0,Kharif,Jowar,29104.23,1554.02,45228.56
Rajasthan,Raja_District_19,2010.0,Zaid,Barley,18666.71,823.26,15367.56
Assam,Assa_District_05,2021.0,Kharif,Jowar,11084.54,2600.39,28824.13
Maharashtra,Maha_District_15,2012.0,Zaid,Barley,49523.06,4983.19,246782.82
West Bengal,West_District_14,2012.0,Zaid,Wheat,48983.12,2403.89,117750.03
Gujarat,Guja_District_18,2018.0,Rabi,Cotton,4125.95,1956.08,8070.69
Uttar Pradesh,Utta_District_07,2013.0,Zaid,Jowar,11961.95,563.57,6741.4
Tamil Nadu,Tami_District_18,2010.0,Kharif,Soybean,4852.16,2539.36,12321.38
Madhya Pradesh,Madh_District_03,2011.0,Rabi,Barley,17049.16,1311.59,22361.51
West Bengal,West_District_02,2023.0,Kharif,Sugarcane,35833.39,2107.02,75501.67
Assam,Assa_District_16,2018.0,Kharif,Sugarcane,42608.21,1584.4,67508.45
Gujarat,Guja_District_16,2023.0,Zaid,Groundnut,,1328.63,35827.62
Rajasthan,Raja_District_09,2022.0,Zaid,Jowar,24815.5,1186.1,29433.66
Odisha,Odis_District_09,2012.0,Zaid,Maize,8162.77,3255.01,26569.9
Telangana,Tela_District_18,2011.0,Zaid,Maize,,1275.65,16918.84
Haryana,Hary_District_09,2011.0,Rabi,Sugarcane,46495.44,693.51,32245.05
Telangana,Tela_District_01,2018.0,Kharif,Rice,28300.89,2967.19,83974.12
Rajasthan,Raja_District_10,2015.0,Rabi,Maize,12605.38,2537.47,31985.77
,Raja_District_09,2018.0,Kharif,Maize,4478.12,3745.72,16773.78
Karnataka,Karn_District_08,2022.0,Zaid,Cotton,,1370.23,15295.45
Gujarat,Guja_District_01,2019.0,Rabi,Wheat,15812.44,4560.66,72115.16
Bihar,Biha_District_06,2012.0,Kharif,Jowar,39843.69,4761.02,189696.6
Assam,Assa_District_03,2020.0,Rabi,Sugarcane,32632.92,3483.15,113665.36
Rajasthan,Raja_District_04,2022.0,Kharif,Rice,24053.55,4573.34,110005.06
Karnataka,Karn_District_03,2023.0,Zaid,Soybean,25592.77,2097.77,53687.75
Odisha,Odis_District_07,2018.0,Rabi,Rice,32054.71,2957.63,94805.97
Gujarat,Guja_District_18,2012.0,Kharif,Sugarcane,6288.59,2267.26,
Punjab,Punj_District_20,2019.0,Rabi,Rice,15734.94,4310.75,67829.39
Odisha,Odis_District_09,2012.0,Zaid,Rice,19004.24,4197.0,79760.8
Maharashtra,Maha_District_04,2013.0,Kharif,Wheat,22175.24,3890.75,
Rajasthan,Raja_District_06,2017.0,Zaid,Cotton,6850.57,4660.93,31930.03
Haryana,Hary_District_11,2019.0,Kharif,Sugarcane,24079.94,1669.09,40191.59
Assam,Assa_District_05,2014.0,Zaid,Barley,12150.33,1692.85,20568.69
Odisha,Odis_District_08,2012.0,Rabi,,18399.54,3728.84,68608.94
Bihar,Biha_District_17,2012.0,Kharif,Jowar,47485.19,3510.67,166704.83
Haryana,Hary_District_19,2013.0,Kharif,Mustard,27403.6,2518.69,69021.17
Assam,Assa_District_01,2014.0,Rabi,Sugarcane,41426.9,4323.46,179107.55
West Bengal,West_District_15,2016.0,Zaid,Jowar,14722.58,4790.39,70526.9
Tamil Nadu,Tami_District_12,2018.0,Kharif,Soybean,19816.26,4100.35,81253.6
Tamil Nadu,Tami_District_16,2014.0,Zaid,Sugarcane,48344.31,3666.46,177252.48
Rajasthan,Raja_District_13,2014.0,Kharif,Wheat,8161.38,3137.62,25607.31
Uttar Pradesh,Utta_District_05,2011.0,Zaid,Soybean,6026.98,4051.14,24416.14
Punjab,Punj_District_16,2023.0,Zaid,Maize,14137.63,3628.47,51297.97
Telangana,Tela_District_17,2017.0,Kharif,Rice,45513.47,1314.54,59829.28
Madhya Pradesh,Madh_District_12,2010.0,Rabi,Groundnut,19703.61,3412.03,67229.31
Tamil Nadu,Tami_District_01,2020.0,Kharif,Wheat,21040.96,1286.69,27073.19
Rajasthan,Raja_District_17,2019.0,Rabi,Sugarcane,1550.67,2329.69,3612.58
Gujarat,Guja_District_17,2013.0,Rabi,Jowar,32495.53,3082.93,100181.44
Haryana,,2018.0,Zaid,Rice,7896.44,2528.12,19963.15
Bihar,Biha_District_03,2015.0,Rabi,Maize,18536.61,1733.91,32140.81
Karnataka,Karn_District_09,2022.0,Rabi,Jowar,36490.64,,69092.47
Punjab,Punj_District_18,2015.0,Zaid,Wheat,27053.08,4654.51,125918.83
West Bengal,West_District_08,2013.0,Kharif,Jowar,27009.87,3276.6,88500.54
Karnataka,Karn_District_14,2021.0,Rabi,Maize,3754.97,1301.6,4887.47
Karnataka,Karn_District_12,2017.0,Rabi,Maize,5137.46,3941.66,20250.12
Odisha,Odis_District_02,2015.0,Zaid,Maize,41812.46,,55988.97
West Bengal,West_District_05,2017.0,Zaid,Wheat,11041.66,1954.43,21580.15
Andhra Pradesh,Andh_District_18,2012.0,Zaid,Groundnut,29594.77,3298.08,97605.92
Odisha,Odis_District_15,2020.0,Rabi,Cotton,34369.02,4573.37,157182.24
,West_District_19,2017.0,Zaid,Mustard,14822.5,3464.42,51351.37
Rajasthan,Raja_District_20,2016.0,Rabi,Sugarcane,28030.17,1876.27,52592.17
Bihar,Biha_District_11,2018.0,Kharif,Maize,45380.02,929.68,42188.9
Haryana,Hary_District_02,2012.0,Zaid,Rice,35628.85,3775.43,134514.23
Tamil Nadu,Tami_District_06,2019.0,Zaid,Groundnut,,2833.61,129707.9
Telangana,Tela_District_01,2015.0,Rabi,Mustard,16148.95,4224.83,68226.57
Uttar Pradesh,Utta_District_09,2019.0,Rabi,Rice,38563.43,2751.42,106104.19
Uttar Pradesh,Utta_District_04,2019.0,Kharif,Wheat,38416.08,1705.44,65516.32
Assam,Assa_District_16,2021.0,Kharif,Jowar,29516.37,4393.33,
Uttar Pradesh,Utta_District_11,2012.0,Kharif,Cotton,15967.43,2675.97,42728.36
,Maha_District_09,2020.0,Kharif,Maize,,4091.95,194601.44
Assam,Assa_District_10,2019.0,Zaid,Groundnut,44363.25,2233.61,99090.2
Punjab,Punj_District_13,2022.0,Rabi,Mustard,49825.61,1186.55,59120.58
Odisha,Odis_District_12,2014.0,Zaid,Jowar,25986.65,2656.73,69039.51
Maharashtra,Maha_District_10,2018.0,Zaid,Barley,39941.77,4588.78,183284.0
Bihar,Biha_District_18,2017.0,Rabi,Rice,,3320.67,121482.89
Karnataka,,2015.0,Zaid,Barley,21428.72,2796.47,59924.77
Gujarat,Guja_District_12,2017.0,Kharif,Wheat,25514.09,591.66,15095.67
Haryana,Hary_District_06,2017.0,Zaid,Wheat,25201.99,4351.87,109675.78
Punjab,Punj_District_03,2019.0,Kharif,Mustard,35492.77,4080.69,144834.99
Haryana,,2018.0,Zaid,Rice,,,56412.82
Madhya Pradesh,Madh_District_11,2023.0,,Mustard,1770.83,2223.49,3937.42
West Bengal,West_District_10,2010.0,Kharif,Barley,23773.36,1648.44,39188.96
Bihar,Biha_District_14,2012.0,Kharif,Soybean,1658.92,3606.84,5983.46
Punjab,Punj_District_04,2022.0,Zaid,Jowar,21810.88,2370.55,51703.78
Punjab,Punj_District_01,2013.0,Zaid,Sugarcane,12574.34,2920.24,36720.09
Telangana,Tela_District_05,2018.0,Kharif,Sugarcane,21957.54,,57812.67
West Bengal,West_District_17,2012.0,Rabi,,29085.48,528.46,
Andhra Pradesh,Andh_District_14,2020.0,Kharif,Barley,45394.03,819.89,37218.11
West Bengal,,2019.0,Kharif,Wheat,,1433.18,32391.5
Karnataka,Karn_District_01,2021.0,Rabi,Maize,26236.74,1761.04,46203.95
Odisha,Odis_District_10,2019.0,Rabi,Barley,43014.32,2283.62,98228.36
Rajasthan,Raja_District_02,2010.0,,Maize,31973.9,1619.96,51796.44
Assam,,2013.0,Kharif,Maize,1068.37,2318.7,2477.23
Maharashtra,Maha_District_11,2021.0,Zaid,Rice,26870.68,2567.96,69002.83
Bihar,Biha_District_06,2011.0,Kharif,Rice,48104.52,3680.78,177062.16
,Madh_District_19,2016.0,Kharif,Groundnut,49783.92,1827.77,90993.56
Telangana,Tela_District_14,2016.0,Rabi,Maize,39473.76,3000.01,118421.67
Bihar,Biha_District_10,2018.0,Kharif,,30626.84,4936.34,151184.5
Punjab,Punj_District_14,2019.0,Zaid,,32733.96,4544.68,148765.37
Gujarat,Guja_District_03,2022.0,Rabi,Groundnut,36314.94,1073.24,38974.65
Punjab,Punj_District_14,2016.0,Zaid,Maize,35001.24,2679.42,93783.02
Tamil Nadu,Tami_District_17,2011.0,Kharif,Groundnut,45948.02,4130.76,189800.24
Rajasthan,Raja_District_13,2016.0,Kharif,Barley,5296.32,1102.62,5839.83
Odisha,,2011.0,Zaid,Jowar,3573.59,2719.6,9718.74
Bihar,Biha_District_18,2023.0,Rabi,Wheat,4130.51,3756.55,
Telangana,Tela_District_10,2021.0,Rabi,Groundnut,27662.69,4261.48,117884.0
Madhya Pradesh,Madh_District_04,2023.0,Kharif,Groundnut,14061.81,2836.13,39881.12
Tamil Nadu,Tami_District_09,2017.0,Rabi,Wheat,5962.24,4480.75,26715.31
Telangana,,2012.0,Kharif,Sugarcane,,960.63,8485.0
Odisha,Odis_District_16,2019.0,Kharif,Mustard,10332.02,4128.04,42650.99
West Bengal,West_District_19,2017.0,Kharif,Sugarcane,5380.14,3264.92,17565.73
Punjab,Punj_District_15,2020.0,Zaid,Maize,37334.45,3879.87,144852.81
Gujarat,Guja_District_02,2011.0,Zaid,Wheat,9584.04,,7449.77
Assam,Assa_District_07,2021.0,Rabi,Rice,22495.44,1411.18,31745.12
Gujarat,Guja_District_03,2017.0,Kharif,Rice,34993.61,2105.12,73665.75
Gujarat,Guja_District_17,2020.0,Zaid,Barley,22522.76,,22763.3
Gujarat,Guja_District_17,2011.0,Zaid,Soybean,28420.76,1334.86,37937.74
Maharashtra,Maha_District_15,2012.0,Kharif,Groundnut,33981.38,820.26,27873.57
Bihar,Biha_District_08,2013.0,Zaid,Barley,48797.14,3580.37,174711.82
Uttar Pradesh,Utta_District_16,2014.0,Zaid,Maize,9168.31,563.43,5165.7
Punjab,Punj_District_04,2011.0,Rabi,Mustard,16789.7,1187.66,19940.46
Maharashtra,Maha_District_08,2012.0,Zaid,Jowar,10998.73,4427.38,48695.56
Maharashtra,Maha_District_07,2011.0,Zaid,Jowar,30199.91,1294.06,39080.5
Tamil Nadu,Tami_District_12,2013.0,Kharif,Sugarcane,27877.3,1651.01,46025.7
Punjab,Punj_District_07,2013.0,Rabi,Sugarcane,48812.42,647.41,31601.65
West Bengal,West_District_09,2017.0,Rabi,Rice,36642.69,3978.49,145782.58
Tamil Nadu,Tami_District_13,2018.0,Zaid,Groundnut,3451.42,1273.41,4395.07
Rajasthan,Raja_District_13,,Rabi,Rice,19276.9,4406.7,84947.52
West Bengal,West_District_08,2017.0,Rabi,Sugarcane,26896.3,3448.88,92762.11
West Bengal,,2013.0,Rabi,Rice,39172.34,4226.55,165563.85
Rajasthan,Raja_District_12,2011.0,Rabi,Cotton,23866.6,2789.57,66577.55
Maharashtra,Maha_District_08,2020.0,,Cotton,35928.49,1685.04,60540.94
Uttar Pradesh,Utta_District_16,2018.0,Rabi,Groundnut,42739.04,593.54,25367.33
Andhra Pradesh,Andh_District_11,2011.0,Zaid,Groundnut,9869.0,4100.9,40471.78
Madhya Pradesh,Madh_District_06,2023.0,Rabi,Cotton,17078.88,1174.25,20054.87
,Andh_District_13,2011.0,Zaid,Soybean,9419.06,2888.4,27206.01
Assam,Assa_District_14,2020.0,Zaid,Mustard,42324.46,817.93,34618.45
Punjab,Punj_District_09,2016.0,,Groundnut,1621.0,2593.26,4203.67
Madhya Pradesh,Madh_District_12,2023.0,Kharif,Mustard,47813.75,1755.54,83938.95
Punjab,Punj_District_11,2014.0,Zaid,Soybean,47962.61,4494.57,215571.31
Punjab,Punj_District_11,2011.0,,Barley,14228.44,4176.27,59421.81
Bihar,Biha_District_11,2011.0,Rabi,Jowar,34324.78,2803.2,96219.22
Bihar,Biha_District_17,2023.0,Zaid,Maize,21203.52,4169.76,88413.59
Odisha,,2020.0,Zaid,,39674.66,3906.21,154977.55
Madhya Pradesh,Madh_District_07,2011.0,Kharif,Cotton,49912.97,2653.31,132434.58
Rajasthan,Raja_District_08,2017.0,Zaid,Jowar,40365.46,4381.15,176847.14
Rajasthan,Raja_District_10,2011.0,Kharif,Mustard,10658.97,689.3,7347.23
Madhya Pradesh,Madh_District_16,2015.0,Zaid,Groundnut,20296.95,4355.32,88399.71
West Bengal,West_District_04,2019.0,Zaid,Groundnut,14526.25,3650.05,53021.54
Karnataka,Karn_District_17,2023.0,Rabi,,466.67,2099.14,979.61
Uttar Pradesh,Utta_District_18,2020.0,Rabi,Cotton,30814.28,1083.91,33399.91
Andhra Pradesh,Andh_District_11,2021.0,Rabi,Groundnut,44840.68,1203.23,53953.65
Bihar,Biha_District_13,2022.0,Zaid,Barley,45498.7,1473.75,67053.71
West Bengal,,2015.0,Zaid,Sugarcane,49714.51,3221.37,160148.83
Uttar Pradesh,Utta_District_04,2014.0,Rabi,Barley,4308.81,793.75,3420.12
West Bengal,West_District_06,2020.0,Kharif,Wheat,3838.59,3154.52,12108.91
Gujarat,Guja_District_06,2011.0,Rabi,Maize,40498.0,2313.33,93685.24
Karnataka,Karn_District_20,2020.0,Rabi,Jowar,22297.3,3151.79,70276.41
Rajasthan,,2017.0,Rabi,Cotton,26698.73,,96016.11
Punjab,Punj_District_13,2019.0,,Sugarcane,23642.11,3712.37,87768.26
Telangana,Tela_District_01,2016.0,Zaid,Cotton,49865.81,2076.34,103538.38
Uttar Pradesh,Utta_District_15,,Rabi,Rice,709.55,1065.31,755.89
,Odis_District_17,2022.0,Rabi,Cotton,27720.36,2049.16,56803.45
Gujarat,Guja_District_17,2010.0,Rabi,Barley,47005.13,3323.51,156222.02
Andhra Pradesh,Andh_District_03,2018.0,Zaid,,26065.72,4091.18,106639.55
Uttar Pradesh,Utta_District_07,2011.0,Zaid,Wheat,13003.63,4188.82,54469.87
,Guja_District_19,2021.0,Rabi,Soybean,252.75,3288.55,831.18
Uttar Pradesh,Utta_District_18,,Zaid,Wheat,46744.38,4045.37,189098.31
Andhra Pradesh,Andh_District_20,2018.0,Zaid,Jowar,42696.35,2286.3,97616.67
Madhya Pradesh,Madh_District_02,2015.0,Zaid,Soybean,41229.52,,122812.02
West Bengal,West_District_19,2013.0,Kharif,Mustard,,765.12,23692.06
Uttar Pradesh,Utta_District_13,2016.0,Kharif,Cotton,10157.43,2979.34,30262.44
Assam,Assa_District_02,2020.0,Zaid,Rice,3034.17,3836.51,11640.62
Haryana,Hary_District_10,2023.0,Rabi,Wheat,42018.84,4641.63,195035.91
Telangana,Tela_District_12,2022.0,Rabi,Mustard,5178.25,4728.74,24486.6
Assam,Assa_District_03,2021.0,Kharif,Wheat,3474.24,2633.25,9148.54
Gujarat,,,,Wheat,42028.53,816.4,34312.09
Telangana,Tela_District_02,2013.0,Zaid,,,612.26,618.22
Maharashtra,Maha_District_04,2010.0,Rabi,Maize,25612.38,4152.19,106347.47
Madhya Pradesh,Madh_District_19,2023.0,Rabi,Mustard,6458.59,1060.75,6850.95
Punjab,Punj_District_04,2021.0,Rabi,Barley,28470.49,1554.33,44252.54
Madhya Pradesh,Madh_District_13,2021.0,Kharif,Soybean,36537.67,4773.36,174407.45
Uttar Pradesh,Utta_District_20,2019.0,Rabi,Rice,38325.07,4447.29,170442.7
Madhya Pradesh,Madh_District_15,2016.0,Kharif,Maize,26027.34,4245.44,110497.51
West Bengal,West_District_10,2018.0,Zaid,Mustard,9226.87,807.57,7451.34
Punjab,Punj_District_09,2021.0,Kharif,Jowar,32832.06,733.79,24091.84
Bihar,Biha_District_04,2012.0,Kharif,Barley,44634.82,3611.99,161220.52
Punjab,Punj_District_11,2021.0,Rabi,Mustard,47614.82,1912.49,91062.87
Maharashtra,Maha_District_18,2019.0,Rabi,Wheat,24359.3,3837.61,93481.49
Tamil Nadu,Tami_District_03,2020.0,Rabi,Cotton,12214.67,2938.32,35890.61
Madhya Pradesh,Madh_District_04,2015.0,Kharif,Jowar,33007.42,4904.64,161889.51
Telangana,Tela_District_01,2016.0,Kharif,Soybean,37260.69,1031.59,38437.76
Maharashtra,Maha_District_06,2019.0,Rabi,Maize,23819.14,3149.47,75017.67
Assam,Assa_District_12,2020.0,Zaid,Maize,7416.49,2443.85,18124.79
Gujarat,Guja_District_12,2014.0,Kharif,Mustard,14271.89,1034.72,14767.41
Madhya Pradesh,Madh_District_03,2016.0,Kharif,Maize,25650.89,1245.35,31944.34
Karnataka,Karn_District_06,2018.0,Zaid,Wheat,29567.82,1263.64,37363.08
Haryana,Hary_District_20,2019.0,Kharif,Jowar,36207.39,1378.59,49915.15
Haryana,Hary_District_10,2019.0,Rabi,Soybean,,617.94,27698.93
Uttar Pradesh,Utta_District_06,2019.0,Zaid,,26147.67,1940.47,50738.77
Punjab,Punj_District_07,,Zaid,Wheat,11331.32,2622.21,29713.1
Assam,Assa_District_06,2014.0,Rabi,Sugarcane,42116.77,4618.75,
West Bengal,,2021.0,Zaid,Soybean,15232.11,1194.1,18188.66
Odisha,Odis_District_09,2013.0,Kharif,Rice,36035.01,3118.99,112392.84
Assam,Assa_District_05,2013.0,Kharif,Maize,10130.71,3921.33,39725.86
Andhra Pradesh,,2016.0,Kharif,Sugarcane,25994.63,3440.28,89428.81
Haryana,Hary_District_05,2014.0,Kharif,Cotton,18031.02,2475.94,
Rajasthan,Raja_District_11,2013.0,Kharif,Jowar,9099.07,3904.32,35525.68
Rajasthan,Raja_District_03,2014.0,Rabi,Cotton,7934.87,4002.36,31758.21
Uttar Pradesh,Utta_District_07,2013.0,Zaid,Wheat,39920.59,3859.7,154081.5
Andhra Pradesh,Andh_District_01,2014.0,Kharif,Soybean,1069.2,1729.1,1848.75
Gujarat,Guja_District_20,2019.0,Rabi,Maize,23470.05,3179.95,74633.59
Telangana,Tela_District_19,2014.0,Kharif,Rice,45969.18,2190.23,100683.08
Madhya Pradesh,Madh_District_15,2014.0,Kharif,Mustard,43763.66,1235.43,54066.94
Andhra Pradesh,Andh_District_03,2019.0,,Cotton,18626.9,735.27,13695.8
Uttar Pradesh,Utta_District_18,2014.0,Zaid,Groundnut,37150.22,1177.94,43760.73
Punjab,Punj_District_16,2010.0,Kharif,Sugarcane,,3988.55,51553.21
Haryana,Hary_District_08,2023.0,Rabi,Maize,26782.36,562.88,15075.25
Gujarat,Guja_District_17,2014.0,,Mustard,211.54,2797.97,591.88
Karnataka,Karn_District_15,2016.0,Kharif,Cotton,15317.28,1311.4,20087.08
Telangana,Tela_District_06,2021.0,Zaid,Cotton,30718.34,1527.96,46936.39
Andhra Pradesh,,2017.0,Zaid,Sugarcane,29651.14,,65431.17
Tamil Nadu,Tami_District_01,2021.0,Kharif,Maize,9418.64,1121.47,10562.72
Gujarat,Guja_District_19,2014.0,Rabi,Maize,11919.34,634.24,7559.72
Maharashtra,Maha_District_04,2021.0,Rabi,Wheat,15475.54,4558.8,70549.89
Maharashtra,Maha_District_10,2015.0,Kharif,Wheat,41584.97,2174.02,90406.56
Rajasthan,Raja_District_05,2022.0,Rabi,Groundnut,28834.1,3053.12,88033.97
Assam,Assa_District_10,2015.0,Kharif,Barley,41454.0,1563.31,64805.45
Karnataka,Karn_District_02,2012.0,Kharif,Sugarcane,14889.74,1858.03,27665.58
Madhya Pradesh,Madh_District_20,2019.0,Zaid,Mustard,2139.41,1916.1,4099.32
Punjab,Punj_District_09,2010.0,Zaid,Mustard,43907.9,4603.94,202149.34
Uttar Pradesh,Utta_District_09,2020.0,Kharif,Sugarcane,5570.8,2561.26,14268.27
Uttar Pradesh,,2023.0,Kharif,Barley,19129.31,2702.12,51689.69
Telangana,Tela_District_03,2010.0,Kharif,Jowar,27780.5,591.16,16422.72
Karnataka,Karn_District_11,2015.0,Rabi,Groundnut,42127.89,4881.49,205646.87
Tamil Nadu,Tami_District_19,2012.0,Rabi,Mustard,32704.9,3472.04,113552.72
Telangana,,2012.0,Rabi,Maize,26446.19,2004.23,53004.25
Madhya Pradesh,Madh_District_17,2019.0,Kharif,Sugarcane,7533.99,3128.29,23568.51
Bihar,Biha_District_01,2022.0,Rabi,Maize,2342.58,4210.26,9862.87
Tamil Nadu,Tami_District_05,2019.0,Rabi,Wheat,21103.49,2366.39,49939.09
Karnataka,Karn_District_11,2014.0,Rabi,Barley,16425.83,4862.09,79863.86
Rajasthan,Raja_District_09,2020.0,Zaid,Jowar,8828.36,1180.89,
Odisha,Odis_District_03,,Rabi,,8360.02,3463.37,28953.84
Odisha,Odis_District_02,2023.0,Zaid,Jowar,,1559.64,
Uttar Pradesh,Utta_District_06,2023.0,Zaid,Wheat,45290.31,1753.77,79428.79
Karnataka,Karn_District_09,2021.0,Rabi,Barley,32430.21,682.25,22125.51
Rajasthan,Raja_District_01,2019.0,Zaid,Barley,24833.13,3445.56,85564.04
Karnataka,Karn_District_02,2010.0,Rabi,Wheat,26862.36,1570.26,42180.89
West Bengal,West_District_15,2010.0,Zaid,Soybean,41442.0,4865.61,201640.61
Madhya Pradesh,Madh_District_01,2015.0,Zaid,Maize,23013.89,3361.64,77364.41
Tamil Nadu,Tami_District_08,2011.0,Kharif,Jowar,39541.62,,62740.69
Gujarat,Guja_District_07,2019.0,Kharif,Jowar,43236.07,1760.9,76134.4
Telangana,Tela_District_17,2010.0,Zaid,Soybean,38813.96,1004.45,38986.68
Punjab,Punj_District_07,2019.0,Rabi,Rice,14490.5,,42041.14
Odisha,Odis_District_03,2018.0,Kharif,Sugarcane,26293.61,4326.94,113770.87
Maharashtra,Maha_District_07,2011.0,Kharif,Soybean,49806.75,982.45,48932.64
Telangana,Tela_District_02,2015.0,Kharif,Rice,13642.27,2109.19,28774.14
Punjab,Punj_District_19,2020.0,Rabi,Maize,23998.03,2722.59,65336.8
Telangana,Tela_District_09,2022.0,Kharif,Groundnut,42824.13,3967.52,169905.59
West Bengal,West_District_10,2012.0,Rabi,Barley,1040.69,2547.6,2651.26
Assam,,2020.0,Kharif,Mustard,30941.88,2571.78,79575.71
Bihar,Biha_District_09,2023.0,Zaid,Mustard,6619.2,2288.63,15148.9
Rajasthan,Raja_District_13,2023.0,Rabi,Sugarcane,20641.62,1344.72,27757.2
Madhya Pradesh,Madh_District_18,,Kharif,Maize,37839.73,1946.3,73647.47
Haryana,Hary_District_05,2014.0,Kharif,Cotton,29490.47,2820.79,83186.42
Karnataka,Karn_District_06,2018.0,Kharif,Barley,43883.61,1049.07,46036.98
Haryana,Hary_District_19,2016.0,Zaid,Barley,5801.72,1851.44,10741.54
West Bengal,West_District_10,2015.0,Kharif,Sugarcane,21617.63,1843.44,
Odisha,Odis_District_03,2016.0,Rabi,Sugarcane,38183.04,1603.7,61234.14
Maharashtra,Maha_District_07,2022.0,Kharif,Jowar,4330.26,2362.1,10228.51
Rajasthan,Raja_District_02,2014.0,Zaid,Groundnut,38691.63,4327.53,167439.19
Odisha,Odis_District_06,2013.0,Rabi,Jowar,36693.91,3010.49,110466.65
Rajasthan,Raja_District_12,2015.0,Kharif,Soybean,36237.17,3566.25,129230.81
Punjab,Punj_District_06,2018.0,Zaid,Rice,11794.89,2978.42,35130.14
Bihar,Biha_District_10,2021.0,Kharif,Cotton,38553.41,1927.04,74293.96
Odisha,Odis_District_11,2011.0,Rabi,Wheat,32733.26,2666.66,87288.48
Gujarat,Guja_District_16,2011.0,Kharif,Cotton,25207.63,905.25,22819.21
Tamil Nadu,Tami_District_12,2011.0,Rabi,Jowar,33344.24,4395.59,146567.61
Punjab,Punj_District_14,2018.0,Rabi,Sugarcane,7157.42,2147.48,15370.42
Odisha,Odis_District_13,2018.0,Zaid,Barley,2528.51,633.34,1601.41
Maharashtra,Maha_District_10,2021.0,Rabi,Maize,49483.96,2720.62,134627.05
Karnataka,Karn_District_05,2016.0,Zaid,Mustard,17840.4,1736.95,30987.88
,Utta_District_13,2017.0,Zaid,Rice,49002.63,1635.13,80125.67
Punjab,Punj_District_16,2014.0,Kharif,Rice,36312.85,1776.91,64524.67
Tamil Nadu,Tami_District_09,2022.0,Rabi,Maize,3617.43,3574.74,
Odisha,Odis_District_07,2017.0,Kharif,Soybean,181.38,,642.24
Karnataka,Karn_District_15,2013.0,Kharif,Wheat,12593.79,3857.47,48580.17
Maharashtra,Maha_District_08,,Rabi,Jowar,38510.53,3758.48,144741.06
Assam,Assa_District_08,2018.0,Kharif,Maize,1321.72,3666.81,4846.5
Odisha,Odis_District_09,2020.0,,Cotton,49508.27,1591.81,78807.76
Tamil Nadu,Tami_District_02,2017.0,Zaid,,13784.5,4160.87,57355.51
Haryana,Hary_District_13,2023.0,Rabi,Groundnut,8103.8,3472.63,28141.5
Odisha,Odis_District_01,2015.0,Kharif,Cotton,37775.82,667.22,25204.78
Andhra Pradesh,Andh_District_14,,Zaid,Rice,27732.73,3091.45,85734.35
Uttar Pradesh,,2015.0,Kharif,Wheat,15241.8,4443.55,67727.7
Gujarat,Guja_District_05,2017.0,Kharif,Sugarcane,8221.21,2138.88,17584.18
Tamil Nadu,Tami_District_14,2015.0,Rabi,Mustard,42448.57,1357.89,57640.49
Uttar Pradesh,Utta_District_10,2010.0,Kharif,Rice,41086.57,855.81,35162.3
Uttar Pradesh,Utta_District_14,2015.0,Rabi,Groundnut,24512.53,838.99,20565.77
Assam,Assa_District_10,2016.0,Kharif,Cotton,33927.39,4057.71,137667.51
Gujarat,Guja_District_19,2014.0,Kharif,,42507.94,4915.68,208955.43
West Bengal,West_District_06,,Kharif,Jowar,33633.58,3960.78,133215.21
Gujarat,Guja_District_14,2018.0,Kharif,Sugarcane,25337.34,4607.32,116737.23
Odisha,Odis_District_16,2013.0,Rabi,Groundnut,32223.54,4475.98,144231.92
Odisha,Odis_District_04,2022.0,Rabi,,11849.06,2735.32,32410.97
Punjab,Punj_District_09,,Kharif,Groundnut,36517.96,1412.25,51572.49
Odisha,Odis_District_05,2014.0,Zaid,Wheat,10645.86,4901.19,52177.38
Maharashtra,Maha_District_12,2013.0,Rabi,Mustard,21787.06,1318.17,28719.05
Punjab,Punj_District_06,2013.0,Kharif,Cotton,16640.05,2288.19,38075.6
Gujarat,Guja_District_13,2023.0,Kharif,Barley,31191.95,,145153.92
Madhya Pradesh,Madh_District_09,2010.0,Kharif,Wheat,49330.84,3432.64,169335.01
Gujarat,Guja_District_11,2022.0,Zaid,Wheat,35026.13,1948.23,68238.96
Telangana,Tela_District_13,2013.0,Kharif,Barley,42872.21,1480.09,63454.73
Gujarat,Guja_District_08,2017.0,Rabi,Groundnut,5408.39,4879.65,26391.05
Rajasthan,Raja_District_03,2019.0,Rabi,Cotton,43220.52,1866.4,80666.78
Assam,Assa_District_06,2017.0,Rabi,Jowar,33791.02,2601.58,87910.04
Gujarat,Guja_District_01,2019.0,Rabi,Groundnut,16224.1,1790.48,29048.93
Maharashtra,Maha_District_08,2023.0,Zaid,Mustard,6887.77,2971.93,20469.97
Rajasthan,Raja_District_05,2011.0,Rabi,Rice,22385.17,2804.84,62786.82
Karnataka,Karn_District_17,2018.0,Zaid,Sugarcane,10846.32,4723.75,51235.3
Madhya Pradesh,Madh_District_18,2022.0,Zaid,Wheat,31965.7,4548.2,145386.4
Andhra Pradesh,Andh_District_03,2015.0,Kharif,Rice,5552.63,3302.83,18339.39
Maharashtra,Maha_District_20,2014.0,Rabi,Soybean,42488.14,1989.14,84514.86
Maharashtra,Maha_District_20,2011.0,Zaid,Sugarcane,9837.64,1692.6,16651.19
Haryana,Hary_District_04,2016.0,Rabi,Barley,13719.39,2512.4,
Assam,Assa_District_08,2014.0,Zaid,Jowar,16365.58,1720.73,28160.74
,,2020.0,Kharif,Cotton,,738.65,23977.14
Bihar,Biha_District_18,,,Rice,17084.15,3603.88,61569.23
Punjab,Punj_District_02,2019.0,Rabi,Groundnut,8874.9,1494.18,13260.7
Rajasthan,Raja_District_18,2015.0,Rabi,Cotton,10113.26,504.17,5098.8
Gujarat,Guja_District_02,,Zaid,Wheat,23741.01,675.31,16032.54
Rajasthan,Raja_District_12,2012.0,,Soybean,13719.7,4976.62,68277.73
,Assa_District_02,,Rabi,Wheat,45927.97,1467.84,67414.91
Maharashtra,Maha_District_07,2016.0,Zaid,Mustard,15569.12,2586.67,40272.18
,Hary_District_12,,Kharif,Maize,42236.24,4111.91,173671.62
West Bengal,West_District_13,2013.0,Kharif,Mustard,6399.45,1060.02,6783.54
Odisha,Odis_District_15,2013.0,Kharif,Mustard,20894.94,4415.43,92260.14
Gujarat,Guja_District_07,2014.0,Zaid,Groundnut,44116.04,983.15,43372.68
West Bengal,West_District_04,2010.0,,Mustard,28757.43,,34524.45
Haryana,Hary_District_19,2017.0,Rabi,Jowar,34337.85,4623.95,158776.5
Tamil Nadu,Tami_District_17,2017.0,Zaid,Wheat,22792.99,873.87,19918.11
Tamil Nadu,Tami_District_05,2017.0,Zaid,Wheat,29004.78,2338.33,67822.75
Tamil Nadu,Tami_District_15,2015.0,Rabi,Groundnut,40563.85,2031.55,82407.49
Assam,Assa_District_06,2023.0,Kharif,Rice,43757.37,1731.65,75772.45
Rajasthan,Raja_District_10,2017.0,Kharif,Soybean,7960.13,1879.16,14958.36
Rajasthan,Raja_District_20,2010.0,Zaid,Soybean,1842.3,1765.61,3252.78
,Tami_District_03,2018.0,Rabi,Wheat,33039.87,1140.27,37674.37
Odisha,Odis_District_01,2020.0,Rabi,Barley,5657.11,1095.73,6198.67
Uttar Pradesh,Utta_District_09,2023.0,Zaid,Mustard,3969.83,4435.86,17609.61
Odisha,Odis_District_17,2014.0,Rabi,Groundnut,47211.34,709.53,33497.86
Punjab,Punj_District_17,2017.0,Rabi,Groundnut,38027.58,3817.18,145158.12
Punjab,Punj_District_10,2013.0,Kharif,Rice,49845.78,2065.42,102952.47
Maharashtra,Maha_District_12,2015.0,Zaid,Cotton,14346.9,2538.87,36424.91
Rajasthan,Raja_District_19,2015.0,Rabi,Cotton,42843.1,3778.67,161889.94
Tamil Nadu,Tami_District_07,2013.0,Rabi,Mustard,23634.03,1600.53,37826.97
Odisha,Odis_District_06,2023.0,Rabi,Mustard,36378.09,4345.37,158076.26
Assam,Assa_District_17,2011.0,Kharif,Rice,20057.57,3508.63,70374.59
Andhra Pradesh,Andh_District_14,2022.0,Zaid,Sugarcane,20070.58,2653.22,53251.66
Telangana,Tela_District_01,2020.0,Rabi,Jowar,26293.03,3990.77,104929.44
Assam,Assa_District_03,2012.0,Kharif,Mustard,48877.55,2499.65,122176.77
Rajasthan,Raja_District_16,2013.0,Zaid,Soybean,17181.52,2181.16,37475.64
Maharashtra,Maha_District_12,2013.0,Rabi,Cotton,6781.06,1836.22,12451.52
Uttar Pradesh,Utta_District_10,2018.0,Kharif,Mustard,4413.73,2425.52,10705.59
Karnataka,Karn_District_01,2012.0,Rabi,Barley,8451.13,2058.83,17399.44
Karnataka,Karn_District_12,2015.0,Zaid,Barley,39699.53,1606.67,63784.04
Bihar,Biha_District_03,2012.0,Zaid,Groundnut,30633.54,4555.32,139545.58
Andhra Pradesh,Andh_District_07,2013.0,Kharif,Maize,28389.77,1372.07,38952.75
Odisha,,2012.0,Zaid,,17303.83,3156.66,54622.31
Rajasthan,Raja_District_04,2020.0,Zaid,Mustard,25379.9,1168.79,29663.77
Andhra Pradesh,Andh_District_07,2023.0,Zaid,Soybean,22395.14,2943.8,65926.81
Haryana,Hary_District_11,2017.0,Rabi,Cotton,13439.9,3256.0,43760.31
Assam,Assa_District_14,2022.0,Zaid,Jowar,3600.99,2014.73,7255.02
Madhya Pradesh,Madh_District_16,2020.0,Rabi,Mustard,40233.41,1666.78,67060.24
Madhya Pradesh,Madh_District_03,2016.0,Kharif,Groundnut,30298.32,,71053.5
Madhya Pradesh,Madh_District_14,2011.0,Kharif,Wheat,15891.36,4622.59,73459.24
Karnataka,Karn_District_13,2023.0,Rabi,Jowar,17228.76,1565.04,26963.7
Telangana,Tela_District_14,2021.0,Kharif,,,3856.75,175382.39
Madhya Pradesh,Madh_District_04,2020.0,Kharif,Mustard,34121.81,,24667.0
Gujarat,Guja_District_19,2010.0,Kharif,Barley,,3372.53,22417.65
Tamil Nadu,Tami_District_13,2020.0,Rabi,Jowar,10550.7,1515.37,15988.21
Assam,Assa_District_01,2014.0,,Soybean,38979.01,1786.66,69642.24
Punjab,Punj_District_20,2013.0,Kharif,Cotton,3672.21,663.94,2438.13
,Tami_District_10,2011.0,Zaid,Sugarcane,22214.58,3277.08,72798.96
West Bengal,West_District_01,2011.0,Rabi,Rice,43457.37,998.62,43397.4
Andhra Pradesh,Andh_District_01,2018.0,Rabi,Barley,9913.97,2884.1,28592.88
Madhya Pradesh,Madh_District_14,2023.0,Kharif,Barley,18269.01,2671.42,48804.2
Haryana,,2012.0,Kharif,Groundnut,46213.82,2952.01,136423.66
Uttar Pradesh,Utta_District_16,2013.0,Kharif,Rice,20814.52,4952.48,103083.49
Haryana,Hary_District_07,2021.0,Kharif,Wheat,3354.26,4694.51,
Karnataka,Karn_District_01,2023.0,Rabi,Soybean,25132.93,2766.9,69540.3
Odisha,Odis_District_08,2011.0,Rabi,Barley,46106.02,2782.96,128311.21
West Bengal,West_District_04,2020.0,Zaid,Maize,21976.51,1726.2,37935.85
Madhya Pradesh,Madh_District_04,2013.0,Zaid,Cotton,32974.96,3063.4,101015.49
Maharashtra,Maha_District_13,2012.0,Rabi,Maize,10795.84,3692.36,39862.13
Odisha,Odis_District_02,2019.0,Rabi,Maize,32239.93,2288.0,73764.96
Andhra Pradesh,Andh_District_13,2010.0,Zaid,Jowar,319.61,2509.62,802.1
West Bengal,West_District_14,2012.0,Kharif,Rice,402.3,837.49,336.92
Telangana,Tela_District_16,2016.0,Zaid,Cotton,21587.43,868.64,18751.71
Punjab,Punj_District_12,2015.0,Kharif,Cotton,13855.71,3449.71,47798.18
,Hary_District_01,2017.0,Rabi,,15499.91,4989.42,77335.56
Maharashtra,Maha_District_10,2015.0,Rabi,Maize,45823.47,3133.89,143605.71
Punjab,Punj_District_11,2014.0,Zaid,Maize,48350.66,4406.08,213036.88
Odisha,Odis_District_11,,Kharif,Jowar,16013.04,3873.18,62021.39
Odisha,Odis_District_14,2016.0,Zaid,Wheat,6927.91,3580.48,24805.24
Punjab,Punj_District_13,2011.0,Rabi,Mustard,24604.98,575.72,
Karnataka,Karn_District_20,2015.0,Rabi,Barley,,4799.22,66152.78
Madhya Pradesh,Madh_District_05,2019.0,Rabi,Cotton,15859.99,1316.55,20880.47
Uttar Pradesh,Utta_District_13,2021.0,Kharif,Jowar,9457.82,2656.46,25124.32
Bihar,Biha_District_04,2014.0,Rabi,Jowar,42148.2,3911.01,164842.03
Uttar Pradesh,Utta_District_09,2022.0,Rabi,Sugarcane,21898.92,1439.27,31518.46
Bihar,Biha_District_04,2015.0,Kharif,Sugarcane,2398.64,2581.84,6192.9
Assam,Assa_District_02,2010.0,Kharif,Mustard,40757.29,3783.57,154208.06
Punjab,Punj_District_08,2016.0,Rabi,Sugarcane,20489.18,3176.16,65076.91
Punjab,Punj_District_17,2019.0,Zaid,Sugarcane,21868.7,3105.57,67914.78
Karnataka,Karn_District_01,2023.0,Rabi,Jowar,25923.51,3564.35,
Assam,Assa_District_02,2015.0,Rabi,Rice,25434.67,4732.75,120375.93
Gujarat,Guja_District_07,2010.0,Zaid,Rice,21458.61,571.62,12266.17
Odisha,Odis_District_01,2017.0,Zaid,Rice,11895.04,2752.73,32743.83
Haryana,Hary_District_18,2013.0,Kharif,Mustard,27074.54,2985.73,80837.27
,,2015.0,Rabi,Rice,35756.15,1735.92,62069.82
Andhra Pradesh,Andh_District_10,2016.0,Kharif,Groundnut,33278.69,3668.15,122071.23
Rajasthan,Raja_District_18,2021.0,Zaid,Maize,20622.91,2309.76,47633.97
Rajasthan,Raja_District_04,2017.0,Kharif,Jowar,9028.35,,21333.45
Gujarat,Guja_District_15,2011.0,Zaid,Barley,39362.13,4590.38,180687.13
Haryana,Hary_District_12,2018.0,Kharif,Wheat,29721.3,1847.17,54900.29
Telangana,Tela_District_06,2014.0,Kharif,Rice,34146.26,3830.66,130802.71
Haryana,Hary_District_08,2011.0,,Wheat,16677.42,4219.47,70369.87
Bihar,Biha_District_15,2020.0,Kharif,Wheat,3777.42,548.39,2071.5
Assam,Assa_District_07,2023.0,Rabi,Soybean,6236.24,,7496.21
Punjab,Punj_District_20,2014.0,Kharif,Sugarcane,43958.56,2412.42,106046.51
Punjab,Punj_District_19,2010.0,Rabi,Groundnut,13819.09,2430.84,33592.0
Gujarat,Guja_District_11,2022.0,Zaid,Barley,19802.56,1856.58,36765.04
Odisha,Odis_District_04,2023.0,Zaid,Wheat,,3451.62,24096.42
Rajasthan,Raja_District_16,2023.0,Rabi,Soybean,6916.56,3989.41,27592.99
Rajasthan,Raja_District_06,2013.0,Kharif,Barley,10164.23,3791.17,38534.32
Haryana,Hary_District_18,2010.0,Rabi,Sugarcane,40298.75,1063.97,42876.66
,Guja_District_03,2016.0,Zaid,Sugarcane,4428.61,4773.08,21138.11
Telangana,Tela_District_04,2020.0,Rabi,Cotton,23206.04,3336.06,77416.74
Odisha,Odis_District_13,2022.0,Zaid,Groundnut,1260.7,1754.2,2211.52
Karnataka,Karn_District_11,2010.0,Rabi,Wheat,25319.34,4487.98,113632.69
Andhra Pradesh,Andh_District_18,2018.0,Zaid,Soybean,13644.83,3988.36,54420.49
West Bengal,West_District_05,2021.0,Kharif,Wheat,33144.43,1018.72,33764.89
Tamil Nadu,Tami_District_09,2022.0,Zaid,Sugarcane,14739.42,1570.39,23146.64
Gujarat,Guja_District_08,2020.0,Zaid,Wheat,22182.13,3359.0,74509.77
Tamil Nadu,Tami_District_13,2020.0,Kharif,Wheat,21727.65,1600.41,34773.15
Gujarat,Guja_District_19,2019.0,Kharif,Maize,34824.35,3130.12,109004.39
Rajasthan,Raja_District_01,,Zaid,Jowar,26013.76,2994.89,77908.35
Andhra Pradesh,Andh_District_19,,Kharif,Sugarcane,11172.84,3561.94,39796.99
Telangana,Tela_District_11,2015.0,Rabi,Maize,19436.28,2135.61,41508.31
Gujarat,Guja_District_19,2011.0,Kharif,Mustard,7571.74,3185.77,24121.82
Odisha,Odis_District_17,2020.0,Rabi,Mustard,,2031.35,61291.82
Gujarat,Guja_District_17,2020.0,Rabi,Cotton,43006.52,4304.56,185124.15
Madhya Pradesh,Madh_District_14,2016.0,Kharif,Cotton,5541.81,3627.67,20103.86
Maharashtra,Maha_District_12,2022.0,Zaid,Wheat,19752.35,4998.72,98736.47
Uttar Pradesh,Utta_District_13,2014.0,Rabi,Maize,11328.68,1762.36,19965.21
Karnataka,Karn_District_01,2021.0,Zaid,Sugarcane,22161.1,,37878.2
Madhya Pradesh,Madh_District_02,2020.0,Kharif,Jowar,34630.47,2664.09,92258.69
Odisha,Odis_District_17,2013.0,Rabi,Soybean,11121.85,2778.68,30904.06
Bihar,Biha_District_16,2015.0,Zaid,Mustard,44450.51,4065.78,180725.99
Assam,Assa_District_10,2022.0,Kharif,Groundnut,24991.56,1798.22,44940.32
Punjab,Punj_District_08,2016.0,Kharif,Jowar,9076.33,4452.72,40414.36
Madhya Pradesh,Madh_District_08,2015.0,Kharif,Barley,35537.33,3074.73,109267.69
Odisha,Odis_District_11,2018.0,Zaid,Jowar,43983.79,1047.61,46077.86
Odisha,Odis_District_04,2021.0,Zaid,Jowar,34156.22,1475.21,50387.6
Odisha,Odis_District_15,2022.0,Rabi,Groundnut,6116.81,2595.24,15874.59
Maharashtra,Maha_District_06,2016.0,Rabi,Mustard,19430.91,4735.28,92010.8
Odisha,Odis_District_03,2020.0,Rabi,Wheat,16266.58,4167.06,67783.81
Gujarat,Guja_District_04,2019.0,Rabi,Groundnut,37466.47,3505.66,131344.71
Telangana,Tela_District_07,2016.0,Kharif,Cotton,46027.98,2335.66,107505.71
Rajasthan,Raja_District_05,2020.0,Zaid,Maize,19544.59,1224.26,23927.66
Maharashtra,Maha_District_19,2011.0,Kharif,Mustard,13860.53,4458.99,61803.96
Madhya Pradesh,Madh_District_01,2014.0,Zaid,Cotton,23771.67,2036.09,48401.26
Bihar,Biha_District_14,2016.0,Rabi,Maize,10883.99,2682.32,29194.34
Tamil Nadu,Tami_District_04,2011.0,Kharif,Maize,35861.6,1790.11,64196.21
Punjab,Punj_District_05,2012.0,Rabi,Sugarcane,37910.05,3334.04,126393.62
Haryana,Hary_District_13,2011.0,Zaid,Soybean,39399.37,1629.09,64185.12
Assam,Assa_District_06,2018.0,Kharif,Cotton,31588.3,1191.81,37647.25
Uttar Pradesh,Utta_District_11,2019.0,Kharif,Mustard,18253.47,3759.62,68626.11
Punjab,Punj_District_02,2012.0,Rabi,Mustard,31620.25,1345.37,42540.94
Karnataka,Karn_District_08,2016.0,Rabi,Cotton,42931.3,740.08,31772.6
Madhya Pradesh,Madh_District_18,2021.0,Kharif,Wheat,29801.26,4927.19,146836.47
Tamil Nadu,Tami_District_03,2023.0,Zaid,,26622.09,4103.02,109230.97
Andhra Pradesh,Andh_District_18,,Zaid,Soybean,29799.53,,119910.33
Assam,Assa_District_03,2016.0,Rabi,Mustard,32814.15,3610.09,118462.03
Telangana,Tela_District_01,2011.0,Rabi,Wheat,11467.78,3838.19,44015.52
Gujarat,Guja_District_19,2014.0,Zaid,Barley,11971.7,4912.88,58815.53
Uttar Pradesh,Utta_District_19,2020.0,Rabi,Groundnut,11466.58,1565.08,17946.12
Madhya Pradesh,Madh_District_14,2019.0,Zaid,,42947.79,1593.44,68434.73
Gujarat,Guja_District_01,2017.0,Kharif,Cotton,18109.05,3715.88,67291.06
Tamil Nadu,Tami_District_05,2019.0,Zaid,Barley,8021.55,1215.82,9752.76
West Bengal,West_District_07,,Kharif,Cotton,24369.29,1596.64,38908.98
Telangana,Tela_District_05,2023.0,Zaid,Jowar,11859.33,541.58,6422.78
Madhya Pradesh,Madh_District_07,,Rabi,Soybean,18585.43,1932.13,35909.47
Telangana,Tela_District_03,2014.0,Kharif,,1654.67,3295.55,5453.05
Madhya Pradesh,Madh_District_05,2010.0,Zaid,Mustard,31370.09,818.6,25679.56
Tamil Nadu,Tami_District_18,2022.0,Zaid,Mustard,15920.37,4427.62,70489.35
Punjab,Punj_District_16,2023.0,Rabi,Barley,29150.14,2353.89,68616.22
Assam,Assa_District_09,2014.0,Zaid,Soybean,23308.59,1437.26,33500.5
Maharashtra,Maha_District_01,2014.0,Zaid,Jowar,40612.89,4613.02,187348.07
West Bengal,,2011.0,Kharif,Rice,45542.14,1507.7,68663.88
Gujarat,,2020.0,Rabi,Jowar,15605.94,1222.8,19082.94
West Bengal,West_District_13,2015.0,Zaid,Soybean,15429.34,1997.62,30821.96
Assam,Assa_District_05,2022.0,Zaid,Soybean,31691.98,1353.41,42892.24
West Bengal,West_District_07,2018.0,Rabi,Maize,45977.91,963.95,44320.41
Uttar Pradesh,Utta_District_16,,Kharif,Groundnut,443.21,4347.25,1926.74
Rajasthan,Raja_District_02,2018.0,Rabi,Jowar,35218.11,2099.12,73927.04
West Bengal,West_District_11,2022.0,Kharif,,29815.44,1505.95,44900.56
Madhya Pradesh,Madh_District_10,2014.0,Rabi,Soybean,8502.64,2620.17,22278.36
Rajasthan,Raja_District_03,2017.0,Kharif,Rice,17724.07,3268.54,57931.83
Uttar Pradesh,Utta_District_16,2013.0,Kharif,Soybean,10985.64,3483.17,38264.85
Uttar Pradesh,Utta_District_19,2017.0,Rabi,Maize,38366.39,1249.86,47952.62
Tamil Nadu,Tami_District_14,2012.0,Zaid,Rice,2288.53,,5671.3
Andhra Pradesh,,2022.0,Kharif,Groundnut,38723.8,3428.51,132764.94
Telangana,Tela_District_14,2012.0,Zaid,Wheat,35123.9,2312.78,81233.85
Odisha,Odis_District_17,2023.0,Rabi,,11823.78,2893.0,34206.2
Karnataka,Karn_District_06,2021.0,Kharif,Sugarcane,10297.85,3768.03,38802.61
Maharashtra,Maha_District_06,2013.0,Kharif,Groundnut,9928.63,1810.68,17977.57
Telangana,Tela_District_07,2016.0,Rabi,Mustard,25376.58,2690.19,68267.82
West Bengal,West_District_14,2012.0,Zaid,Rice,30082.38,2468.5,74258.36
Gujarat,Guja_District_20,2014.0,Kharif,Cotton,45981.72,4279.7,196787.97
West Bengal,West_District_11,2019.0,Rabi,Wheat,43967.76,3332.82,146536.63
Andhra Pradesh,Andh_District_06,2019.0,Zaid,Jowar,31786.9,3241.39,103033.74
Telangana,Tela_District_01,2011.0,Zaid,Maize,21800.72,1949.48,42500.07
Bihar,Biha_District_12,2019.0,Rabi,Barley,29640.94,614.89,18225.92
Rajasthan,Raja_District_12,2014.0,Zaid,Cotton,472.08,4332.39,2045.23
West Bengal,West_District_13,2022.0,Kharif,Cotton,2416.56,2861.58,6915.18
Rajasthan,Raja_District_19,2017.0,Kharif,Maize,30787.89,1391.77,42849.66
Odisha,Odis_District_01,2018.0,Kharif,Sugarcane,44796.97,1355.43,60719.16
Telangana,Tela_District_02,2010.0,Kharif,Groundnut,44237.3,3933.46,174005.65
West Bengal,West_District_13,2010.0,Rabi,Wheat,12113.07,1178.35,14273.44
Haryana,,2013.0,Kharif,Jowar,15880.01,2290.78,36377.61
Rajasthan,Raja_District_08,2012.0,Rabi,Wheat,12364.66,4995.01,61761.6
Andhra Pradesh,Andh_District_10,2022.0,Zaid,Rice,11559.65,4237.86,48988.18
Gujarat,Guja_District_14,2016.0,Rabi,Sugarcane,8039.98,4911.1,39485.15
Tamil Nadu,Tami_District_13,2018.0,Rabi,Sugarcane,11353.62,2397.6,27221.44
Telangana,Tela_District_14,2020.0,Kharif,Maize,27972.35,1041.29,29127.33
Karnataka,Karn_District_16,2015.0,Rabi,Groundnut,40859.32,1736.08,70935.05
Madhya Pradesh,Madh_District_13,2016.0,Zaid,Groundnut,27508.57,,81792.61
Maharashtra,Maha_District_12,,Zaid,Sugarcane,30171.77,749.69,22619.47
West Bengal,West_District_06,2011.0,Kharif,Sugarcane,8514.08,1225.37,10432.9
Rajasthan,Raja_District_12,2017.0,Zaid,Wheat,15172.36,1152.11,17480.23
Maharashtra,Maha_District_09,2014.0,Kharif,Soybean,46103.87,2808.3,129473.5
Maharashtra,Maha_District_18,2016.0,Zaid,Jowar,31216.4,2108.7,65826.02
Andhra Pradesh,Andh_District_09,2010.0,Rabi,Sugarcane,13884.68,2764.3,38381.42
Odisha,Odis_District_17,2012.0,Rabi,Jowar,14786.72,2046.41,30259.69
,Tami_District_09,2021.0,Zaid,Barley,22692.27,2775.8,62989.2
Andhra Pradesh,Andh_District_04,2021.0,Rabi,Soybean,49217.27,1504.95,74069.53
Maharashtra,Maha_District_05,,Rabi,Maize,24450.01,1172.8,28674.97
Rajasthan,Raja_District_01,2017.0,Zaid,Rice,17564.96,3727.9,65480.41
Tamil Nadu,Tami_District_18,2014.0,Zaid,Soybean,8805.66,3116.08,27439.14
Assam,Assa_District_11,2014.0,Zaid,Barley,20893.38,732.11,15296.25
Rajasthan,Raja_District_17,2016.0,Rabi,Mustard,46660.45,2361.21,110175.12
Maharashtra,Maha_District_19,2012.0,Rabi,Jowar,39217.93,2373.41,93080.23
Punjab,Punj_District_07,2012.0,,Cotton,,1807.12,84707.45
Tamil Nadu,Tami_District_05,2016.0,Rabi,Wheat,20670.31,3914.89,80921.99
Telangana,Tela_District_09,2016.0,Rabi,,17249.0,2139.61,36906.13
Bihar,Biha_District_05,2010.0,Rabi,Sugarcane,49741.68,,149238.47
Andhra Pradesh,Andh_District_19,2023.0,Kharif,Wheat,34500.08,3395.58,117147.78
Assam,Assa_District_19,2023.0,Zaid,Barley,41413.41,4378.21,181316.61
Madhya Pradesh,Madh_District_07,2017.0,Rabi,Sugarcane,28206.48,1825.5,51490.93
Bihar,Biha_District_13,2019.0,Zaid,Wheat,1237.73,3264.81,4040.95
Karnataka,Karn_District_05,2011.0,Kharif,Jowar,41290.89,2527.43,104359.83
Gujarat,Guja_District_02,2012.0,Zaid,,8318.84,1796.37,14943.71
Gujarat,Guja_District_18,2021.0,Rabi,Groundnut,25548.45,4265.07,108965.93
Karnataka,Karn_District_09,2022.0,Kharif,Mustard,8670.48,3254.67,28219.55
Tamil Nadu,Tami_District_09,2021.0,Zaid,Wheat,37693.09,4712.21,
Tamil Nadu,Tami_District_08,2022.0,Zaid,Mustard,5923.51,4668.76,27655.45
West Bengal,West_District_17,2022.0,Kharif,,30113.23,3950.16,118952.08
Bihar,,2012.0,Rabi,Wheat,2783.36,2777.67,7731.26
Gujarat,Guja_District_16,2018.0,Kharif,Maize,31169.22,1880.75,58621.51
Bihar,Biha_District_18,2017.0,Rabi,Barley,21639.35,2994.34,64795.57
Maharashtra,Maha_District_12,2010.0,Zaid,Groundnut,27672.14,688.38,19048.95
Uttar Pradesh,Utta_District_03,,Kharif,Sugarcane,22030.14,,32212.03
Andhra Pradesh,Andh_District_05,2013.0,Zaid,Cotton,45843.08,4894.61,224384.0
Uttar Pradesh,Utta_District_07,2021.0,Rabi,Sugarcane,15052.38,1288.33,
Uttar Pradesh,Utta_District_15,2016.0,Kharif,Wheat,11053.26,2649.89,29289.92
Gujarat,Guja_District_05,2010.0,Zaid,Soybean,43737.83,2750.16,120286.03
Uttar Pradesh,Utta_District_12,2016.0,Kharif,Jowar,2864.06,679.49,1946.1
Andhra Pradesh,Andh_District_08,2021.0,Rabi,Jowar,11446.81,4292.47,49135.09
Andhra Pradesh,Andh_District_07,2017.0,Zaid,,31111.88,3033.31,94371.98
Maharashtra,Maha_District_05,2018.0,Zaid,Barley,16016.58,4682.41,74996.19
Madhya Pradesh,Madh_District_20,2023.0,Kharif,Sugarcane,16625.79,4257.25,70780.14
Gujarat,Guja_District_01,2023.0,,Groundnut,44805.59,2675.01,119855.4
West Bengal,West_District_04,2018.0,Kharif,Jowar,44725.03,1745.61,78072.46
West Bengal,West_District_02,2019.0,Zaid,Mustard,32955.83,895.84,29523.15
Karnataka,Karn_District_16,2014.0,Zaid,Sugarcane,23749.32,1477.99,35101.26
Karnataka,Karn_District_07,2018.0,Zaid,Groundnut,3231.89,516.76,1670.11
Gujarat,Guja_District_06,2015.0,Zaid,Mustard,16305.13,3152.89,
Andhra Pradesh,Andh_District_20,2010.0,Rabi,Cotton,22815.99,1857.96,42391.2
Haryana,Hary_District_03,2012.0,Zaid,Soybean,49560.88,4727.86,234316.9
Uttar Pradesh,Utta_District_17,2019.0,Zaid,Soybean,6370.1,2367.98,15084.27
,Odis_District_01,2017.0,Kharif,Maize,32477.46,3800.71,123437.41
Uttar Pradesh,Utta_District_01,2023.0,Kharif,Sugarcane,18381.97,3858.27,70922.6
Haryana,Hary_District_01,2012.0,Zaid,Maize,6295.09,1993.16,12547.12
Assam,Assa_District_11,2013.0,Rabi,Cotton,35850.02,3315.57,118863.25
Haryana,Hary_District_05,2020.0,Kharif,Jowar,41876.79,710.86,29768.53
Bihar,Biha_District_04,2022.0,Kharif,Barley,8802.15,718.23,6321.97
Madhya Pradesh,Madh_District_07,2010.0,Rabi,Groundnut,,519.27,5029.91
Uttar Pradesh,Utta_District_05,2019.0,Rabi,Barley,25260.09,2877.41,72683.64
Andhra Pradesh,Andh_District_12,2022.0,Kharif,Jowar,32928.8,2232.11,73500.7
Rajasthan,Raja_District_16,2017.0,Kharif,,260.06,3532.51,918.66
Haryana,Hary_District_04,2014.0,,Soybean,,4397.77,12353.91
Madhya Pradesh,Madh_District_15,2014.0,Rabi,Barley,1230.43,2887.14,3552.42
Uttar Pradesh,Utta_District_03,2014.0,Zaid,,44756.4,3076.2,137679.64
Tamil Nadu,Tami_District_17,2014.0,Kharif,Groundnut,30460.0,3567.25,108658.43
Tamil Nadu,Tami_District_14,2015.0,Kharif,Jowar,6208.2,3537.17,21959.46
Punjab,Punj_District_20,2023.0,Rabi,Mustard,44029.71,,215040.66
Rajasthan,Raja_District_10,2014.0,Kharif,Soybean,22208.29,2050.27,
Madhya Pradesh,Madh_District_12,2020.0,Zaid,Wheat,37690.15,2942.93,110919.47
West Bengal,West_District_02,2022.0,Kharif,Mustard,12939.5,,16494.11
Maharashtra,Maha_District_06,2012.0,Rabi,Groundnut,8594.49,2566.3,22056.04
Madhya Pradesh,Madh_District_18,2019.0,Zaid,Soybean,,588.74,5056.81
West Bengal,West_District_19,2020.0,Rabi,Mustard,2699.23,4684.48,12644.49
Tamil Nadu,Tami_District_12,2017.0,Rabi,Sugarcane,3740.77,829.31,3102.26
Punjab,Punj_District_07,2018.0,Rabi,Mustard,22614.3,1602.95,36249.59
Madhya Pradesh,Madh_District_16,2018.0,Kharif,,48138.42,4599.44,221409.77
Andhra Pradesh,Andh_District_20,2012.0,Zaid,Jowar,20296.69,2519.29,51133.25
Uttar Pradesh,Utta_District_12,2013.0,Rabi,Soybean,18818.17,670.4,12615.7
Bihar,Biha_District_11,2015.0,Kharif,,14713.06,1052.03,15478.58
Punjab,Punj_District_20,2016.0,Rabi,Groundnut,,3023.88,15749.21
Maharashtra,Maha_District_18,2022.0,Zaid,Rice,5028.37,963.19,4843.28
Telangana,Tela_District_06,2012.0,Rabi,Groundnut,24077.63,2490.27,59959.8
Assam,Assa_District_04,2010.0,Zaid,Rice,6967.98,520.02,3623.49
Haryana,Hary_District_14,2021.0,Kharif,Jowar,9729.42,1561.52,15192.68
Karnataka,Karn_District_09,2018.0,Kharif,Sugarcane,40032.4,4619.47,184928.47
Assam,Assa_District_03,2021.0,Kharif,Mustard,20356.63,2322.62,47280.72
Gujarat,Guja_District_03,2021.0,Rabi,Cotton,35652.82,3321.15,118408.36
Haryana,Hary_District_07,2020.0,,Soybean,9288.6,984.6,9145.56
Punjab,Punj_District_03,2018.0,Rabi,Rice,21936.83,3041.73,66725.91
Punjab,Punj_District_19,2022.0,Zaid,Rice,7021.51,1819.73,12777.25
Maharashtra,Maha_District_13,2023.0,Rabi,Jowar,15366.56,1675.84,25751.9
,West_District_18,2014.0,,Jowar,23091.99,3438.79,79408.5
Haryana,Hary_District_20,2022.0,Zaid,Sugarcane,25518.56,,35893.13
West Bengal,West_District_20,2011.0,Rabi,Sugarcane,5236.66,4198.42,21985.7
Maharashtra,Maha_District_09,2016.0,Zaid,Jowar,24017.3,779.63,
Maharashtra,Maha_District_01,2017.0,Kharif,Mustard,12980.26,4118.15,53454.66
Bihar,Biha_District_01,2011.0,Rabi,Groundnut,37611.14,4441.17,167037.47
Andhra Pradesh,Andh_District_16,2017.0,Rabi,Maize,30144.18,2403.08,72438.88
Assam,Assa_District_18,2018.0,Rabi,Cotton,21389.09,1373.0,29367.22
Punjab,Punj_District_07,2021.0,Rabi,Barley,32574.87,3132.81,102050.88
Rajasthan,Raja_District_19,2022.0,Rabi,Maize,7827.73,4485.48,35111.13
Telangana,Tela_District_10,2020.0,Zaid,Sugarcane,18486.56,723.82,13380.94
Bihar,Biha_District_11,2023.0,Zaid,Sugarcane,16461.26,,72665.93
Rajasthan,Raja_District_08,2016.0,Rabi,Rice,45856.13,2706.79,
Uttar Pradesh,Utta_District_06,2021.0,Zaid,Rice,47821.36,4438.59,212259.41
Telangana,,2012.0,Rabi,Groundnut,41279.01,4368.7,180335.61
West Bengal,West_District_03,2017.0,Zaid,Cotton,19155.58,3904.11,74785.49
Assam,Assa_District_11,2014.0,Zaid,Maize,28909.22,3738.58,108079.43
Andhra Pradesh,Andh_District_17,2023.0,Rabi,Mustard,8971.53,3791.27,34013.49
Bihar,Biha_District_18,,Rabi,Jowar,47883.86,1861.98,89158.79
Rajasthan,Raja_District_10,,Zaid,Sugarcane,49309.45,2202.69,
Uttar Pradesh,Utta_District_13,2020.0,Rabi,Mustard,10066.2,1005.29,10119.45
Rajasthan,Raja_District_14,2023.0,Kharif,Wheat,39269.6,2996.71,117679.6
Rajasthan,Raja_District_19,2010.0,Zaid,Mustard,15425.85,3238.03,49949.37
Maharashtra,Maha_District_10,2018.0,Rabi,Groundnut,16671.85,2517.61,41973.22
Gujarat,Guja_District_06,2019.0,Rabi,Cotton,43146.94,3506.75,151305.53
Rajasthan,Raja_District_04,2020.0,,Maize,38143.85,3125.72,119226.99
Gujarat,Guja_District_09,2021.0,Rabi,Soybean,49570.76,1586.35,78636.58
Punjab,Punj_District_02,2015.0,Rabi,Mustard,,916.52,12087.37
Telangana,Tela_District_09,2010.0,Kharif,Sugarcane,27745.57,3260.12,90453.89
Andhra Pradesh,Andh_District_08,2017.0,,Mustard,36325.48,2009.51,72996.42
Tamil Nadu,Tami_District_14,2016.0,Rabi,Mustard,711.61,3345.03,2380.36
Assam,Assa_District_09,2017.0,Kharif,Jowar,49934.91,1825.47,91154.68
Telangana,Tela_District_19,2016.0,Zaid,Mustard,9278.33,1767.95,16403.62
West Bengal,West_District_08,2013.0,Zaid,Soybean,21328.23,1629.11,34746.03
Karnataka,Karn_District_01,2017.0,Rabi,Wheat,17413.31,3371.93,58716.46
Odisha,Odis_District_16,2021.0,Kharif,Wheat,17316.9,2282.27,39521.84
Odisha,Odis_District_17,2020.0,Zaid,Jowar,2097.56,4630.74,9713.25
Haryana,Hary_District_10,2015.0,Kharif,Sugarcane,20403.61,1976.65,40330.8
Haryana,Hary_District_11,2016.0,Kharif,Groundnut,4415.56,3353.82,14808.99
Gujarat,Guja_District_07,2018.0,Kharif,Maize,43204.87,685.19,29603.54
Haryana,,2011.0,Zaid,Mustard,7349.1,1158.75,8515.77
Haryana,Hary_District_05,2014.0,Zaid,Groundnut,30153.52,4645.54,140079.38
Uttar Pradesh,Utta_District_13,2013.0,Zaid,Rice,21944.64,2047.13,44923.53
West Bengal,West_District_14,2019.0,Rabi,Barley,,3841.56,147191.1
Maharashtra,Maha_District_05,2013.0,Rabi,Maize,12413.13,1223.72,15190.2
Telangana,Tela_District_05,2023.0,Rabi,Cotton,17954.72,3990.22,71643.28
Uttar Pradesh,Utta_District_17,,Zaid,Cotton,34783.66,3496.34,121615.5
Assam,Assa_District_16,2023.0,Kharif,Wheat,41488.49,1747.09,72484.13
Tamil Nadu,Tami_District_12,,Zaid,Barley,17050.22,690.53,11773.69
Andhra Pradesh,Andh_District_10,2019.0,Zaid,,43450.41,3120.93,135605.69
Haryana,Hary_District_11,2021.0,Rabi,Sugarcane,14976.3,812.37,12166.3
,Madh_District_06,2017.0,Zaid,Soybean,36198.13,3869.32,140062.15
Punjab,Punj_District_19,2010.0,Kharif,Barley,33342.31,1417.01,47246.39
Andhra Pradesh,Andh_District_14,2010.0,Rabi,Jowar,45669.48,3889.21,177618.2
Gujarat,Guja_District_04,2016.0,Kharif,Groundnut,32922.04,3429.25,112897.91
,Punj_District_12,2013.0,Kharif,Sugarcane,,4677.38,211545.97
Rajasthan,Raja_District_09,2019.0,Kharif,,29822.31,2375.01,70828.28
Maharashtra,Maha_District_20,,Kharif,Barley,18250.33,4185.85,76393.14
Madhya Pradesh,Madh_District_11,2018.0,Zaid,Groundnut,32265.81,847.7,27351.73
Andhra Pradesh,Andh_District_15,2015.0,Kharif,Wheat,,4550.84,32743.66
Madhya Pradesh,Madh_District_13,2016.0,Rabi,Sugarcane,44236.46,4783.25,211594.05
West Bengal,,2011.0,Zaid,Soybean,21449.76,4028.27,86405.42
Gujarat,Guja_District_09,2013.0,Zaid,Cotton,41428.43,1920.64,79569.1
Assam,Assa_District_20,2011.0,Kharif,Maize,7352.35,4986.62,36663.38
Bihar,Biha_District_05,2011.0,Rabi,Barley,1607.94,3188.01,5126.13
West Bengal,West_District_20,2021.0,Kharif,Barley,32545.59,3568.05,116124.29
Bihar,Biha_District_09,2018.0,Zaid,Groundnut,12855.82,3747.11,48172.17
Haryana,Hary_District_08,2020.0,Zaid,Mustard,10898.34,,46107.28
Punjab,Punj_District_07,2023.0,Zaid,Wheat,11033.92,3635.18,40110.29
Odisha,Odis_District_10,2014.0,Rabi,Rice,39192.33,,52919.84
Maharashtra,Maha_District_20,2022.0,Rabi,Jowar,11975.53,4005.97,47973.61
,West_District_11,,Zaid,Maize,4391.35,1358.42,5965.3
Madhya Pradesh,Madh_District_01,2017.0,Kharif,Wheat,22830.99,,106981.91
West Bengal,West_District_11,2012.0,Rabi,Cotton,28137.7,2244.55,63156.47
Andhra Pradesh,Andh_District_02,,Kharif,Jowar,48920.67,2586.7,126543.1
Andhra Pradesh,Andh_District_08,2022.0,Kharif,Wheat,21743.38,2352.4,51149.13
Uttar Pradesh,Utta_District_20,2013.0,Zaid,Rice,15677.79,1965.63,30816.73
Tamil Nadu,Tami_District_12,2011.0,Zaid,Groundnut,34423.07,683.76,23537.12
Maharashtra,Maha_District_01,2022.0,Rabi,Mustard,34122.65,1405.42,47956.65
Tamil Nadu,Tami_District_17,,Rabi,Groundnut,19271.98,1159.43,22344.51
Andhra Pradesh,Andh_District_08,2011.0,Rabi,Maize,27682.28,3782.08,104696.6
Assam,Assa_District_01,2012.0,Kharif,Cotton,,1235.37,21986.26
Haryana,Hary_District_10,2021.0,Zaid,Maize,11402.63,4181.51,47680.21
Madhya Pradesh,,2014.0,Zaid,Jowar,13455.67,3986.16,53636.45
Haryana,Hary_District_02,2022.0,Zaid,Maize,16626.85,1349.3,22434.61
Karnataka,Karn_District_18,2019.0,Zaid,Jowar,36392.7,2608.45,94928.54
Madhya Pradesh,Madh_District_02,2012.0,Kharif,Barley,1660.73,4819.74,8004.29
Bihar,Biha_District_07,2019.0,Kharif,Soybean,7472.9,2090.33,15620.83
Odisha,Odis_District_07,2012.0,Rabi,Rice,19301.25,2702.43,52160.28
Karnataka,Karn_District_13,,Zaid,Maize,39293.66,527.41,20723.87
,Odis_District_02,2016.0,,Rice,46630.36,3406.95,158867.31
Maharashtra,Maha_District_04,2023.0,Zaid,Cotton,47537.38,4178.25,198623.06
Bihar,Biha_District_16,2017.0,Rabi,Rice,46399.13,3204.5,148686.01
Andhra Pradesh,Andh_District_12,2011.0,Zaid,Mustard,17929.72,2493.11,44700.76
Madhya Pradesh,Madh_District_11,2017.0,Kharif,Sugarcane,32935.81,2421.19,79743.85
Haryana,Hary_District_03,2021.0,Kharif,Groundnut,36610.47,913.32,33437.07
Madhya Pradesh,Madh_District_02,2010.0,Rabi,Jowar,41516.33,,58905.44
Uttar Pradesh,Utta_District_15,2023.0,Zaid,Barley,47202.99,1199.96,56641.7
Rajasthan,Raja_District_17,2012.0,Zaid,Barley,6545.29,4153.44,27185.47
Karnataka,Karn_District_04,2012.0,Rabi,Jowar,40953.22,3824.42,156622.31
Gujarat,Guja_District_07,2014.0,Rabi,Sugarcane,,1717.43,82488.97
Uttar Pradesh,Utta_District_05,2014.0,Rabi,Wheat,41349.77,2084.18,86180.36
Andhra Pradesh,Andh_District_08,2014.0,Zaid,Barley,26916.19,2505.2,67430.44
Punjab,Punj_District_18,2021.0,Zaid,Jowar,391.92,3085.08,1209.1
West Bengal,West_District_04,2011.0,Zaid,Barley,37400.54,1285.49,48078.02
Haryana,Hary_District_08,2019.0,Rabi,Barley,46589.63,2886.8,134494.94
Haryana,Hary_District_01,2015.0,Rabi,Mustard,,3406.76,30642.03
Punjab,Punj_District_16,2023.0,Zaid,Wheat,9676.94,785.9,7605.11
Bihar,Biha_District_07,2010.0,Rabi,Soybean,34297.23,998.13,34233.09
Telangana,Tela_District_02,2019.0,Kharif,Barley,5400.25,3829.75,20681.61
Maharashtra,Maha_District_02,2018.0,Zaid,Sugarcane,2854.59,4143.96,11829.31
Punjab,Punj_District_13,2010.0,Rabi,Barley,39827.82,1136.27,45255.16
Punjab,Punj_District_08,2016.0,Kharif,Mustard,25967.19,934.81,24274.39
Uttar Pradesh,Utta_District_01,2020.0,Rabi,Wheat,31665.3,783.19,24799.95
Gujarat,Guja_District_05,2014.0,Zaid,Cotton,47229.59,1434.79,67764.54
Gujarat,Guja_District_02,2018.0,Rabi,Wheat,34176.44,1077.31,36818.62
Assam,Assa_District_05,2012.0,Kharif,Cotton,10558.86,2529.27,26706.21
Haryana,Hary_District_15,2023.0,Kharif,Soybean,28697.5,4994.88,143340.57
Tamil Nadu,Tami_District_15,2022.0,Kharif,Cotton,1393.72,,698.83
Telangana,Tela_District_07,2019.0,Kharif,Barley,17583.32,2147.7,37763.7
Madhya Pradesh,,2016.0,Zaid,Maize,44203.48,4606.62,203628.64
West Bengal,West_District_04,2019.0,,Maize,44038.2,1144.3,50392.91
Bihar,Biha_District_06,2021.0,Rabi,Jowar,20664.03,3856.48,79690.42
Karnataka,Karn_District_19,2017.0,Zaid,Rice,15699.29,3484.57,54705.27
Madhya Pradesh,Madh_District_06,2013.0,Rabi,Jowar,11933.43,1955.39,23334.51
West Bengal,West_District_13,2019.0,Rabi,Cotton,43035.44,1627.29,70031.14
West Bengal,West_District_11,2014.0,Kharif,Barley,48219.77,1878.17,90564.93
Assam,Assa_District_14,2013.0,Kharif,Sugarcane,1274.05,1647.05,2098.42
Andhra Pradesh,Andh_District_20,2017.0,Zaid,Cotton,8643.13,2780.72,24034.12
Haryana,Hary_District_05,2014.0,Zaid,Soybean,,3317.22,18989.53
Odisha,Odis_District_01,2022.0,Rabi,Soybean,43757.46,2131.33,93261.59
Haryana,Hary_District_07,2022.0,Kharif,Groundnut,8507.79,2300.11,19568.85
Madhya Pradesh,Madh_District_15,2010.0,Zaid,Mustard,39319.74,3161.69,124316.83
Odisha,Odis_District_11,2022.0,Kharif,Sugarcane,5147.05,2917.34,15015.69
,Maha_District_06,2011.0,Zaid,Jowar,,1972.01,46258.35
Assam,Assa_District_16,2021.0,Zaid,Jowar,5597.01,4915.0,27509.3
Karnataka,Karn_District_12,2015.0,Kharif,Wheat,8884.56,1367.34,12148.21
Tamil Nadu,Tami_District_19,2015.0,Zaid,Jowar,7364.58,3065.87,22578.84
Assam,Assa_District_14,2020.0,Kharif,Sugarcane,22239.11,1623.01,36094.3
Madhya Pradesh,Madh_District_01,2012.0,Rabi,Soybean,21528.23,3530.85,76012.95
Punjab,Punj_District_05,2020.0,Kharif,Mustard,14156.86,,65385.02
Madhya Pradesh,Madh_District_20,2021.0,Rabi,Maize,15386.68,1391.81,21415.34
Telangana,Tela_District_10,2016.0,Kharif,Rice,,4147.52,197973.32
West Bengal,West_District_10,2013.0,Rabi,Mustard,17222.57,4286.44,73823.51
Rajasthan,Raja_District_02,2015.0,Rabi,Groundnut,25988.83,2060.39,53547.13
Punjab,Punj_District_03,2012.0,Kharif,Maize,41996.62,3884.74,163145.95
West Bengal,West_District_01,2015.0,Zaid,Wheat,14963.95,3230.05,48334.31
Punjab,Punj_District_13,2017.0,Zaid,Groundnut,18532.57,504.73,
Uttar Pradesh,Utta_District_09,2019.0,Rabi,Rice,48094.61,2973.33,143001.15
Odisha,Odis_District_20,2021.0,Rabi,Soybean,29961.79,3199.51,95863.05
,Assa_District_20,2013.0,Zaid,Jowar,27577.01,1805.22,49782.57
Bihar,Biha_District_08,2019.0,Zaid,,48581.65,3297.51,160198.48
Andhra Pradesh,Andh_District_15,2023.0,,Cotton,33578.98,2546.57,85511.22
Haryana,Hary_District_06,2020.0,,Jowar,14464.28,789.57,11420.56
Madhya Pradesh,Madh_District_09,2011.0,Rabi,Sugarcane,17576.49,1292.44,22716.56
Maharashtra,Maha_District_04,2023.0,Kharif,Wheat,33138.2,4455.52,147647.91
Madhya Pradesh,Madh_District_15,2015.0,Kharif,Soybean,15207.47,1997.97,30384.07
Bihar,Biha_District_14,2015.0,Kharif,Jowar,33551.19,1171.72,
Gujarat,Guja_District_11,2020.0,Rabi,,46478.93,2137.31,99339.88
Punjab,Punj_District_07,2012.0,Zaid,Mustard,5149.85,1286.08,6623.12
Assam,Assa_District_19,2019.0,Rabi,Groundnut,46644.03,1612.04,75192.04
Karnataka,Karn_District_02,2012.0,Zaid,Sugarcane,33147.21,1202.74,39867.48
Uttar Pradesh,Utta_District_01,2010.0,Zaid,Rice,9785.67,4456.57,43610.52
Punjab,Punj_District_11,2012.0,Zaid,Groundnut,7486.86,584.38,4375.17
Bihar,,2017.0,Kharif,Groundnut,25111.54,4382.27,110045.55
Uttar Pradesh,Utta_District_13,2016.0,Kharif,Barley,16366.95,1076.73,17622.79
Maharashtra,Maha_District_19,2014.0,Rabi,Groundnut,49113.32,3545.32,174122.44
Rajasthan,Raja_District_16,2022.0,Zaid,Rice,42549.46,3884.62,165288.48
Rajasthan,,2010.0,Kharif,Wheat,34942.29,2230.54,77940.18
Punjab,Punj_District_04,2014.0,Kharif,Soybean,16284.57,3726.31,60681.36
Gujarat,Guja_District_19,2017.0,Kharif,Jowar,35863.98,4777.65,171345.54
West Bengal,West_District_16,2023.0,Kharif,Barley,28476.12,1825.79,51991.42
Punjab,Punj_District_06,2021.0,Zaid,Jowar,24527.49,3261.71,80001.56
Rajasthan,Raja_District_06,2023.0,Zaid,Cotton,21393.82,4060.1,86861.05
Karnataka,Karn_District_03,2010.0,Kharif,,29272.2,542.46,15879.0
Bihar,Biha_District_07,2013.0,Zaid,Rice,28535.01,3351.22,95627.1
West Bengal,West_District_20,2017.0,Zaid,Barley,45771.54,2361.75,108100.93
Madhya Pradesh,Madh_District_16,2013.0,Kharif,Maize,28765.94,2637.49,75869.88
Haryana,Hary_District_08,2023.0,Zaid,Sugarcane,26629.66,802.87,21380.16
Rajasthan,Raja_District_15,2012.0,Zaid,Cotton,44874.46,4596.86,206281.61
Uttar Pradesh,Utta_District_10,2020.0,Zaid,Soybean,27448.17,3004.5,82468.03
Haryana,Hary_District_06,2016.0,,Cotton,2972.05,3190.78,
Bihar,Biha_District_18,2011.0,Kharif,Barley,21514.67,3690.7,79404.19
Odisha,Odis_District_11,2010.0,Rabi,Jowar,2451.53,3698.99,9068.18
Andhra Pradesh,Andh_District_09,,Rabi,Jowar,14416.0,3432.67,49485.37
Telangana,Tela_District_14,2011.0,Kharif,Cotton,31393.59,1520.79,47743.06
West Bengal,West_District_06,2010.0,Rabi,Maize,22078.57,4260.35,
,Tami_District_02,2022.0,Kharif,Wheat,30319.02,809.32,24537.79
Telangana,Tela_District_07,2021.0,Zaid,Wheat,22201.15,1902.97,42248.12
West Bengal,West_District_07,2023.0,Rabi,Maize,32118.12,3265.54,104883.01
Bihar,Biha_District_17,2018.0,Kharif,Rice,618.87,3234.63,2001.82
Bihar,Biha_District_01,2016.0,Rabi,Sugarcane,36769.0,3959.29,145579.13
Punjab,Punj_District_14,2012.0,Rabi,Groundnut,3042.89,1866.46,5679.43
Maharashtra,Maha_District_17,2011.0,Zaid,Mustard,21121.55,1308.97,27647.48
Tamil Nadu,Tami_District_11,2016.0,Rabi,Soybean,21094.62,820.08,17299.28
Tamil Nadu,Tami_District_16,2011.0,Rabi,Maize,5749.54,3509.13,20175.88
Maharashtra,Maha_District_04,2017.0,Zaid,Jowar,13202.37,3701.33,48866.33
Uttar Pradesh,Utta_District_02,2010.0,Rabi,Mustard,2500.62,3032.16,7582.28
Maharashtra,Maha_District_17,2011.0,Zaid,Mustard,19633.29,4086.37,80228.89
Haryana,Hary_District_10,2012.0,Rabi,Mustard,39219.18,2190.02,85890.79
Madhya Pradesh,Madh_District_07,2010.0,Kharif,Wheat,31173.43,,47507.37
Gujarat,Guja_District_20,2015.0,Kharif,Wheat,29062.3,865.69,25158.94
Madhya Pradesh,Madh_District_02,2022.0,Kharif,Jowar,21786.75,1322.27,28807.97
Andhra Pradesh,Andh_District_05,2015.0,Kharif,Rice,,2502.05,110542.37
Assam,Assa_District_19,2022.0,Kharif,Cotton,29579.61,2121.72,62759.65
Tamil Nadu,Tami_District_13,2017.0,Rabi,Jowar,14508.18,1413.14,20502.09
Odisha,Odis_District_05,2015.0,Kharif,Groundnut,45602.39,4097.6,186860.35
Gujarat,Guja_District_08,2023.0,Rabi,Wheat,6749.73,3860.26,26055.71
Maharashtra,Maha_District_14,2011.0,Rabi,Soybean,20984.69,569.28,11946.16
West Bengal,West_District_08,2021.0,Rabi,Wheat,26465.53,1085.21,28720.66
Madhya Pradesh,Madh_District_01,2012.0,Kharif,Barley,10575.72,3632.18,38412.92
Tamil Nadu,Tami_District_06,2013.0,Zaid,Barley,12931.39,4513.5,58365.83
Odisha,Odis_District_16,2023.0,Zaid,Soybean,32892.77,4245.28,139639.02
Telangana,,2023.0,Zaid,Jowar,30797.96,4409.82,135813.46
Punjab,Punj_District_15,2020.0,Kharif,Mustard,18148.07,2971.13,53920.28
Gujarat,Guja_District_01,2015.0,Kharif,Jowar,25842.93,,118026.21
Rajasthan,Raja_District_10,2021.0,Kharif,Cotton,8329.28,3101.27,25831.35
Odisha,Odis_District_06,2012.0,Kharif,Groundnut,37746.12,2165.22,81728.65
Bihar,Biha_District_13,2022.0,Zaid,Mustard,,2178.57,94533.21
Punjab,Punj_District_18,2016.0,Rabi,Mustard,8748.11,3128.22,27366.01
Rajasthan,Raja_District_05,2017.0,Zaid,Barley,21086.34,568.36,11984.63
Rajasthan,Raja_District_16,2013.0,Zaid,Mustard,3584.95,1378.75,4942.75
Maharashtra,Maha_District_05,2016.0,Kharif,Soybean,38489.56,4514.18,173748.8
Madhya Pradesh,Madh_District_01,2013.0,Zaid,Groundnut,27327.48,975.04,26645.39
Maharashtra,Maha_District_17,2021.0,Zaid,Sugarcane,26767.51,4350.22,116444.56
Uttar Pradesh,Utta_District_15,2022.0,Rabi,Soybean,37498.93,1809.94,67870.81
Maharashtra,Maha_District_04,2020.0,Kharif,Rice,6282.14,4553.07,28603.02
Karnataka,Karn_District_11,2014.0,Kharif,Maize,42719.03,741.72,31685.56
Andhra Pradesh,Andh_District_14,2020.0,Kharif,Wheat,41201.36,937.46,38624.63
Tamil Nadu,Tami_District_06,2023.0,Zaid,Sugarcane,3257.85,3913.7,12750.25
Bihar,Biha_District_12,2011.0,Zaid,Cotton,26861.9,2365.47,63541.02
Uttar Pradesh,,2010.0,Kharif,Groundnut,45202.72,4276.87,193326.16
Madhya Pradesh,Madh_District_03,2014.0,Rabi,Cotton,,3272.39,9736.7
Madhya Pradesh,Madh_District_18,2015.0,Kharif,Groundnut,38636.14,2977.21,
Andhra Pradesh,Andh_District_17,,Kharif,Soybean,49151.97,3587.21,176318.44
Gujarat,Guja_District_08,2013.0,Zaid,Barley,5296.74,1392.34,7374.86
Uttar Pradesh,Utta_District_01,2011.0,Kharif,Maize,41329.66,4985.41,206045.3
Tamil Nadu,Tami_District_03,2012.0,Rabi,Rice,,951.48,4764.18
Andhra Pradesh,Andh_District_04,2023.0,Zaid,Rice,38193.01,789.59,30156.82
Bihar,,2017.0,Zaid,Soybean,3521.15,4499.67,15844.01
Uttar Pradesh,Utta_District_13,2021.0,Kharif,,40042.45,4467.03,178870.83
Tamil Nadu,Tami_District_13,2010.0,Rabi,,32560.62,1951.41,63539.12
Odisha,Odis_District_18,2022.0,Kharif,Soybean,45325.03,1844.26,83591.14
Punjab,Punj_District_15,2014.0,Kharif,Groundnut,13847.99,4488.8,62160.86
Punjab,Punj_District_15,2023.0,Kharif,Sugarcane,34073.05,4530.52,154368.63
Rajasthan,Raja_District_15,2018.0,Rabi,Rice,7879.47,4785.34,37705.94
Uttar Pradesh,Utta_District_18,,Rabi,Jowar,30675.83,3506.16,107554.37
Odisha,Odis_District_15,2012.0,Kharif,Mustard,45711.62,2213.39,101177.64
Andhra Pradesh,Andh_District_11,2010.0,Zaid,Groundnut,36006.79,,121758.04
Bihar,Biha_District_13,2016.0,Rabi,Cotton,39408.86,4536.24,178768.05
Madhya Pradesh,Madh_District_16,2022.0,Zaid,Mustard,34035.04,804.38,27377.11
Tamil Nadu,Tami_District_05,2012.0,Zaid,Jowar,9238.7,4792.9,44280.17
,Utta_District_14,2017.0,Kharif,Groundnut,48435.66,4853.36,235075.69
Odisha,Odis_District_02,2012.0,Zaid,Cotton,1936.29,2221.02,4300.54
Punjab,Punj_District_08,,Zaid,Maize,38007.67,3887.99,147773.44
Madhya Pradesh,Madh_District_09,2017.0,Zaid,Rice,4386.85,3242.7,14225.24
Maharashtra,Maha_District_04,2016.0,Rabi,Mustard,7229.19,2719.44,19659.35
Tamil Nadu,Tami_District_19,2023.0,Rabi,Sugarcane,12060.32,739.23,8915.35
Rajasthan,Raja_District_04,2016.0,Kharif,Sugarcane,4092.97,4599.02,
Assam,Assa_District_17,2017.0,,Wheat,37257.83,4693.21,174858.82
Karnataka,Karn_District_06,2011.0,Rabi,Soybean,23552.5,2359.82,55579.66
Gujarat,Guja_District_18,2010.0,Kharif,Maize,17984.52,3273.38,58870.17
Madhya Pradesh,Madh_District_12,2020.0,Rabi,Maize,17642.81,3858.23,68070.02
Andhra Pradesh,Andh_District_03,2021.0,Zaid,Soybean,40085.73,4441.3,178032.75
Madhya Pradesh,Madh_District_20,2010.0,Kharif,Cotton,12215.77,2871.6,35078.81
,Andh_District_04,2019.0,Rabi,Barley,11249.89,669.0,7526.18
Gujarat,Guja_District_12,2018.0,Rabi,Sugarcane,35420.48,2970.42,105213.7
Madhya Pradesh,Madh_District_09,2012.0,Kharif,Sugarcane,36223.97,894.3,32395.1
Karnataka,Karn_District_05,2023.0,Kharif,Maize,49776.76,4974.57,247617.98
Haryana,Hary_District_05,2016.0,,Cotton,23303.49,4397.26,102471.5
Maharashtra,Maha_District_06,2012.0,Zaid,Sugarcane,12254.07,3819.05,46798.91
Odisha,Odis_District_15,2015.0,Zaid,Soybean,43973.37,4166.0,183193.06
Telangana,Tela_District_08,2011.0,Rabi,Sugarcane,40607.53,2583.62,104914.43
Maharashtra,Maha_District_15,2021.0,Zaid,Maize,41017.5,3608.17,147998.11
Telangana,Tela_District_03,2011.0,Rabi,Wheat,6709.32,1013.83,6802.11
Maharashtra,Maha_District_10,2022.0,Zaid,Rice,38618.91,3314.59,128005.85
Tamil Nadu,Tami_District_01,2012.0,Kharif,Cotton,26016.87,4582.68,119226.99
Haryana,Hary_District_07,2017.0,Zaid,,33013.56,2282.66,75358.73
Madhya Pradesh,Madh_District_11,2023.0,Zaid,Groundnut,20755.2,3223.6,66906.46
Tamil Nadu,Tami_District_01,2017.0,Zaid,Maize,38037.74,,115619.13
Gujarat,Guja_District_13,2021.0,Zaid,Maize,25487.17,3771.05,96113.39
Gujarat,Guja_District_08,2019.0,Kharif,Rice,35292.7,4236.56,149519.64
Rajasthan,Raja_District_08,2019.0,Zaid,,3221.33,3897.28,12554.42
Maharashtra,Maha_District_05,2020.0,Zaid,Cotton,25736.65,836.12,21518.93
Madhya Pradesh,Madh_District_01,2018.0,Zaid,Rice,33982.6,3724.43,126565.81
Maharashtra,Maha_District_16,2021.0,Zaid,Sugarcane,26229.0,4072.1,106807.11
Bihar,Biha_District_05,2010.0,,Rice,15082.38,1408.58,21244.74
Gujarat,Guja_District_16,2023.0,Rabi,Jowar,17601.62,2345.23,41279.85
Telangana,Tela_District_08,2019.0,Kharif,Barley,34827.09,4304.84,149925.05
West Bengal,West_District_17,2016.0,Zaid,Cotton,36073.82,1282.94,46280.55
Maharashtra,Maha_District_19,2010.0,Kharif,Soybean,18374.23,1212.86,22285.37
Odisha,Odis_District_16,2020.0,Rabi,Wheat,34367.54,1616.77,55564.41
Uttar Pradesh,Utta_District_05,2023.0,Zaid,Barley,26316.81,4063.23,106931.25
Assam,Assa_District_20,2018.0,Kharif,Cotton,33579.87,1842.68,61876.95
Uttar Pradesh,Utta_District_02,2022.0,Zaid,Wheat,16710.05,3440.14,57484.91
Telangana,Tela_District_19,2023.0,Rabi,Soybean,,933.77,25695.89
Maharashtra,Maha_District_14,2023.0,Kharif,Maize,43712.18,2806.76,122689.6
Uttar Pradesh,Utta_District_20,2012.0,Rabi,Barley,23720.71,,33042.47
Telangana,Tela_District_16,2021.0,Zaid,Jowar,18911.99,1997.71,37780.67
Maharashtra,Maha_District_05,2023.0,Zaid,Mustard,13609.71,3053.33,41554.94
Karnataka,Karn_District_16,2021.0,,Cotton,23167.54,4501.39,104286.13
Telangana,Tela_District_11,2021.0,Kharif,Barley,47073.06,1487.63,70027.3
Maharashtra,Maha_District_03,,Zaid,Cotton,5095.26,4034.02,20554.38
Uttar Pradesh,Utta_District_19,2012.0,Kharif,Wheat,49743.58,4386.2,218185.29
Assam,Assa_District_12,2016.0,Kharif,Mustard,,1630.69,2091.36
Madhya Pradesh,Madh_District_13,2015.0,Kharif,Jowar,2262.78,4193.51,9488.99
Haryana,Hary_District_10,2016.0,Rabi,Maize,29112.21,2811.73,81855.67
Haryana,Hary_District_14,2021.0,Kharif,Sugarcane,27767.05,1636.03,45427.73
,Tami_District_18,2019.0,Rabi,Cotton,30121.75,638.0,19217.68
Odisha,,2022.0,Zaid,Maize,,3804.95,123036.83
Madhya Pradesh,Madh_District_14,2012.0,Rabi,Soybean,33684.01,1994.53,67183.77
Rajasthan,Raja_District_01,2022.0,Rabi,Soybean,41330.52,3719.95,153747.47
,Karn_District_11,2022.0,Rabi,Wheat,6502.04,1378.15,8960.79
West Bengal,West_District_08,,Zaid,Jowar,31891.71,,57480.66
Gujarat,Guja_District_11,2010.0,Kharif,Maize,6059.7,1197.36,7255.64
Karnataka,Karn_District_01,2014.0,Kharif,Sugarcane,8364.3,2650.06,22165.9
West Bengal,West_District_05,2020.0,,Wheat,30408.53,1293.81,39342.86
Madhya Pradesh,Madh_District_18,2017.0,Kharif,Rice,35653.58,1764.56,62912.88
Madhya Pradesh,Madh_District_10,2019.0,Rabi,Barley,15646.75,1505.74,23559.94
Bihar,Biha_District_10,2010.0,Kharif,Barley,39281.79,4819.16,189305.23
Haryana,Hary_District_09,2013.0,Rabi,Cotton,24675.74,689.14,17005.04
Telangana,Tela_District_04,2015.0,Kharif,Sugarcane,13102.41,1211.23,15870.03
Karnataka,Karn_District_14,2022.0,Rabi,Cotton,42153.84,881.84,37172.94
Bihar,Biha_District_12,2014.0,Rabi,Soybean,48327.16,3148.31,152148.88
Assam,Assa_District_12,2010.0,Zaid,Barley,25935.22,4313.08,111860.68
Assam,Assa_District_15,2021.0,Kharif,Barley,1474.63,3997.19,5894.38
Odisha,Odis_District_03,2020.0,Zaid,Barley,5918.54,,25352.07
Uttar Pradesh,Utta_District_16,2012.0,Zaid,Cotton,26505.89,775.08,20544.19
Odisha,Odis_District_10,2020.0,Kharif,Maize,41678.93,622.91,25962.22
West Bengal,West_District_03,2017.0,Rabi,Cotton,7004.7,4090.21,28650.69
Gujarat,Guja_District_03,,Kharif,Sugarcane,23297.07,4466.25,104050.54
Gujarat,Guja_District_11,2013.0,Kharif,Cotton,31807.92,3305.88,105153.17
Maharashtra,Maha_District_19,2023.0,Rabi,Mustard,14682.53,1101.56,
Karnataka,Karn_District_09,2015.0,Rabi,Barley,48062.5,971.59,46697.04
,Madh_District_08,2016.0,,,26497.63,,45749.75
Maharashtra,Maha_District_15,2022.0,,Sugarcane,13280.62,3175.64,42174.47
Punjab,Punj_District_03,2017.0,Kharif,,39916.91,3997.31,159560.26
Gujarat,Guja_District_20,2014.0,Rabi,Soybean,43453.2,,79000.52
Tamil Nadu,Tami_District_13,2012.0,Kharif,Rice,23340.99,542.01,12651.05
West Bengal,West_District_08,2022.0,Kharif,Jowar,37368.2,1860.54,69525.03
Andhra Pradesh,Andh_District_02,2015.0,Rabi,Sugarcane,28118.53,1261.85,35481.37
Karnataka,Karn_District_02,2016.0,Zaid,Sugarcane,40988.04,,171236.55
Madhya Pradesh,Madh_District_19,2015.0,Zaid,,43884.9,706.72,31014.34
,,2010.0,Rabi,Groundnut,49623.69,1615.01,80142.76
Tamil Nadu,Tami_District_12,2022.0,Zaid,Soybean,15540.74,1622.01,25207.24
Uttar Pradesh,Utta_District_07,2010.0,Rabi,Maize,13449.88,2986.98,40174.52
Telangana,Tela_District_13,2017.0,Kharif,Soybean,12066.55,2271.97,27414.84
Haryana,Hary_District_17,2023.0,Rabi,Jowar,32814.77,4262.12,139860.49
Uttar Pradesh,Utta_District_14,,Rabi,Sugarcane,34667.8,3174.45,110051.2
Haryana,Hary_District_02,2014.0,Zaid,Barley,7471.66,,
Madhya Pradesh,Madh_District_09,2016.0,Kharif,Groundnut,1960.02,1688.86,3310.2
Uttar Pradesh,Utta_District_14,2019.0,Rabi,Mustard,2947.24,3503.43,10325.45
,Assa_District_02,2020.0,Rabi,Rice,18481.72,3434.22,63470.29
Bihar,,2019.0,Kharif,Mustard,17416.84,2550.83,44427.4
Telangana,,2010.0,Zaid,Mustard,22952.25,705.11,16183.86
Punjab,Punj_District_12,2022.0,Zaid,Barley,21568.3,3384.79,73004.17
Andhra Pradesh,Andh_District_09,2020.0,Zaid,Groundnut,27348.01,838.78,22938.96
Haryana,Hary_District_17,2015.0,Rabi,Cotton,33435.99,1889.88,63190.01
West Bengal,West_District_13,2021.0,Kharif,Jowar,820.3,1200.18,984.51
Haryana,Hary_District_20,2016.0,Kharif,Mustard,,1896.81,47284.12
Karnataka,Karn_District_13,2020.0,Rabi,Soybean,34749.71,1582.94,55006.71
Telangana,Tela_District_05,2017.0,Rabi,Soybean,38662.53,1789.15,69173.07
Gujarat,Guja_District_02,2017.0,Kharif,Groundnut,31081.1,4096.47,127322.79
West Bengal,West_District_07,2020.0,Kharif,Rice,19339.25,710.62,13742.86
Assam,Assa_District_16,2020.0,Kharif,Mustard,26818.73,4979.34,133539.58
West Bengal,West_District_16,2022.0,Rabi,Cotton,48452.69,1494.6,72417.39
Gujarat,Guja_District_12,2022.0,Kharif,Cotton,37809.26,2052.28,77595.19
Odisha,Odis_District_18,2012.0,Rabi,Mustard,8097.6,3496.62,28314.23
Punjab,Punj_District_06,2020.0,Kharif,Soybean,25093.35,2926.54,
Andhra Pradesh,Andh_District_11,2011.0,Kharif,Rice,41386.89,,83371.82
West Bengal,West_District_16,2020.0,Rabi,Barley,33388.03,2147.86,71712.81
Madhya Pradesh,Madh_District_17,2023.0,Zaid,Wheat,2231.92,2201.07,4912.61
Andhra Pradesh,Andh_District_10,2011.0,Zaid,Jowar,47506.72,2674.68,127065.27
Haryana,Hary_District_04,2019.0,Zaid,Wheat,,3595.22,19776.23
Uttar Pradesh,Utta_District_16,2014.0,Kharif,Mustard,48172.63,4585.75,220907.64
Karnataka,Karn_District_10,2013.0,Rabi,Wheat,28640.85,2193.26,62816.83
Punjab,Punj_District_03,2010.0,Kharif,Groundnut,29075.82,4171.69,121295.31
Maharashtra,Maha_District_17,2014.0,Zaid,Sugarcane,43075.74,4184.8,180263.36
,Raja_District_19,2017.0,Kharif,Wheat,22828.27,1034.86,23624.06
West Bengal,West_District_13,2012.0,Kharif,Groundnut,28501.75,1203.93,
Tamil Nadu,Tami_District_08,2011.0,Kharif,Wheat,3141.82,2744.01,8621.19
Maharashtra,Maha_District_07,2017.0,Kharif,Wheat,32803.14,4343.66,142485.69
Tamil Nadu,,2013.0,Rabi,Rice,39163.49,4357.58,
Maharashtra,Maha_District_14,2023.0,Kharif,Soybean,38027.43,3664.58,139354.56
Rajasthan,Raja_District_06,2010.0,Kharif,Barley,605.86,3317.46,2009.92
Assam,Assa_District_18,2022.0,Zaid,Jowar,6112.04,764.0,4669.6
Assam,Assa_District_19,2019.0,Rabi,Cotton,7904.97,4204.81,33238.9
Telangana,,2010.0,Zaid,Groundnut,37218.08,4769.48,177510.89
Tamil Nadu,Tami_District_14,2021.0,Zaid,Groundnut,48950.92,4519.78,221247.39
West Bengal,West_District_02,2020.0,Kharif,Jowar,6733.01,4452.72,29980.21
Punjab,Punj_District_06,2013.0,Kharif,Sugarcane,41947.99,4419.89,
Andhra Pradesh,Andh_District_01,2013.0,Rabi,Groundnut,7669.11,1025.56,7865.13
Odisha,Odis_District_01,2022.0,Zaid,Mustard,46198.06,1282.22,59236.08
Haryana,Hary_District_20,2013.0,Kharif,Maize,18494.22,2551.93,47195.95
Madhya Pradesh,Madh_District_06,2017.0,Kharif,Mustard,6309.68,592.85,3740.69
West Bengal,West_District_12,2023.0,Zaid,Maize,49705.11,4444.96,220937.23
Bihar,Biha_District_06,2013.0,Zaid,Rice,,1780.53,81237.86
Bihar,Biha_District_20,2014.0,Rabi,Cotton,11083.07,2416.4,26781.13
Andhra Pradesh,Andh_District_19,2018.0,Kharif,Groundnut,22720.64,525.2,11932.88
Karnataka,Karn_District_05,2013.0,Rabi,Soybean,38984.73,4985.0,194338.88
Madhya Pradesh,Madh_District_13,,Kharif,Wheat,26481.67,2247.16,59508.55
Odisha,Odis_District_13,2017.0,Kharif,Mustard,19698.32,932.35,18365.73
Odisha,Odis_District_02,2013.0,Kharif,Maize,13381.47,2759.6,36927.5
Assam,Assa_District_08,2021.0,Rabi,Soybean,21649.22,2952.66,63922.79
Karnataka,Karn_District_03,2016.0,Rabi,Groundnut,42468.38,1513.59,64279.72
Karnataka,Karn_District_04,2015.0,Zaid,Jowar,1480.44,672.01,994.87
Haryana,,2014.0,Kharif,Rice,6795.02,3067.17,20841.48
Karnataka,Karn_District_15,2014.0,Kharif,Maize,40428.42,4490.63,181549.08
Uttar Pradesh,Utta_District_19,2015.0,Kharif,Sugarcane,,2314.14,73571.49
Haryana,Hary_District_05,2019.0,Kharif,Sugarcane,7810.28,2306.38,18013.47
Haryana,Hary_District_01,2017.0,Rabi,,16687.52,4415.12,73677.4
Maharashtra,Maha_District_01,2011.0,Rabi,Maize,24387.3,1517.88,37016.99
Karnataka,Karn_District_01,2023.0,Zaid,Jowar,14511.17,1114.12,16167.18
Telangana,Tela_District_12,2022.0,Kharif,Soybean,45937.41,726.56,33376.28
Karnataka,Karn_District_09,2023.0,Rabi,Mustard,741.03,1323.45,980.72
West Bengal,West_District_12,2022.0,Kharif,Barley,40562.61,2855.6,115830.59
Rajasthan,Raja_District_07,2020.0,Kharif,Wheat,31329.58,2109.79,66098.83
Telangana,,2021.0,Rabi,,3527.03,,15352.14
West Bengal,West_District_15,2021.0,Rabi,Barley,9675.52,648.77,6277.19
,Guja_District_03,2022.0,Rabi,Groundnut,28677.94,874.8,25087.46
Odisha,Odis_District_14,2020.0,Kharif,Wheat,4878.52,4101.7,20010.23
Telangana,Tela_District_02,2017.0,Rabi,Rice,24631.32,1586.79,39084.73
Uttar Pradesh,Utta_District_02,,Rabi,Rice,17496.46,3781.58,66164.26
,Andh_District_05,2021.0,Zaid,Soybean,3411.07,1024.16,3493.48
Tamil Nadu,Tami_District_10,2011.0,,Jowar,30851.48,3231.37,99692.55
Bihar,Biha_District_11,2014.0,Zaid,Wheat,48625.86,2185.47,106270.36
Punjab,Punj_District_16,2020.0,Rabi,Soybean,3347.37,2918.92,9770.71
Punjab,Punj_District_10,2020.0,Kharif,Groundnut,31953.51,1128.21,36050.27
Punjab,Punj_District_06,2018.0,Kharif,Barley,27687.81,1389.95,38484.67
Karnataka,Karn_District_19,2022.0,Rabi,Sugarcane,42252.03,4258.23,179918.86
Odisha,Odis_District_04,2011.0,Kharif,Jowar,21538.49,4850.34,104469.0
Maharashtra,Maha_District_03,,Rabi,Groundnut,48990.72,1081.63,52989.83
Haryana,Hary_District_07,2018.0,Rabi,Jowar,18448.92,3201.45,59063.29
Tamil Nadu,Tami_District_18,,Kharif,Cotton,4333.41,2221.95,9628.62
West Bengal,West_District_19,2023.0,Zaid,Groundnut,13132.49,4784.23,62828.85
West Bengal,West_District_19,2021.0,Zaid,Mustard,20638.13,3932.02,81149.54
Tamil Nadu,Tami_District_02,2010.0,Kharif,Wheat,19396.6,1093.15,21203.39
,Guja_District_08,2017.0,Kharif,Jowar,43171.26,501.88,21666.79
,Maha_District_12,2021.0,Zaid,Maize,2891.45,2139.73,6186.92
Punjab,Punj_District_08,2010.0,Kharif,,34376.22,2037.67,70047.39
Telangana,Tela_District_11,2021.0,,Groundnut,,1930.28,6580.34
Odisha,Odis_District_12,2010.0,Zaid,Wheat,12324.54,524.39,6462.87
Rajasthan,Raja_District_14,2020.0,Rabi,Jowar,26786.62,1024.91,27453.87
West Bengal,West_District_02,2013.0,Rabi,Jowar,14446.06,3385.35,48904.97
Punjab,Punj_District_13,2014.0,Zaid,Mustard,36283.27,1685.55,61157.27
Bihar,Biha_District_18,2017.0,Zaid,,16526.76,1611.09,26626.1
Andhra Pradesh,Andh_District_02,2022.0,Rabi,Soybean,47848.74,1357.34,64947.01
Tamil Nadu,Tami_District_02,2022.0,Kharif,Wheat,9240.71,2502.66,23126.36
Telangana,Tela_District_13,2020.0,Rabi,Barley,9546.39,1205.19,11505.21
Karnataka,Karn_District_08,2013.0,Zaid,Wheat,4884.39,3380.77,16513.0
Rajasthan,Raja_District_14,2011.0,Zaid,Jowar,30642.9,3425.73,104974.3
Andhra Pradesh,Andh_District_05,2018.0,Kharif,Mustard,38687.67,1968.61,76160.93
Madhya Pradesh,Madh_District_07,2015.0,Kharif,Jowar,45929.34,3799.42,174504.85
Karnataka,Karn_District_16,2010.0,Kharif,Cotton,40254.96,3744.33,150727.85
Andhra Pradesh,Andh_District_10,2022.0,Kharif,Rice,17986.94,1773.65,31902.54
Madhya Pradesh,Madh_District_18,2017.0,Zaid,Groundnut,21183.6,936.64,19841.41
Uttar Pradesh,Utta_District_13,2019.0,Zaid,Cotton,22618.9,694.13,15700.46
Uttar Pradesh,Utta_District_10,2019.0,Zaid,Maize,296.9,4691.75,1392.98
West Bengal,West_District_11,2019.0,Rabi,Cotton,34497.91,3028.31,104470.37
Andhra Pradesh,Andh_District_19,2019.0,Zaid,Jowar,17120.99,3067.42,52517.27
Punjab,Punj_District_07,2021.0,Rabi,Sugarcane,44589.63,3435.71,153197.04
Bihar,Biha_District_16,,Zaid,Mustard,30163.85,2570.92,77548.85
Odisha,Odis_District_05,2010.0,Zaid,Groundnut,17350.28,3643.46,63215.05
Assam,Assa_District_15,2016.0,Kharif,Mustard,49050.95,2411.41,118281.95
Andhra Pradesh,Andh_District_16,2013.0,Kharif,Groundnut,19671.04,2426.51,47731.98
Maharashtra,Maha_District_05,2013.0,Kharif,Maize,21334.64,4957.81,105773.09
West Bengal,,2013.0,Rabi,Soybean,35368.24,2116.33,74850.87
Andhra Pradesh,Andh_District_03,2022.0,Zaid,Cotton,18637.97,2438.59,45450.37
Rajasthan,Raja_District_01,2013.0,Kharif,Groundnut,1931.94,2875.17,5554.66
Karnataka,Karn_District_03,2020.0,Rabi,Maize,,3472.56,140943.95
Karnataka,Karn_District_10,2018.0,Kharif,Maize,10001.2,,37766.03
Odisha,Odis_District_09,,Kharif,Cotton,36000.98,1681.43,60533.13
Rajasthan,Raja_District_09,2020.0,Kharif,Soybean,31181.45,3249.27,
Tamil Nadu,Tami_District_09,2021.0,Rabi,Groundnut,42005.4,1112.33,46723.87
Madhya Pradesh,Madh_District_11,2022.0,Zaid,Wheat,9822.44,2686.86,26391.52
Madhya Pradesh,Madh_District_01,2015.0,Zaid,Cotton,,2370.17,5458.12
,Assa_District_11,2015.0,Rabi,Wheat,39432.13,1169.21,46104.44
Gujarat,Guja_District_04,2017.0,Rabi,Rice,23051.44,4953.96,114195.91
Rajasthan,Raja_District_17,2010.0,Rabi,Jowar,25345.41,2742.46,69508.77
,Maha_District_05,2017.0,Rabi,Cotton,27983.8,1337.02,
Maharashtra,Maha_District_09,,Rabi,Mustard,7443.48,3548.1,26410.21
Haryana,Hary_District_04,2020.0,Kharif,Mustard,19848.76,1804.58,35818.68
Haryana,Hary_District_06,2017.0,Zaid,Jowar,1666.44,4307.23,7177.74
Madhya Pradesh,Madh_District_20,2014.0,Rabi,Groundnut,1713.21,3874.92,6638.55
Telangana,Tela_District_13,2010.0,Rabi,Jowar,19161.23,3194.1,61202.88
Assam,Assa_District_11,2020.0,Kharif,Rice,12459.13,1199.3,14942.23
Rajasthan,Raja_District_07,2016.0,Rabi,Sugarcane,26716.06,3630.28,96986.78
Madhya Pradesh,Madh_District_06,2017.0,Rabi,,9855.12,2463.62,24279.27
Haryana,Hary_District_01,2020.0,Kharif,Maize,22288.28,1471.91,32806.34
Karnataka,Karn_District_06,2021.0,Kharif,Barley,28295.97,1156.71,32730.23
Haryana,Hary_District_14,2013.0,Kharif,Soybean,25536.48,1010.44,25803.08
Maharashtra,Maha_District_01,2022.0,Zaid,Jowar,24328.57,1902.2,46277.81
Rajasthan,Raja_District_12,2019.0,Rabi,Soybean,22667.09,2451.87,55576.76
Bihar,Biha_District_05,2016.0,Kharif,Cotton,45405.86,2704.71,122809.68
Telangana,,2011.0,Rabi,Soybean,40943.1,1515.44,62046.81
Karnataka,Karn_District_07,2010.0,Rabi,Groundnut,17668.93,837.9,14804.8
Haryana,Hary_District_13,2015.0,Kharif,Soybean,21095.31,3509.15,74026.61
Uttar Pradesh,,2023.0,Kharif,Maize,41924.54,3046.62,127728.14
Haryana,Hary_District_14,2010.0,Kharif,Mustard,32039.63,1297.7,41577.83
Telangana,Tela_District_04,,Rabi,Barley,1956.58,4062.6,7948.8
Rajasthan,Raja_District_14,2011.0,,Jowar,,910.26,
Bihar,Biha_District_15,2011.0,Rabi,Maize,46884.36,4835.85,226725.73
Madhya Pradesh,Madh_District_15,2015.0,Rabi,Maize,30851.24,2203.87,67992.12
Telangana,Tela_District_08,2023.0,Kharif,Soybean,41678.65,1421.24,59235.36
Haryana,Hary_District_13,2010.0,Rabi,Barley,21526.68,2106.58,45347.67
Uttar Pradesh,Utta_District_05,,Rabi,Groundnut,45643.73,4639.0,211741.26
Madhya Pradesh,Madh_District_05,2016.0,Zaid,Groundnut,32579.21,998.33,32524.8
Telangana,Tela_District_02,2019.0,Rabi,Jowar,24161.42,1603.98,38754.43
Karnataka,Karn_District_07,2014.0,Kharif,Barley,44257.29,1122.81,49692.53
Punjab,Punj_District_07,2011.0,Zaid,Groundnut,2810.08,3669.93,10312.8
Gujarat,Guja_District_02,2019.0,Rabi,Maize,22718.98,4272.64,97070.02
Rajasthan,Raja_District_18,2016.0,Rabi,Sugarcane,3824.02,4104.84,15696.99
Karnataka,Karn_District_18,2013.0,Rabi,Rice,1963.0,626.32,
Bihar,Biha_District_08,2023.0,Rabi,Sugarcane,23119.66,1495.81,34582.62
Karnataka,Karn_District_13,2017.0,Rabi,,29726.56,616.18,18316.91
Rajasthan,Raja_District_13,2021.0,Kharif,Jowar,1865.94,3772.17,7038.64
Rajasthan,Raja_District_11,2018.0,Rabi,Mustard,10587.24,3453.88,36567.06
Madhya Pradesh,Madh_District_20,2021.0,Kharif,Jowar,37521.12,766.99,28778.32
West Bengal,West_District_04,2013.0,Rabi,Cotton,,1707.9,65772.46
Punjab,Punj_District_15,2016.0,Zaid,Groundnut,19538.34,889.88,17386.78
Rajasthan,Raja_District_06,2012.0,Zaid,Cotton,41947.64,3023.28,
West Bengal,West_District_17,2017.0,Rabi,Mustard,25282.8,4858.5,122836.48
Maharashtra,Maha_District_09,2010.0,Kharif,Wheat,16791.84,4508.51,75706.18
Odisha,Odis_District_11,2020.0,Kharif,Soybean,36012.43,4678.38,168479.83
Bihar,Biha_District_11,2019.0,Zaid,Barley,45399.32,4959.63,225163.83
Assam,Assa_District_12,2010.0,Zaid,Sugarcane,6670.67,4082.07,27230.14
Bihar,Biha_District_13,2012.0,Zaid,Soybean,40244.27,3399.68,136817.64
Uttar Pradesh,Utta_District_04,2020.0,Zaid,Wheat,14015.16,4843.17,67877.8
Gujarat,Guja_District_05,2015.0,Kharif,Rice,10300.66,,28307.14
,Assa_District_09,2014.0,Rabi,Wheat,26122.21,,32084.08
Rajasthan,Raja_District_06,2017.0,Rabi,,36154.19,899.9,32535.16
Assam,Assa_District_09,2016.0,Zaid,Soybean,34685.58,4318.77,149799.04
Madhya Pradesh,Madh_District_15,2022.0,Rabi,Sugarcane,17534.88,3692.39,64745.62
,,2010.0,Rabi,Rice,,4306.77,34122.62
Telangana,,2016.0,Zaid,Soybean,47606.38,1187.12,56514.49
Bihar,Biha_District_12,2016.0,Kharif,Maize,34623.79,2776.24,96123.95
Punjab,Punj_District_12,2023.0,Zaid,Barley,26621.82,3679.2,97947.0
Punjab,Punj_District_12,2013.0,Zaid,Barley,24488.15,3201.47,78398.08
Haryana,Hary_District_08,2021.0,Kharif,Soybean,11621.96,2203.28,25606.43
West Bengal,West_District_05,2013.0,Zaid,Rice,43275.49,994.56,43040.07
Uttar Pradesh,Utta_District_10,2021.0,Zaid,Groundnut,29919.01,1329.29,39771.04
Bihar,Biha_District_16,2019.0,Rabi,Cotton,42342.33,3105.7,131502.57
Rajasthan,Raja_District_18,2017.0,Zaid,,20212.13,1624.21,32828.74
Assam,Assa_District_15,2023.0,Zaid,Cotton,21898.55,4809.26,105315.82
Telangana,Tela_District_14,2015.0,Kharif,Jowar,25509.54,2612.7,66648.78
Karnataka,Karn_District_05,2016.0,Rabi,Mustard,37339.06,2205.71,82359.14
Karnataka,,2015.0,Kharif,Rice,21428.46,2016.26,43205.35
Karnataka,Karn_District_14,2014.0,Zaid,Mustard,7630.9,3712.14,28326.97
Madhya Pradesh,Madh_District_02,2010.0,Kharif,Cotton,43664.24,4575.17,199771.32
Rajasthan,Raja_District_12,2013.0,,Soybean,44052.07,2533.03,111585.21
Maharashtra,Maha_District_19,2018.0,Kharif,Mustard,14274.9,3370.66,48115.83
Punjab,Punj_District_08,2017.0,Kharif,Soybean,47739.78,3771.73,180061.56
Uttar Pradesh,,2020.0,Zaid,Maize,24792.94,3599.64,89245.66
Bihar,Biha_District_20,2013.0,Kharif,Rice,38649.64,4636.71,179207.17
Assam,Assa_District_20,2011.0,Zaid,Wheat,38184.47,2449.36,
Punjab,Punj_District_09,2022.0,Zaid,Soybean,13752.97,2749.47,37813.38
Karnataka,Karn_District_17,2011.0,Kharif,Sugarcane,16476.08,4742.44,78136.82
Gujarat,Guja_District_20,2014.0,Kharif,Cotton,25447.5,2624.25,66780.6
West Bengal,West_District_20,2013.0,Kharif,Rice,17474.99,3377.33,59018.81
,Assa_District_10,2013.0,Zaid,Barley,26050.56,1080.72,28153.36
Madhya Pradesh,Madh_District_03,2014.0,Zaid,Mustard,43473.47,2115.56,91970.73
Andhra Pradesh,Andh_District_10,2022.0,Kharif,Groundnut,21685.66,1425.5,30912.91
Uttar Pradesh,Utta_District_03,2012.0,Zaid,,27714.57,3659.25,101414.54
Maharashtra,Maha_District_07,2021.0,Kharif,Groundnut,44070.15,732.23,32269.49
Bihar,Biha_District_20,2016.0,Kharif,Maize,48669.26,3667.18,178478.94
Tamil Nadu,Tami_District_02,2010.0,Rabi,Barley,14286.5,1420.14,20288.83
Assam,Assa_District_14,2011.0,Rabi,Groundnut,14874.79,4440.77,66055.52
Tamil Nadu,Tami_District_04,2011.0,Rabi,Mustard,14640.37,2582.7,37811.68
Assam,Assa_District_10,2019.0,Rabi,Maize,35316.33,4423.95,
Gujarat,Guja_District_07,2019.0,Kharif,Wheat,32962.7,3888.99,128191.61
Tamil Nadu,Tami_District_10,2016.0,Zaid,Barley,8749.01,4448.34,38918.57
Maharashtra,Maha_District_01,2016.0,Kharif,Sugarcane,13858.39,1077.7,14935.19
,Utta_District_20,2010.0,Kharif,Sugarcane,48814.59,1407.38,68700.68
Punjab,Punj_District_10,2023.0,Rabi,Sugarcane,6918.93,3317.09,22950.71
Rajasthan,Raja_District_20,2018.0,Rabi,Wheat,16011.27,1100.07,17613.52
Punjab,Punj_District_16,2020.0,Rabi,Mustard,30095.94,3915.43,
Karnataka,Karn_District_05,2014.0,Kharif,Maize,39680.6,1199.81,47609.18
Assam,Assa_District_02,2015.0,Rabi,Jowar,27887.67,4161.55,116055.93
Haryana,Hary_District_20,2020.0,,Barley,8138.24,1434.57,
West Bengal,West_District_15,2017.0,Zaid,Sugarcane,220.33,2860.85,630.33
Tamil Nadu,Tami_District_11,,Zaid,Groundnut,9814.62,3759.09,36894.04
Uttar Pradesh,Utta_District_05,2010.0,Kharif,Jowar,48114.47,1439.4,69255.97
Karnataka,Karn_District_18,2022.0,Rabi,Jowar,,1453.26,47216.33
Assam,Assa_District_17,2021.0,Rabi,,998.54,3913.49,3907.78
Karnataka,Karn_District_18,2015.0,Kharif,Wheat,21756.83,4760.54,103574.26
Andhra Pradesh,Andh_District_16,2014.0,Kharif,Rice,26760.87,1208.67,32345.06
Assam,Assa_District_06,2021.0,Kharif,Cotton,22543.74,1413.01,31854.53
Tamil Nadu,Tami_District_11,2016.0,Rabi,Maize,43913.66,3609.06,158487.03
Karnataka,Karn_District_19,2023.0,Rabi,Wheat,17127.82,2875.19,49245.74
Tamil Nadu,Tami_District_19,2023.0,Zaid,Rice,33507.06,4022.86,
,Karn_District_19,2023.0,Zaid,Rice,4099.35,601.33,2465.06
West Bengal,,2017.0,Kharif,Barley,5811.19,2277.48,13234.87
Haryana,,2020.0,Rabi,Cotton,23388.66,1114.08,26056.84
Karnataka,Karn_District_02,,Zaid,Sugarcane,20616.54,2487.3,51279.52
Uttar Pradesh,Utta_District_06,2014.0,Rabi,Rice,5543.59,4624.97,25638.94
Assam,Assa_District_16,,Kharif,Maize,29997.38,2248.41,67446.41
Karnataka,Karn_District_11,2023.0,Kharif,Maize,25394.67,1913.89,48602.6
Gujarat,Guja_District_09,2017.0,Zaid,Mustard,42731.12,,131935.32
Uttar Pradesh,Utta_District_13,2018.0,Rabi,Groundnut,24795.3,4598.98,114033.09
,,2018.0,Rabi,Mustard,41915.19,4157.61,174267.01
Haryana,Hary_District_14,2016.0,Kharif,Jowar,11357.9,1189.05,13505.11
Andhra Pradesh,Andh_District_19,2015.0,Kharif,Wheat,34535.82,,90100.16
Tamil Nadu,Tami_District_15,2012.0,Zaid,Soybean,34217.26,3922.82,
Bihar,Biha_District_12,2017.0,Kharif,Maize,,1780.93,26422.13
Odisha,Odis_District_08,2012.0,Kharif,Mustard,24592.5,1730.97,42568.88
West Bengal,West_District_12,2022.0,Zaid,Maize,33398.03,3860.29,128926.08
Tamil Nadu,Tami_District_10,2012.0,Rabi,Jowar,23654.74,3757.1,
Gujarat,Guja_District_05,2021.0,Zaid,Sugarcane,25570.83,3707.92,94814.59
Bihar,Biha_District_12,2017.0,Zaid,Groundnut,11325.92,3824.79,43319.27
Telangana,Tela_District_07,2021.0,Zaid,Mustard,35784.69,1699.73,60824.31
Telangana,Tela_District_16,2011.0,Zaid,Mustard,27842.95,4348.9,121086.21
Telangana,Tela_District_20,2014.0,Rabi,Rice,12551.18,,47843.97
West Bengal,West_District_19,2011.0,Rabi,Rice,47702.94,4398.09,209801.82
Tamil Nadu,Tami_District_15,2011.0,Rabi,Barley,20135.85,3232.43,65087.73
Tamil Nadu,Tami_District_06,,Kharif,Jowar,49589.33,3057.97,151642.68
Uttar Pradesh,Utta_District_16,,Rabi,Cotton,5839.88,704.44,4113.85
Odisha,Odis_District_18,2022.0,Rabi,Cotton,39536.69,2406.33,95138.32
Punjab,Punj_District_16,2022.0,Kharif,Maize,12415.96,2064.52,
Karnataka,Karn_District_02,2023.0,Rabi,,37892.91,2593.61,
Haryana,Hary_District_10,2019.0,Zaid,Cotton,43438.12,3807.17,165376.31
Haryana,Hary_District_12,2017.0,Zaid,Groundnut,48703.31,4498.27,
Karnataka,Karn_District_02,2018.0,Kharif,Rice,12801.91,3465.77,44368.48
Bihar,Biha_District_20,2010.0,Rabi,Maize,1125.1,4959.98,5580.47
Haryana,Hary_District_19,2016.0,Kharif,Barley,13124.2,3491.58,45824.19
Madhya Pradesh,Madh_District_03,2017.0,Rabi,Soybean,42472.77,1222.09,51905.55
Andhra Pradesh,Andh_District_12,2010.0,Rabi,Barley,42409.18,555.11,23541.76
Haryana,Hary_District_06,2016.0,Rabi,Groundnut,22154.66,2624.17,58137.59
West Bengal,West_District_13,2010.0,Zaid,Maize,18767.13,3138.73,58904.95
Gujarat,Guja_District_05,2023.0,Zaid,Barley,45750.63,1971.45,90195.08
Punjab,Punj_District_06,2018.0,Zaid,Soybean,29005.07,4448.58,129031.37
Bihar,Biha_District_17,2012.0,Rabi,Groundnut,38672.47,683.3,26424.9
Gujarat,Guja_District_19,2021.0,,Rice,47145.26,709.91,
Odisha,Odis_District_05,2021.0,Rabi,Rice,29479.05,3089.09,91063.44
Maharashtra,Maha_District_06,2015.0,,Maize,39340.87,1167.99,45949.74
Bihar,Biha_District_11,2016.0,Rabi,Cotton,9050.58,3884.48,35156.8
Maharashtra,Maha_District_17,2012.0,Rabi,Wheat,7560.29,2612.5,19751.26
Andhra Pradesh,Andh_District_11,2021.0,Kharif,Cotton,36609.24,3430.59,
Assam,Assa_District_18,2014.0,Kharif,Barley,10609.15,1867.82,19815.98
Tamil Nadu,Tami_District_18,2016.0,Kharif,Soybean,48451.85,2519.02,122051.18
,Punj_District_05,2017.0,Zaid,Wheat,2318.43,1488.13,3450.13
Tamil Nadu,Tami_District_05,2011.0,Rabi,Soybean,17187.51,4997.7,85898.02
Bihar,Biha_District_17,2015.0,Rabi,Mustard,15204.31,618.78,9408.12
West Bengal,West_District_11,2012.0,Zaid,Sugarcane,25694.79,876.22,22514.29
Assam,Assa_District_03,,Zaid,Wheat,13775.97,4965.72,68407.61
Maharashtra,Maha_District_15,,Kharif,Sugarcane,35261.46,728.0,25670.34
Gujarat,Guja_District_14,2021.0,Rabi,Jowar,22489.47,1272.37,28614.93
Andhra Pradesh,Andh_District_20,2015.0,Rabi,Cotton,6234.94,3141.79,19588.87
Madhya Pradesh,Madh_District_12,2019.0,Kharif,Cotton,25332.23,3842.9,97349.23
,Odis_District_06,2013.0,Kharif,Maize,44626.08,1610.07,71851.11
Rajasthan,Raja_District_04,2018.0,Rabi,Mustard,46157.3,,130669.47
,Biha_District_16,2013.0,Kharif,Soybean,13015.86,4306.04,56046.81
Tamil Nadu,Tami_District_14,2023.0,Zaid,Wheat,1872.94,3017.79,5652.14
Haryana,Hary_District_16,2019.0,Zaid,Soybean,36108.91,1759.9,63548.07
Gujarat,Guja_District_03,2017.0,Zaid,Mustard,43188.25,1581.28,68292.72
Haryana,Hary_District_02,2014.0,Rabi,Mustard,42009.73,853.45,35853.2
Bihar,Biha_District_12,2020.0,Kharif,Wheat,8080.39,2214.43,17893.46
Andhra Pradesh,Andh_District_01,2020.0,Rabi,Mustard,42717.37,1150.63,49151.89
Karnataka,Karn_District_01,2017.0,Rabi,Wheat,,1533.79,67156.03
Odisha,Odis_District_15,,Rabi,Maize,22680.17,2087.3,47340.32
Rajasthan,Raja_District_11,2021.0,Kharif,Rice,5994.5,4749.39,28470.22
Madhya Pradesh,Madh_District_18,2021.0,Rabi,Maize,21965.1,3606.49,79216.91
,Karn_District_08,2018.0,Zaid,Sugarcane,,2757.72,79438.5
Haryana,Hary_District_04,,Kharif,Groundnut,30867.22,4542.54,140215.58
Maharashtra,Maha_District_16,2020.0,Zaid,Soybean,34995.69,2896.16,101353.12
Telangana,Tela_District_04,2015.0,Zaid,Groundnut,32294.78,3228.77,104272.42
Uttar Pradesh,Utta_District_11,2018.0,Zaid,,,3311.44,71900.47
Haryana,Hary_District_11,2019.0,,Wheat,22234.13,3909.26,86919.0
Haryana,Hary_District_07,2019.0,Rabi,Maize,48448.73,4819.39,233493.32
Andhra Pradesh,Andh_District_13,2014.0,Rabi,Soybean,41054.72,3207.92,131700.26
West Bengal,West_District_11,2015.0,Zaid,Barley,37491.67,1301.22,48784.91
Odisha,,,Rabi,Wheat,24003.02,1657.87,39793.89
Odisha,Odis_District_20,2021.0,Zaid,Barley,274.4,4850.32,1330.93
Rajasthan,Raja_District_15,2015.0,Rabi,Cotton,43206.04,2811.64,121479.83
Punjab,Punj_District_08,2022.0,Rabi,Rice,12782.2,3618.39,46250.98
Telangana,Tela_District_11,2011.0,Kharif,Rice,21796.57,,89694.41
Haryana,Hary_District_03,2020.0,Rabi,Jowar,49975.95,2070.87,
Telangana,Tela_District_02,2013.0,Zaid,,12295.71,1703.22,20942.3
Assam,Assa_District_06,2017.0,Zaid,Rice,4757.98,2273.21,10815.89
Uttar Pradesh,Utta_District_11,2014.0,Kharif,Rice,969.51,,983.84
Odisha,Odis_District_14,2023.0,Kharif,Sugarcane,13657.62,1219.38,16653.83
Bihar,Biha_District_12,2022.0,Zaid,Maize,36634.74,975.22,35726.93
Uttar Pradesh,Utta_District_12,2013.0,Kharif,Barley,43313.11,1495.02,64753.97
West Bengal,West_District_17,2022.0,Rabi,Mustard,5518.67,545.48,3010.32
West Bengal,West_District_09,2019.0,Zaid,Barley,35788.73,1654.78,59222.47
Odisha,Odis_District_06,2021.0,Zaid,Soybean,25523.98,1002.27,
Tamil Nadu,Tami_District_20,2019.0,Zaid,Soybean,49266.27,1064.23,52430.64
Uttar Pradesh,Utta_District_17,2014.0,Kharif,Mustard,20655.1,4332.42,89486.57
Maharashtra,Maha_District_07,2017.0,Kharif,Wheat,12319.86,1701.37,20960.64
Uttar Pradesh,Utta_District_06,2018.0,Zaid,Wheat,40444.13,1730.03,69969.56
Telangana,Tela_District_03,2013.0,Rabi,Soybean,243.28,2425.61,590.1
Haryana,Hary_District_18,2010.0,Rabi,Groundnut,725.51,4594.07,3333.04
Rajasthan,Raja_District_08,2011.0,Zaid,,32126.48,3123.56,100348.99
Bihar,Biha_District_20,2016.0,Kharif,Barley,10159.32,3649.76,37079.08
Maharashtra,Maha_District_02,2012.0,Rabi,Groundnut,33895.01,772.09,26170.0
Madhya Pradesh,Madh_District_04,2023.0,Zaid,Maize,44054.24,3107.36,136892.38
Bihar,Biha_District_08,2020.0,Rabi,Cotton,39644.1,1683.11,66725.38
Punjab,Punj_District_04,2018.0,Zaid,Soybean,6190.19,3661.02,22662.41
Andhra Pradesh,Andh_District_03,2011.0,Kharif,Wheat,39714.75,2237.15,88847.85
Andhra Pradesh,Andh_District_09,2022.0,Rabi,Barley,1282.24,4182.14,5362.51
Maharashtra,Maha_District_19,2015.0,Zaid,Maize,10384.09,2025.64,21034.43
Telangana,Tela_District_11,2014.0,Zaid,Soybean,31448.73,949.8,29870.0
Tamil Nadu,Tami_District_12,2012.0,Zaid,Jowar,3692.59,615.67,2273.42
Gujarat,Guja_District_17,2015.0,Zaid,Mustard,45840.33,1901.22,87152.55
Bihar,Biha_District_14,2023.0,Kharif,Rice,33066.87,4951.56,163732.59
Andhra Pradesh,Andh_District_15,,,Soybean,33505.59,2862.93,95924.16
Maharashtra,Maha_District_20,2023.0,Zaid,Groundnut,26093.9,2196.13,57305.6
Madhya Pradesh,Madh_District_20,2020.0,Zaid,Cotton,30029.0,4814.56,144576.42
Maharashtra,,2018.0,Rabi,Cotton,39423.4,2409.02,94971.76
Madhya Pradesh,Madh_District_14,2010.0,Zaid,Soybean,16689.0,4475.89,74698.13
Gujarat,Guja_District_07,2022.0,Zaid,Groundnut,6875.71,4323.13,29724.59
Karnataka,Karn_District_12,2012.0,Kharif,Groundnut,12828.33,3720.33,47725.62
Andhra Pradesh,Andh_District_16,2011.0,Kharif,Jowar,40330.41,2646.48,106733.62
Haryana,Hary_District_07,2011.0,Kharif,Jowar,9694.97,,41702.43
Assam,Assa_District_05,2012.0,Kharif,Groundnut,18438.67,,35827.44
Rajasthan,Raja_District_13,2023.0,Zaid,Cotton,25549.81,2457.89,62798.62
Uttar Pradesh,Utta_District_20,2020.0,Kharif,Groundnut,34184.31,1117.39,38197.21
Maharashtra,Maha_District_12,2013.0,Rabi,,21840.91,4512.66,98560.6
Andhra Pradesh,Andh_District_13,2017.0,Zaid,Barley,1899.53,2558.02,4859.04
Madhya Pradesh,Madh_District_15,,Zaid,Groundnut,33060.55,4494.7,148597.25
Gujarat,Guja_District_11,2015.0,,Barley,29729.93,4210.18,125168.36
West Bengal,West_District_08,2012.0,Rabi,Wheat,11212.28,2087.64,23407.2
Odisha,Odis_District_13,,Rabi,Cotton,47112.4,4486.89,211388.16
Tamil Nadu,Tami_District_01,2013.0,Zaid,Jowar,27941.85,2639.7,73758.1
Telangana,Tela_District_12,2014.0,Rabi,Wheat,22608.26,764.55,17285.15
Bihar,Biha_District_15,2017.0,Rabi,Groundnut,44629.62,4181.67,186626.34
Assam,Assa_District_02,2018.0,Kharif,Cotton,22866.93,1757.48,40188.17
Rajasthan,Raja_District_05,2019.0,Rabi,Sugarcane,17211.74,1054.22,18144.96
Uttar Pradesh,Utta_District_05,2023.0,Kharif,Rice,36117.31,3005.01,108532.88
Maharashtra,Maha_District_15,,Zaid,Cotton,11781.76,3303.53,38921.4
Gujarat,Guja_District_06,2013.0,Rabi,Groundnut,48963.59,1050.78,51449.96
Bihar,Biha_District_09,2010.0,Rabi,Sugarcane,22978.4,2723.71,62586.5
Gujarat,Guja_District_03,2016.0,Zaid,Wheat,8423.18,2892.11,24360.76
Tamil Nadu,Tami_District_05,2017.0,Kharif,Groundnut,30338.27,1208.05,36650.15
Bihar,Biha_District_08,2017.0,Zaid,Soybean,7820.72,4353.57,34048.05
Maharashtra,Maha_District_01,2011.0,Rabi,Barley,15638.23,3336.5,52176.95
Tamil Nadu,Tami_District_03,2023.0,Rabi,Mustard,31375.98,4276.27,134172.16
Maharashtra,Maha_District_08,2021.0,Rabi,Sugarcane,37020.74,4282.59,
Andhra Pradesh,Andh_District_04,2023.0,Kharif,Wheat,,2522.56,78951.64
Odisha,Odis_District_10,2017.0,Rabi,Maize,19738.97,2205.63,43536.86
Maharashtra,Maha_District_01,2018.0,Zaid,Wheat,20977.82,1081.89,22695.69
Maharashtra,Maha_District_18,2012.0,Zaid,,21255.52,2252.5,47878.06
Telangana,,2022.0,Rabi,Wheat,1825.13,1738.09,3172.24
Punjab,Punj_District_13,,Kharif,Sugarcane,37620.16,3100.76,116651.09
Punjab,Punj_District_16,2023.0,Rabi,Maize,40327.76,2942.1,118648.3
Rajasthan,Raja_District_06,2021.0,Kharif,Jowar,42718.78,4082.3,174390.88
Assam,Assa_District_02,2017.0,Kharif,Maize,5004.4,4896.53,24504.19
Bihar,Biha_District_03,2014.0,Kharif,Cotton,835.9,3185.77,
Punjab,Punj_District_20,2013.0,Kharif,Sugarcane,39646.32,1993.52,
Assam,Assa_District_14,2016.0,Rabi,Barley,29968.63,2129.55,63819.7
Haryana,Hary_District_12,2021.0,Rabi,Jowar,3124.69,538.08,1681.33
Assam,Assa_District_01,2010.0,Zaid,Sugarcane,4833.62,942.84,4557.33
Punjab,Punj_District_14,2017.0,Rabi,Rice,30583.4,2866.39,87663.95
West Bengal,West_District_13,2014.0,Kharif,Barley,22827.62,3613.65,82491.03
Karnataka,Karn_District_19,2017.0,Kharif,Wheat,939.62,,1615.61
West Bengal,West_District_08,2017.0,Rabi,Wheat,38891.9,4594.9,178704.39
Gujarat,Guja_District_18,2023.0,Rabi,Mustard,21973.0,866.68,19043.56
Haryana,Hary_District_02,2016.0,,Groundnut,39956.56,4483.27,179136.05
Assam,Assa_District_09,2022.0,Kharif,Barley,20741.65,1595.1,33085.01
Bihar,Biha_District_12,2014.0,Kharif,Rice,2294.19,3159.87,7249.34
Tamil Nadu,Tami_District_18,,Kharif,Mustard,45502.49,3550.5,161556.59
Maharashtra,Maha_District_19,2014.0,Zaid,Barley,15930.71,3393.0,54052.9
Bihar,Biha_District_18,2011.0,Rabi,Soybean,41620.21,2641.24,109928.96
Karnataka,Karn_District_07,2020.0,Zaid,Maize,41005.45,2263.59,92819.53
Andhra Pradesh,Andh_District_15,2019.0,Kharif,Barley,17490.43,3123.45,54630.48
Punjab,Punj_District_12,2015.0,Zaid,Mustard,23287.85,4897.0,114040.6
Punjab,Punj_District_15,2016.0,Rabi,Soybean,25867.83,2233.27,57769.85
Assam,Assa_District_03,2022.0,Zaid,Soybean,19807.18,2965.73,58742.75
Assam,,2022.0,Rabi,,17810.11,3753.08,
Bihar,Biha_District_12,2021.0,Rabi,,19095.08,2228.65,42556.25
Odisha,Odis_District_03,2011.0,Zaid,Wheat,30886.97,773.81,23900.65
Uttar Pradesh,Utta_District_18,2016.0,Kharif,Sugarcane,32802.21,2772.37,90939.86
Punjab,Punj_District_19,2022.0,Rabi,Cotton,22706.0,3736.64,84844.15
West Bengal,West_District_17,2021.0,Zaid,Maize,37936.96,,163438.87
Assam,Assa_District_12,2020.0,Rabi,Groundnut,18802.68,1971.67,37072.68
West Bengal,West_District_03,2018.0,Rabi,,35745.67,3118.12,111459.29
Assam,Assa_District_06,2011.0,Zaid,Wheat,31626.9,2999.85,94875.96
Rajasthan,Raja_District_07,2011.0,Zaid,Soybean,38657.38,1355.18,52387.71
Karnataka,Karn_District_12,2018.0,Rabi,Barley,27830.04,1211.46,33714.98
Andhra Pradesh,Andh_District_16,2013.0,Kharif,Wheat,20421.87,3487.97,71230.87
Madhya Pradesh,Madh_District_11,2013.0,Rabi,,24704.27,2208.16,54550.98
Haryana,Hary_District_09,2020.0,Rabi,Maize,44260.0,3977.72,176053.89
Assam,Assa_District_09,2013.0,Rabi,Maize,26361.91,4775.24,125884.45
Assam,Assa_District_14,2020.0,,,21275.83,4046.33,86089.03
Tamil Nadu,Tami_District_12,2013.0,Zaid,Sugarcane,8480.02,1786.07,15145.91
Uttar Pradesh,Utta_District_04,2010.0,Zaid,Groundnut,16970.47,976.19,16566.4
Haryana,Hary_District_05,2014.0,Rabi,Barley,25140.06,1365.17,34320.46
Bihar,Biha_District_07,2011.0,Zaid,Rice,31745.88,1355.42,43029.0
Karnataka,Karn_District_10,2020.0,Kharif,Sugarcane,6262.96,4860.89,30443.56
Punjab,Punj_District_01,2019.0,Zaid,Sugarcane,32946.19,4714.03,155309.33
Odisha,Odis_District_02,2023.0,Rabi,Sugarcane,24545.4,650.31,15962.12
Haryana,Hary_District_06,2016.0,Zaid,Soybean,28761.12,,86642.3
Gujarat,Guja_District_20,2018.0,Rabi,Barley,,4375.59,
West Bengal,West_District_17,2023.0,Rabi,Cotton,31036.54,3851.11,119525.13
West Bengal,West_District_17,2019.0,Rabi,Maize,24746.66,3282.81,81238.58
Odisha,,2011.0,Zaid,Soybean,12947.75,4881.91,63209.75
Haryana,Hary_District_19,2017.0,Zaid,Barley,20095.93,1230.47,24727.44
Punjab,Punj_District_19,2023.0,Zaid,Sugarcane,2890.18,3362.77,9719.01
Punjab,Punj_District_08,2017.0,Rabi,Maize,49170.65,4531.08,222796.15
Telangana,Tela_District_05,2021.0,Zaid,Maize,35135.02,4957.69,174188.54
Karnataka,Karn_District_02,2017.0,Zaid,Sugarcane,36169.13,2026.63,73301.44
Bihar,,2015.0,Kharif,Wheat,30100.78,858.95,25855.06
Uttar Pradesh,Utta_District_05,2011.0,Rabi,Sugarcane,11161.96,2378.93,26553.52
Gujarat,Guja_District_14,2021.0,Rabi,Rice,10170.74,4790.75,48725.47
Andhra Pradesh,Andh_District_06,2017.0,Kharif,Jowar,49780.32,2169.21,107983.97
Tamil Nadu,Tami_District_01,2011.0,Zaid,Sugarcane,35490.53,2334.97,82869.32
Karnataka,Karn_District_11,2012.0,Kharif,Cotton,7061.51,2016.17,
Odisha,Odis_District_09,2017.0,Rabi,Maize,11745.25,1976.35,23212.72
Punjab,Punj_District_17,2022.0,Rabi,Cotton,10829.58,1005.55,10889.68
Andhra Pradesh,Andh_District_19,2020.0,Kharif,Groundnut,10949.68,,50104.75
Bihar,Biha_District_12,2010.0,Kharif,Barley,4352.56,1961.4,
Maharashtra,Maha_District_04,2019.0,Rabi,Wheat,26469.65,2095.31,55462.12
Rajasthan,,2012.0,Rabi,Jowar,25928.59,695.39,18030.48
Tamil Nadu,Tami_District_10,2015.0,Zaid,Rice,32463.62,3035.65,98548.19
Tamil Nadu,Tami_District_03,2010.0,Kharif,Mustard,34080.22,3052.66,104035.32
Telangana,Tela_District_16,2012.0,Zaid,Wheat,21951.39,2075.64,45563.18
Madhya Pradesh,Madh_District_07,2023.0,Zaid,Mustard,11399.12,2750.3,31351.0
Odisha,Odis_District_10,2021.0,Zaid,Wheat,1400.02,1977.08,2767.95
Maharashtra,Maha_District_09,2016.0,Kharif,Barley,33925.83,989.23,33560.45
Karnataka,Karn_District_06,2018.0,Kharif,Wheat,3238.27,3434.8,11122.81
Bihar,Biha_District_06,2015.0,Kharif,Groundnut,19948.96,4108.21,81954.52
Madhya Pradesh,Madh_District_02,2010.0,Kharif,Rice,46871.83,4806.68,225297.89
Andhra Pradesh,Andh_District_13,2023.0,Rabi,Mustard,21337.08,1689.47,
Madhya Pradesh,Madh_District_07,2022.0,Zaid,Rice,30469.83,3326.87,101369.16
Andhra Pradesh,Andh_District_17,2023.0,Rabi,Barley,31155.01,1948.0,60689.96
Gujarat,Guja_District_09,2021.0,Rabi,Wheat,3281.21,1445.02,4741.41
Punjab,Punj_District_07,2014.0,Kharif,Mustard,7805.53,,8254.74
Madhya Pradesh,Madh_District_16,2013.0,Kharif,Barley,46321.54,562.31,26047.07
Telangana,Tela_District_17,2019.0,Zaid,Jowar,30132.7,4763.63,143541.03
Odisha,Odis_District_09,2018.0,,Wheat,18066.65,2871.94,51886.33
Tamil Nadu,Tami_District_19,2013.0,Kharif,Rice,34819.6,1927.26,67106.42
Assam,Assa_District_09,2019.0,,Sugarcane,23934.83,4176.96,99974.83
Telangana,Tela_District_14,2014.0,Zaid,Soybean,37293.25,4138.02,154320.21
Tamil Nadu,Tami_District_05,2022.0,Kharif,Rice,49368.27,2166.47,106954.88
Tamil Nadu,Tami_District_03,2015.0,Zaid,Maize,37379.85,3212.53,
Assam,Assa_District_07,2023.0,Kharif,Maize,,3829.43,127763.49
West Bengal,West_District_05,2023.0,Zaid,Soybean,,4485.85,168271.37
Maharashtra,Maha_District_15,2013.0,Rabi,Jowar,17531.15,3440.67,60318.9
Gujarat,Guja_District_05,2021.0,Rabi,Groundnut,,3175.56,44732.49
,Tela_District_14,2015.0,Kharif,,37583.64,4059.5,152570.79
Andhra Pradesh,Andh_District_08,2022.0,Rabi,Barley,21064.21,2789.24,58753.14
Haryana,Hary_District_09,2022.0,Zaid,Soybean,16759.11,1260.66,21127.54
Karnataka,Karn_District_09,2014.0,Zaid,Jowar,13099.82,4604.62,60319.69
Rajasthan,Raja_District_15,2022.0,Rabi,Mustard,15517.58,4886.42,75825.41
Haryana,Hary_District_09,2016.0,Zaid,Cotton,12149.76,3753.82,45608.01
Andhra Pradesh,Andh_District_01,2012.0,Zaid,,28737.77,3635.92,104488.23
Odisha,Odis_District_04,2021.0,Rabi,Jowar,32233.5,3680.37,118631.21
Andhra Pradesh,Andh_District_06,2014.0,Rabi,Mustard,45286.8,3035.61,137473.06
Andhra Pradesh,Andh_District_17,2014.0,Kharif,Barley,3485.65,1718.71,5990.82
Rajasthan,Raja_District_02,2019.0,Rabi,Sugarcane,35440.13,2723.34,96515.52
Assam,Assa_District_18,2017.0,Kharif,Cotton,27472.74,3184.61,87489.96
Odisha,Odis_District_20,2013.0,Zaid,Barley,19193.2,3982.53,76437.49
Telangana,Tela_District_12,2021.0,Rabi,Soybean,36204.39,3714.35,134475.78
Haryana,Hary_District_12,2017.0,,Jowar,35793.98,4506.61,161309.51
Karnataka,,,Zaid,Sugarcane,29810.1,4851.82,144633.24
Andhra Pradesh,Andh_District_11,2019.0,Rabi,Wheat,6047.71,3343.82,20222.45
Madhya Pradesh,Madh_District_03,2019.0,Rabi,Maize,35874.63,2647.49,94977.72
West Bengal,West_District_08,2023.0,Kharif,Mustard,14481.6,2975.17,43085.22
Punjab,Punj_District_08,2015.0,Zaid,Sugarcane,18300.91,4591.06,84020.58
Punjab,Punj_District_06,2019.0,Rabi,,17903.94,1290.68,23108.26
Haryana,Hary_District_11,,Zaid,Jowar,28861.82,,65861.81
Andhra Pradesh,,2012.0,Zaid,Jowar,4885.32,3041.79,14860.12
Andhra Pradesh,Andh_District_10,2018.0,Zaid,Wheat,26938.54,1279.39,34464.9
Madhya Pradesh,Madh_District_14,2016.0,Rabi,Maize,,3053.12,91355.88
Assam,Assa_District_04,2022.0,Zaid,Mustard,38703.27,2127.06,82324.18
Andhra Pradesh,Andh_District_20,2020.0,Kharif,Jowar,12513.1,4780.49,59818.75
Karnataka,Karn_District_10,2015.0,Rabi,Cotton,28104.75,622.13,17484.81
Tamil Nadu,Tami_District_05,2019.0,Rabi,Cotton,41053.51,1385.41,56875.94
Gujarat,Guja_District_11,2020.0,Kharif,Maize,39323.21,3673.23,144443.19
Odisha,Odis_District_19,2013.0,Kharif,Wheat,48443.8,4845.11,234715.54
Gujarat,Guja_District_19,,Rabi,Jowar,13793.09,3949.02,54469.19
Karnataka,Karn_District_03,2013.0,Rabi,Soybean,15911.07,3331.39,53005.98
Andhra Pradesh,Andh_District_14,,Rabi,Barley,29927.53,745.45,22309.48
Uttar Pradesh,Utta_District_13,2016.0,Zaid,Jowar,358.57,759.94,272.49
Tamil Nadu,Tami_District_14,2022.0,Zaid,Wheat,6484.31,1659.44,10760.32
Assam,Assa_District_04,2014.0,Zaid,Maize,45357.07,2833.85,128535.13
Assam,Assa_District_19,2015.0,,Mustard,39864.9,4272.4,170318.8
Maharashtra,Maha_District_01,2010.0,Rabi,Barley,36773.66,2261.23,83153.7
Andhra Pradesh,Andh_District_11,2019.0,Rabi,Rice,43206.58,3839.22,165879.57
Rajasthan,Raja_District_10,2015.0,Rabi,Wheat,37183.26,4557.08,169447.09
Rajasthan,Raja_District_12,,Rabi,Maize,29973.31,2878.58,86280.57
Odisha,Odis_District_20,2023.0,Rabi,Mustard,44519.11,2545.08,113304.7
Uttar Pradesh,Utta_District_16,2015.0,Rabi,Rice,40597.38,742.31,30135.84
Tamil Nadu,Tami_District_10,2020.0,Rabi,Barley,164.37,2877.32,472.95
Haryana,Hary_District_12,2014.0,Rabi,Barley,3773.23,4894.44,18467.85
,Karn_District_10,2010.0,Kharif,,374.51,3731.67,1397.55
Bihar,Biha_District_20,2016.0,Kharif,Jowar,12244.9,4853.98,59436.5
Maharashtra,Maha_District_13,2020.0,Rabi,Groundnut,19138.93,622.78,11919.34
Maharashtra,Maha_District_20,2012.0,,Wheat,1444.09,2990.18,4318.09
Madhya Pradesh,Madh_District_18,2016.0,Kharif,Cotton,49336.93,4908.98,242194.0
Assam,Assa_District_19,2013.0,Zaid,Cotton,16929.92,2672.17,45239.62
Madhya Pradesh,Madh_District_13,,Rabi,Rice,5112.74,2849.8,14570.29
Haryana,Hary_District_01,2015.0,Rabi,,30025.11,1629.78,48934.32
Assam,Assa_District_08,2019.0,Zaid,Maize,30644.51,4548.62,139390.23
Punjab,Punj_District_11,,Kharif,Wheat,147.67,1530.2,225.96
Assam,Assa_District_07,2013.0,,Maize,10574.99,1057.49,11182.95
Tamil Nadu,Tami_District_02,2010.0,Kharif,Groundnut,8388.45,3316.61,27821.22
,Maha_District_09,2011.0,Kharif,Soybean,5224.45,3823.39,19975.11
Assam,Assa_District_11,2012.0,Rabi,Wheat,44362.43,4669.64,207156.58
West Bengal,West_District_03,2022.0,Zaid,Jowar,33042.77,1388.28,45872.62
Bihar,Biha_District_13,2020.0,Zaid,Mustard,4356.3,1544.11,6726.61
Karnataka,Karn_District_01,2014.0,Zaid,Mustard,48101.66,,232357.47
Karnataka,Karn_District_13,2015.0,Zaid,Wheat,19157.75,1966.06,37665.29
Uttar Pradesh,Utta_District_09,2017.0,Kharif,Wheat,25549.53,1812.6,46311.08
Madhya Pradesh,Madh_District_02,2023.0,Zaid,Jowar,48985.16,1495.5,73257.31
Rajasthan,Raja_District_19,2022.0,Rabi,Cotton,18520.22,2432.17,
Odisha,Odis_District_09,2010.0,Zaid,Maize,6340.69,2222.71,14093.52
Maharashtra,Maha_District_14,2014.0,Kharif,Rice,42850.86,1131.62,48490.89
Tamil Nadu,Tami_District_06,2011.0,Zaid,Jowar,29242.7,2329.87,68131.69
Tamil Nadu,Tami_District_10,2010.0,Rabi,Cotton,8609.78,555.51,4782.82
Haryana,Hary_District_09,2022.0,Zaid,Sugarcane,13739.83,778.23,10692.75
Assam,Assa_District_17,2021.0,Zaid,Soybean,18900.75,4145.94,78361.38
Telangana,Tela_District_19,2011.0,Kharif,Mustard,36012.29,4763.23,
Haryana,Hary_District_07,2012.0,Zaid,Soybean,21408.07,3685.11,78891.09
Odisha,,2020.0,Rabi,Cotton,33300.55,1476.71,49175.26
,Odis_District_01,2011.0,Zaid,Wheat,15248.77,2884.23,43980.96
Punjab,Punj_District_08,2022.0,Rabi,Sugarcane,39853.2,2578.16,102747.93
Odisha,Odis_District_09,2020.0,Kharif,Groundnut,11464.3,4970.6,56984.45
Assam,Assa_District_15,,Rabi,Sugarcane,5867.38,4801.5,28172.23
Andhra Pradesh,Andh_District_09,2022.0,Rabi,,40471.41,4275.02,173016.09
Punjab,,2016.0,,Rice,39766.39,1436.77,57135.16
Karnataka,Karn_District_07,2014.0,Zaid,Mustard,31665.86,3905.37,123666.9
Bihar,Biha_District_02,2022.0,Rabi,Rice,37309.72,1722.04,64248.83
Punjab,Punj_District_05,2017.0,Kharif,Barley,9137.86,1976.55,18061.44
Bihar,Biha_District_12,2020.0,Kharif,Jowar,24044.24,,74104.59
Rajasthan,Raja_District_02,2023.0,Zaid,,41863.82,3960.65,165807.94
Tamil Nadu,Tami_District_18,,Zaid,Maize,33839.91,1685.7,57043.94
Andhra Pradesh,Andh_District_02,2011.0,Kharif,Rice,23996.14,,48219.28
Gujarat,Guja_District_04,2017.0,Kharif,,11822.92,546.1,6456.5
Punjab,Punj_District_06,,Zaid,Maize,17039.15,1652.52,28157.54
Maharashtra,Maha_District_15,2018.0,Kharif,Wheat,28637.93,780.36,22347.9
Bihar,Biha_District_14,2010.0,Zaid,Mustard,13598.93,701.46,9539.11
Tamil Nadu,,2020.0,Rabi,Groundnut,32106.75,3056.85,98145.52
Assam,Assa_District_16,,Rabi,Mustard,16940.25,1163.01,19701.68
Maharashtra,Maha_District_03,2014.0,,Groundnut,47900.2,3129.77,149916.61
Andhra Pradesh,Andh_District_05,2010.0,Kharif,Jowar,33987.76,2891.07,98260.99
Maharashtra,Maha_District_01,2018.0,Rabi,Wheat,40346.01,4533.71,182917.11
Odisha,Odis_District_13,2023.0,,Cotton,19197.26,3605.11,69208.23
Tamil Nadu,Tami_District_19,2018.0,Zaid,Sugarcane,11571.39,3433.35,39728.63
Tamil Nadu,Tami_District_09,,Rabi,Rice,20017.87,530.52,10619.88
Madhya Pradesh,,2012.0,Zaid,Wheat,47780.84,4407.99,210617.46
Uttar Pradesh,Utta_District_16,2017.0,Kharif,Cotton,14612.74,4989.91,72916.26
Telangana,Tela_District_09,2023.0,Zaid,Cotton,15924.67,2564.8,40843.59
Gujarat,Guja_District_18,2022.0,Kharif,Jowar,42577.83,1870.68,79649.5
Gujarat,Guja_District_04,2010.0,Zaid,Cotton,22581.96,3495.14,78927.11
Odisha,Odis_District_20,2014.0,Rabi,Wheat,6610.33,2400.58,15868.63
Karnataka,Karn_District_01,2011.0,Kharif,Rice,15539.56,3545.48,55095.2
Madhya Pradesh,Madh_District_03,2014.0,Rabi,Soybean,,1547.29,10652.89
Maharashtra,Maha_District_14,2018.0,Rabi,Rice,35597.67,1203.01,42824.35
Assam,Assa_District_15,2018.0,Kharif,Rice,21158.76,3707.96,78455.84
Haryana,Hary_District_13,2010.0,Kharif,Soybean,38296.87,926.97,35500.05
Gujarat,Guja_District_01,2019.0,Zaid,Rice,,3757.88,160140.48
Telangana,Tela_District_15,2023.0,Kharif,Groundnut,17030.8,3937.11,67052.13
Bihar,Biha_District_18,2012.0,Rabi,Jowar,36442.11,3204.01,116760.88
Rajasthan,Raja_District_20,2016.0,Zaid,Cotton,27968.21,3806.17,106451.76
Tamil Nadu,Tami_District_20,2020.0,Zaid,Barley,49963.07,3103.49,155059.89
Andhra Pradesh,Andh_District_18,2012.0,,Groundnut,40455.02,,155720.68
West Bengal,,2012.0,Zaid,Cotton,42804.84,4795.36,205264.62
Andhra Pradesh,Andh_District_17,2014.0,Kharif,Mustard,9734.85,1244.57,12115.7
Assam,Assa_District_01,2018.0,Rabi,Groundnut,29358.96,2521.83,74038.31
Andhra Pradesh,Andh_District_02,2013.0,Zaid,Mustard,28579.06,4091.19,116922.36
,West_District_12,2022.0,Rabi,Jowar,46592.55,2378.37,110814.32
West Bengal,West_District_20,2017.0,Zaid,Groundnut,35924.84,1385.6,49777.46
West Bengal,West_District_05,2023.0,Kharif,Groundnut,26774.14,598.12,16014.15
Rajasthan,Raja_District_15,2020.0,Kharif,Groundnut,25237.15,2954.01,74550.79
Punjab,Punj_District_07,2018.0,Rabi,Wheat,36798.72,3422.68,125950.24
Maharashtra,,2015.0,Rabi,Cotton,17984.0,525.79,9455.81
Bihar,Biha_District_17,2012.0,,Soybean,5862.75,4878.77,28603.01
Rajasthan,Raja_District_09,2011.0,Kharif,Mustard,46124.42,1962.92,90538.55
,Guja_District_15,2013.0,Kharif,Cotton,13016.76,2463.87,32071.6
Bihar,Biha_District_20,2012.0,Kharif,Groundnut,34528.01,2105.72,72706.32
Haryana,Hary_District_14,2022.0,Rabi,Sugarcane,3457.96,2312.58,7996.81
Telangana,Tela_District_18,2013.0,Zaid,Soybean,13103.39,1962.19,25711.34
Andhra Pradesh,Andh_District_07,2015.0,Kharif,Maize,8231.57,3464.78,28520.58
Punjab,Punj_District_13,2023.0,Zaid,Maize,26378.88,1718.88,45342.13
West Bengal,West_District_02,2014.0,Zaid,Wheat,27737.74,,75368.71
Karnataka,Karn_District_18,2013.0,Rabi,Mustard,39819.15,4801.93,191208.77
Punjab,Punj_District_03,2022.0,Zaid,Sugarcane,6620.46,4477.61,29643.84
Rajasthan,Raja_District_02,2020.0,Kharif,Groundnut,35269.37,3616.49,127551.32
Karnataka,Karn_District_15,2019.0,Kharif,Mustard,18777.61,2047.59,38448.85
Haryana,Hary_District_17,2023.0,Rabi,Jowar,381.41,4919.92,1876.51
Andhra Pradesh,Andh_District_18,2018.0,Kharif,Mustard,30364.64,2310.48,70156.89
West Bengal,West_District_01,2018.0,Zaid,Sugarcane,27234.06,682.37,18583.71
Bihar,Biha_District_19,2014.0,Kharif,Maize,8765.18,3305.12,28969.97
Assam,Assa_District_15,2020.0,Kharif,Sugarcane,25761.66,4041.84,104124.51
Assam,Assa_District_13,2014.0,Kharif,,32971.26,3206.46,105721.03
Bihar,,2020.0,Kharif,Maize,40781.76,807.18,32918.22
Maharashtra,Maha_District_07,2018.0,Kharif,Wheat,34575.25,3720.16,128625.46
Karnataka,Karn_District_07,2022.0,Zaid,Maize,13830.66,1380.42,19092.12
Odisha,Odis_District_08,2015.0,Rabi,Barley,10771.24,1391.63,14989.58
Punjab,Punj_District_17,2015.0,Rabi,Cotton,26236.73,1110.32,29131.17
Rajasthan,Raja_District_02,2018.0,Zaid,Barley,32998.36,972.85,32102.45
Tamil Nadu,Tami_District_18,2016.0,Kharif,Rice,1441.79,1936.81,2792.47
Punjab,Punj_District_11,2022.0,Zaid,Maize,9673.8,4948.98,47875.44
Madhya Pradesh,Madh_District_14,2018.0,Zaid,Mustard,15219.52,1499.29,22818.47
Rajasthan,Raja_District_08,2019.0,Rabi,Wheat,9918.81,2182.34,21646.22
Maharashtra,Maha_District_19,2016.0,Zaid,,30331.86,4018.75,121896.16
Andhra Pradesh,Andh_District_11,2016.0,Kharif,,18292.35,3316.87,60673.35
Karnataka,Karn_District_19,2023.0,Zaid,Rice,24154.79,4309.23,104088.55
Bihar,Biha_District_19,2020.0,Rabi,Cotton,28495.18,1804.51,51419.84
Haryana,Hary_District_07,2013.0,Rabi,Maize,35209.0,4190.29,147535.92
Haryana,Hary_District_17,2010.0,Kharif,Sugarcane,23325.49,4942.39,115283.67
Haryana,Hary_District_20,2011.0,Zaid,Barley,43966.93,1386.3,60951.36
Odisha,Odis_District_20,2014.0,Rabi,Rice,39359.12,3204.28,126117.64
West Bengal,West_District_06,2022.0,Zaid,Groundnut,26787.08,2812.72,75344.56
Maharashtra,Maha_District_01,2021.0,Kharif,Cotton,42685.22,3248.93,138681.29
Andhra Pradesh,Andh_District_05,2019.0,Zaid,Groundnut,26931.53,719.87,19387.2
,Tami_District_03,2013.0,Rabi,Sugarcane,22470.31,4586.19,103053.11
Rajasthan,Raja_District_11,2018.0,Zaid,Groundnut,35615.66,729.29,25974.14
Punjab,Punj_District_10,2010.0,Kharif,,44211.21,4220.0,186571.31
Bihar,Biha_District_19,2012.0,Rabi,Barley,27379.54,600.82,16450.18
Punjab,Punj_District_04,2018.0,Kharif,Mustard,28165.24,745.65,21001.41
Madhya Pradesh,Madh_District_19,2015.0,Zaid,Soybean,16086.91,3330.09,53570.86
West Bengal,West_District_11,2020.0,Kharif,Rice,45654.36,2110.08,96334.35
Telangana,Tela_District_02,2022.0,Kharif,Cotton,,4632.62,199273.03
Gujarat,Guja_District_20,2014.0,Zaid,Wheat,1150.09,1577.43,1814.19
Bihar,Biha_District_16,2022.0,Kharif,Wheat,35522.13,3905.79,138741.98
Rajasthan,Raja_District_09,2021.0,Kharif,Rice,19681.6,3455.4,68007.8
Rajasthan,Raja_District_09,2019.0,Kharif,Maize,30646.72,3828.99,117345.98
Madhya Pradesh,Madh_District_08,2012.0,Kharif,Mustard,35961.06,886.42,31876.6
Gujarat,Guja_District_08,2011.0,Rabi,Mustard,7996.68,,8774.52
Gujarat,Guja_District_20,,Kharif,Rice,46630.76,4610.94,215011.64
West Bengal,West_District_14,2018.0,Zaid,Barley,39890.87,1025.23,40897.32
Gujarat,Guja_District_20,2014.0,Zaid,Wheat,28756.15,1342.54,38606.28
Tamil Nadu,Tami_District_08,2013.0,Kharif,Barley,18482.36,1701.91,31455.31
West Bengal,West_District_08,2020.0,Kharif,Rice,41463.66,1150.03,47684.45
Bihar,Biha_District_19,2022.0,Rabi,Maize,32344.34,4927.53,159377.71
Punjab,Punj_District_13,,Rabi,Groundnut,34384.02,856.55,
Odisha,Odis_District_02,2019.0,Zaid,Barley,45401.69,3393.86,154086.98
Andhra Pradesh,Andh_District_08,,Kharif,Mustard,22869.92,3468.62,79327.06
Karnataka,Karn_District_11,2023.0,Kharif,Maize,43964.31,2647.07,116376.61
Punjab,Punj_District_19,2011.0,,Jowar,26612.94,2536.01,67490.68
Assam,Assa_District_18,2019.0,Zaid,Groundnut,3722.31,4041.82,15044.91
Odisha,Odis_District_14,2013.0,Zaid,Soybean,6407.95,2275.57,14581.74
Tamil Nadu,Tami_District_08,2016.0,Rabi,Barley,19402.46,1760.18,34151.82
Tamil Nadu,Tami_District_11,2023.0,Zaid,Maize,20185.11,3281.04,66228.15
Odisha,Odis_District_20,2015.0,Kharif,Barley,15638.23,1276.3,19959.07
Bihar,Biha_District_08,2013.0,Rabi,Maize,43481.44,4868.75,211700.26
Uttar Pradesh,Utta_District_15,2013.0,Rabi,Wheat,22983.33,1971.59,45313.7
West Bengal,West_District_20,2015.0,Rabi,Cotton,2469.36,665.83,1644.17
Odisha,Odis_District_08,2016.0,Zaid,Sugarcane,19704.81,4686.09,92338.51
West Bengal,West_District_15,2015.0,Kharif,Maize,36562.36,2071.71,75746.61
Tamil Nadu,Tami_District_06,2012.0,Rabi,Cotton,48405.52,2429.41,117596.85
Gujarat,Guja_District_15,2011.0,Rabi,Mustard,13911.96,2418.59,33647.33
Andhra Pradesh,Andh_District_06,2019.0,Kharif,Barley,10656.01,4485.37,47796.15
Karnataka,Karn_District_19,2017.0,Kharif,Barley,18122.55,3460.86,62719.61
Bihar,Biha_District_04,2022.0,Zaid,Sugarcane,19513.46,4557.79,88938.25
Gujarat,Guja_District_19,2023.0,Rabi,,32154.8,2697.13,86725.68
Karnataka,Karn_District_13,2018.0,Kharif,Mustard,6693.93,4558.62,30515.08
Uttar Pradesh,Utta_District_16,2018.0,Rabi,Rice,27386.16,1782.74,
Bihar,,2022.0,Zaid,Mustard,43908.55,744.98,32710.99
Odisha,Odis_District_02,2019.0,Kharif,,15772.44,2915.73,45988.18
Haryana,Hary_District_14,2012.0,Kharif,Sugarcane,17056.74,2645.3,45120.19
Maharashtra,Maha_District_10,2014.0,Zaid,Cotton,13289.38,1085.37,14423.89
Gujarat,Guja_District_01,2012.0,Zaid,Barley,1939.02,1209.41,2345.07
Uttar Pradesh,Utta_District_17,2021.0,,Sugarcane,47652.03,3089.31,147211.89
Karnataka,Karn_District_11,2023.0,Kharif,Barley,24499.11,2229.46,54619.79
Gujarat,Guja_District_01,2022.0,Rabi,Cotton,35450.17,1135.67,40259.69
Madhya Pradesh,Madh_District_17,2013.0,Rabi,Wheat,13878.88,3451.56,47903.79
West Bengal,West_District_05,2012.0,Rabi,Cotton,24005.31,3965.42,95191.14
Rajasthan,Raja_District_14,2022.0,Zaid,Maize,44865.78,4205.18,188668.68
Odisha,Odis_District_16,2012.0,,Rice,,911.62,8470.74
,Assa_District_07,2010.0,Zaid,Rice,8555.09,4025.89,34441.85
Maharashtra,Maha_District_18,2010.0,Zaid,Groundnut,45700.17,4664.52,213169.36
Bihar,Biha_District_11,2013.0,Zaid,Maize,14980.97,4281.54,64141.62
Uttar Pradesh,Utta_District_07,2012.0,Zaid,Mustard,26858.15,4202.56,112872.99
Gujarat,Guja_District_19,2018.0,Rabi,Jowar,27463.41,1156.52,31761.98
Odisha,Odis_District_16,2013.0,Zaid,Maize,4053.06,4807.49,19485.05
Bihar,Biha_District_04,2020.0,Zaid,Barley,21347.55,2077.34,44346.12
Rajasthan,Raja_District_04,2014.0,Kharif,Jowar,17879.52,2205.2,39427.92
Haryana,Hary_District_16,2017.0,Rabi,Barley,47255.34,782.17,36961.71
Madhya Pradesh,Madh_District_20,2010.0,Kharif,Cotton,6041.16,4053.43,
Punjab,Punj_District_09,2016.0,Zaid,Rice,27515.53,1078.42,29673.3
Andhra Pradesh,Andh_District_02,2020.0,Rabi,Jowar,1819.56,1509.05,2745.81
Rajasthan,Raja_District_14,2014.0,Kharif,Rice,13114.46,563.96,7396.03
Andhra Pradesh,Andh_District_19,2014.0,Kharif,Maize,10882.92,3822.44,41599.31
Madhya Pradesh,Madh_District_19,2020.0,Zaid,Rice,42786.14,4542.06,194337.22
Rajasthan,Raja_District_20,2012.0,Zaid,Jowar,19556.71,1937.36,37888.39
Punjab,Punj_District_14,2016.0,Rabi,Rice,49993.06,,198074.0
Karnataka,Karn_District_06,2012.0,Zaid,Maize,26913.87,1646.47,44312.88
Gujarat,Guja_District_02,2018.0,Kharif,Rice,16133.14,2819.14,45481.58
Madhya Pradesh,Madh_District_09,2019.0,Rabi,Sugarcane,27149.94,561.55,15246.05
Assam,Assa_District_14,2019.0,Zaid,Sugarcane,47974.06,3090.23,148250.88
Assam,Assa_District_10,2013.0,Zaid,Rice,29499.0,1451.62,
,Biha_District_17,2020.0,Kharif,Soybean,38272.86,3817.69,146113.91
,Andh_District_04,2015.0,Kharif,Cotton,,3177.47,15405.58
Karnataka,Karn_District_06,2015.0,Kharif,Jowar,32943.87,4260.06,140342.86
Bihar,Biha_District_20,2019.0,,Cotton,10383.95,4449.36,46201.93
Telangana,Tela_District_14,2020.0,Zaid,Barley,23127.91,934.36,21609.79
Punjab,Punj_District_04,2010.0,Zaid,Cotton,5370.5,1390.12,7465.64
Assam,Assa_District_02,2019.0,Zaid,,14209.26,2733.83,38845.7
Karnataka,Karn_District_13,2020.0,Kharif,Sugarcane,37462.68,1340.27,50210.11
Maharashtra,Maha_District_10,2021.0,,Jowar,49633.32,1226.85,60892.64
Uttar Pradesh,Utta_District_07,2018.0,Zaid,Wheat,30008.96,4680.23,140448.83
Gujarat,Guja_District_18,2021.0,Zaid,Mustard,41642.12,3415.5,
Assam,Assa_District_12,2022.0,Rabi,Sugarcane,35803.1,1103.93,39524.12
West Bengal,West_District_04,2013.0,Rabi,Soybean,582.19,2453.67,1428.5
Punjab,,2019.0,Kharif,Jowar,4566.99,,9635.85
Rajasthan,Raja_District_08,2015.0,Zaid,Mustard,11264.77,4623.56,52083.34
Madhya Pradesh,Madh_District_11,2019.0,Zaid,Mustard,44014.79,4185.24,184212.46
Telangana,Tela_District_20,2013.0,Rabi,Barley,35725.82,1193.32,42632.34
Rajasthan,Raja_District_01,2022.0,Zaid,Mustard,2513.53,3442.5,8652.83
Maharashtra,Maha_District_16,2010.0,Kharif,Cotton,32148.68,2162.41,69518.63
Gujarat,Guja_District_05,2018.0,Kharif,Groundnut,23687.06,2701.17,63982.78
Bihar,Biha_District_09,2016.0,Rabi,Soybean,12072.41,1913.75,23103.57
Rajasthan,Raja_District_02,2016.0,Kharif,Sugarcane,20977.64,3214.31,67428.64
Telangana,Tela_District_13,2018.0,Zaid,,47795.38,,139714.5
Madhya Pradesh,Madh_District_14,2015.0,Zaid,Sugarcane,36585.08,4131.5,151151.26
,Utta_District_18,2014.0,Zaid,Cotton,5764.06,3439.06,19822.95
Madhya Pradesh,Madh_District_07,2012.0,Zaid,Groundnut,24157.32,3075.94,74306.47
Maharashtra,Maha_District_04,2012.0,Zaid,Soybean,2017.01,4577.97,9233.81
Tamil Nadu,Tami_District_12,2017.0,Zaid,Sugarcane,47643.93,515.67,
Uttar Pradesh,Utta_District_06,2017.0,Rabi,Soybean,10718.3,1310.87,14050.3
Assam,Assa_District_15,2018.0,Kharif,Groundnut,39087.1,3191.36,124741.01
Madhya Pradesh,Madh_District_06,2018.0,Kharif,Cotton,,4162.87,37253.32
Haryana,Hary_District_14,,Zaid,Cotton,17738.4,2573.86,45656.16
Karnataka,Karn_District_16,2022.0,Kharif,Soybean,19426.6,2846.21,55292.18
Karnataka,Karn_District_18,2010.0,Kharif,Maize,24059.11,1735.63,41757.71
Odisha,Odis_District_17,2010.0,Kharif,Maize,21285.35,4587.52,97646.97
Uttar Pradesh,Utta_District_04,2021.0,Zaid,Mustard,25194.42,4623.74,116492.45
Rajasthan,Raja_District_04,2017.0,Kharif,Jowar,27551.34,3959.68,109094.49
Andhra Pradesh,Andh_District_08,2011.0,Rabi,Maize,14750.21,4056.86,59839.54
Haryana,Hary_District_19,2020.0,Zaid,Wheat,13289.65,587.97,7813.92
Rajasthan,Raja_District_02,2023.0,Kharif,Mustard,8120.37,597.44,4851.43
Karnataka,Karn_District_11,2021.0,Rabi,Maize,,4999.9,236787.41
Odisha,Odis_District_18,2020.0,Kharif,Jowar,38135.29,986.58,
Uttar Pradesh,Utta_District_15,2011.0,,Jowar,44957.38,,172950.59
Madhya Pradesh,Madh_District_05,2015.0,Zaid,Jowar,16679.0,2760.25,46038.21
Odisha,Odis_District_03,2015.0,Kharif,Jowar,33121.79,608.23,20145.67
Karnataka,Karn_District_10,2015.0,Rabi,Cotton,25126.89,3795.78,95376.15
Karnataka,Karn_District_06,2023.0,Kharif,Barley,9492.45,2497.06,23703.22
Bihar,Biha_District_12,2014.0,Rabi,Cotton,26673.25,3810.04,101626.15
Rajasthan,,2011.0,Kharif,Soybean,48226.24,4317.24,208204.25
Gujarat,Guja_District_11,2020.0,Zaid,Wheat,31113.77,3126.38,97273.47
Haryana,Hary_District_16,2014.0,Rabi,Maize,30199.02,2953.3,89186.77
Odisha,Odis_District_18,2018.0,,Rice,3062.21,3642.33,11153.58
Maharashtra,,,Zaid,Groundnut,35845.21,2806.16,100587.39
Punjab,Punj_District_01,2017.0,Zaid,Cotton,43532.34,3525.97,153493.72
Uttar Pradesh,Utta_District_17,2015.0,Zaid,Rice,18196.97,588.62,10711.1
Uttar Pradesh,Utta_District_10,,Kharif,Soybean,3052.17,2083.09,6357.94
Maharashtra,Maha_District_03,2016.0,Rabi,Sugarcane,23159.06,1250.92,28970.13
Punjab,Punj_District_09,2022.0,Zaid,Groundnut,9547.48,1535.95,14664.45
Gujarat,Guja_District_19,2010.0,Zaid,Maize,39047.62,3970.8,155050.29
Punjab,Punj_District_10,2010.0,Kharif,Jowar,19208.66,1275.64,24503.34
Tamil Nadu,Tami_District_16,2013.0,Kharif,Soybean,5634.33,892.08,5026.27
Gujarat,Guja_District_16,2020.0,Rabi,Wheat,19624.83,704.94,13834.33
Haryana,Hary_District_02,2012.0,Rabi,Groundnut,16748.39,4826.9,80842.8
Maharashtra,Maha_District_08,,Rabi,Sugarcane,25424.48,4201.9,106831.12
West Bengal,West_District_17,2020.0,Rabi,Groundnut,6550.37,1706.35,11177.22
Assam,Assa_District_18,2013.0,Kharif,Jowar,47332.67,2225.98,105361.58
Rajasthan,Raja_District_03,2015.0,Kharif,Soybean,32455.47,4892.57,158790.66
Andhra Pradesh,Andh_District_15,2020.0,Kharif,Wheat,27584.31,1874.06,51694.65
Maharashtra,Maha_District_12,2022.0,Kharif,Wheat,26644.23,745.87,19873.13
Tamil Nadu,Tami_District_02,2016.0,Zaid,Maize,,532.27,3037.8
Odisha,Odis_District_09,2011.0,Rabi,Rice,44222.08,3520.76,155695.33
West Bengal,West_District_02,2020.0,Rabi,Jowar,,1495.23,22408.5
Haryana,Hary_District_16,2016.0,Rabi,Maize,34185.52,4637.89,158548.68
Madhya Pradesh,Madh_District_19,2016.0,Zaid,Wheat,15027.04,1947.02,29257.95
Karnataka,Karn_District_13,2015.0,Rabi,Wheat,42726.61,4520.19,193132.4
Punjab,Punj_District_05,2012.0,,Groundnut,45710.42,1819.19,83155.94
Madhya Pradesh,Madh_District_05,2022.0,Kharif,Cotton,6103.6,2479.99,15136.87
West Bengal,,2016.0,,Cotton,14858.67,,66528.21
Haryana,,2012.0,Rabi,Maize,1928.08,3352.46,6463.81
Karnataka,Karn_District_20,2018.0,Kharif,Barley,45318.45,4895.02,221834.72
Madhya Pradesh,Madh_District_06,2012.0,Zaid,Wheat,32541.52,4774.65,155374.37
Haryana,Hary_District_17,2010.0,Rabi,Barley,3875.41,2116.75,8203.27
Maharashtra,Maha_District_03,2018.0,,Jowar,534.86,4915.33,2629.01
Andhra Pradesh,Andh_District_12,2023.0,Kharif,Wheat,45146.05,626.24,
Telangana,Tela_District_10,2020.0,Rabi,Rice,1004.82,2151.36,2161.73
Haryana,Hary_District_02,2018.0,Zaid,Sugarcane,13001.04,4311.2,56050.08
Gujarat,Guja_District_11,2023.0,Zaid,,8108.17,4057.92,32902.31
Odisha,Odis_District_02,2018.0,Rabi,Jowar,27767.54,2198.26,61040.27
Assam,Assa_District_12,2023.0,Kharif,,7371.42,4989.61,36780.51
Tamil Nadu,Tami_District_12,2013.0,Kharif,Jowar,30937.51,2477.22,76639.02
Gujarat,Guja_District_09,2016.0,Kharif,Cotton,18619.27,4575.78,85197.68
Tamil Nadu,Tami_District_11,2022.0,Kharif,Soybean,41077.47,4150.34,170485.47
West Bengal,West_District_19,2010.0,Kharif,Cotton,30848.3,4495.8,138687.79
Punjab,Punj_District_17,2020.0,Zaid,Jowar,15033.99,3666.68,55124.83
West Bengal,West_District_14,2011.0,Kharif,,,3199.99,
Telangana,,2017.0,Rabi,Groundnut,49907.83,4930.36,246063.57
Assam,Assa_District_14,2020.0,Kharif,Rice,25679.69,3082.39,79154.82
Gujarat,Guja_District_19,2015.0,Kharif,Barley,44876.36,4935.36,221480.99
Gujarat,Guja_District_11,2017.0,Zaid,Mustard,38952.53,793.33,30902.21
Madhya Pradesh,Madh_District_15,2016.0,Kharif,Maize,16199.72,4534.53,73458.12
Tamil Nadu,Tami_District_19,2011.0,Zaid,Rice,38440.79,3840.05,147614.56
Assam,Assa_District_04,2011.0,Kharif,Barley,33429.37,2368.69,79183.81
Gujarat,Guja_District_06,2013.0,Zaid,Maize,20221.74,4140.2,83722.05
West Bengal,,2011.0,Kharif,Sugarcane,14759.64,3581.74,52865.19
Andhra Pradesh,Andh_District_16,2012.0,Kharif,Mustard,36337.81,4300.5,156270.75
Telangana,Tela_District_17,2015.0,Zaid,Maize,,3838.5,61655.1
,Tami_District_11,,Zaid,Groundnut,5413.85,1121.28,6070.44
Telangana,Tela_District_11,2010.0,Rabi,Groundnut,20925.07,748.52,15662.83
Uttar Pradesh,Utta_District_07,2022.0,Rabi,Soybean,47390.15,4558.53,216029.42
Uttar Pradesh,Utta_District_05,2016.0,Rabi,Maize,2541.79,4272.4,10859.54
Rajasthan,Raja_District_13,2015.0,Kharif,Soybean,,3658.83,93273.89
Madhya Pradesh,Madh_District_02,2023.0,Rabi,Sugarcane,44357.87,3096.39,137349.27
Gujarat,Guja_District_05,2013.0,Rabi,Wheat,5904.72,511.6,3020.85
Haryana,Hary_District_11,2022.0,Rabi,Mustard,24896.38,4771.54,118794.07
Haryana,Hary_District_06,2014.0,Zaid,Barley,28673.83,2178.23,62458.2
Bihar,Biha_District_17,2022.0,Zaid,Jowar,1643.01,4617.41,
Maharashtra,Maha_District_09,2012.0,Zaid,Maize,16425.12,3671.5,60304.83
Gujarat,Guja_District_01,2021.0,,Groundnut,34742.44,1642.47,57063.42
Rajasthan,Raja_District_01,2022.0,Zaid,Barley,3282.5,2232.5,7328.18
Karnataka,Karn_District_14,2012.0,Rabi,Cotton,15924.84,3651.15,58143.98
Haryana,Hary_District_01,2010.0,Kharif,Jowar,41007.15,1501.0,61551.73
Karnataka,Karn_District_15,2017.0,Zaid,Cotton,26458.73,682.74,18064.43
Assam,Assa_District_16,2021.0,Zaid,Maize,10791.37,3927.93,42387.75
Madhya Pradesh,,2013.0,Kharif,Wheat,39690.58,3993.82,158517.03
Gujarat,Guja_District_14,2023.0,Rabi,Wheat,7205.16,2979.66,21468.93
Karnataka,Karn_District_08,2011.0,Kharif,Wheat,21193.15,4961.69,105153.84
Bihar,Biha_District_07,,Zaid,Maize,32738.09,4708.41,154144.35
Odisha,Odis_District_01,2014.0,Rabi,Sugarcane,,2528.93,18595.17
Rajasthan,Raja_District_06,2015.0,Zaid,Wheat,38603.22,2155.36,83203.84
Punjab,Punj_District_14,2017.0,Kharif,Barley,31662.17,2802.66,88738.3
Tamil Nadu,Tami_District_03,2020.0,Kharif,Barley,49597.28,1282.43,63605.04
Punjab,Punj_District_14,2016.0,Rabi,Soybean,46773.9,2307.07,107910.66
Bihar,Biha_District_03,2023.0,Zaid,Sugarcane,23452.85,2878.71,67513.95
Gujarat,Guja_District_02,2012.0,Rabi,Barley,13341.79,4836.46,64527.03
Odisha,Odis_District_17,2023.0,Kharif,Cotton,,4878.07,222358.09
West Bengal,West_District_17,2014.0,Kharif,Jowar,49846.29,3514.1,175164.85
Madhya Pradesh,Madh_District_09,2016.0,Rabi,Wheat,22639.11,4328.3,97988.86
Telangana,Tela_District_04,2016.0,,Groundnut,1287.86,,5479.61
Haryana,Hary_District_06,2010.0,Kharif,Wheat,24914.57,3529.49,87935.73
Tamil Nadu,Tami_District_02,2017.0,Rabi,Cotton,18764.9,2158.8,40509.67
Maharashtra,Maha_District_19,2019.0,Zaid,Jowar,1682.69,2407.05,4050.32
Haryana,Hary_District_02,2016.0,Kharif,Maize,20476.87,1511.56,30952.02
,Karn_District_15,2021.0,Kharif,Mustard,12441.43,3128.63,38924.63
West Bengal,West_District_18,2018.0,Zaid,Cotton,15956.79,4236.13,67595.04
Tamil Nadu,Tami_District_06,2012.0,Zaid,Barley,5658.12,3099.4,17536.78
Bihar,Biha_District_06,2020.0,Zaid,Groundnut,8086.23,2877.08,23264.73
Gujarat,Guja_District_19,2023.0,Zaid,Maize,27672.04,3390.34,93817.62
Assam,Assa_District_14,2015.0,Rabi,Sugarcane,21428.5,2792.64,59842.09
Andhra Pradesh,Andh_District_02,2014.0,Rabi,Wheat,9129.54,2583.57,23586.81
Uttar Pradesh,,2013.0,Kharif,Soybean,18714.22,3497.59,65454.67
Karnataka,Karn_District_14,2023.0,Rabi,Jowar,21797.6,4007.04,87343.86
Tamil Nadu,Tami_District_03,2019.0,Zaid,Cotton,21357.01,1560.97,33337.65
Punjab,Punj_District_09,2014.0,Rabi,Maize,13757.07,703.78,9681.95
Karnataka,Karn_District_03,2021.0,Rabi,Sugarcane,27041.95,4238.96,114629.74
Bihar,Biha_District_13,2021.0,Rabi,Barley,38478.67,2470.05,95044.24
Odisha,Odis_District_11,2016.0,Rabi,Barley,9886.41,4385.68,43358.63
Andhra Pradesh,Andh_District_10,2012.0,Kharif,Rice,2933.37,2296.5,6736.48
Maharashtra,Maha_District_07,2019.0,Zaid,Wheat,,2269.3,97228.39
Uttar Pradesh,Utta_District_06,2017.0,Kharif,Soybean,5981.99,1696.77,10150.06
Rajasthan,Raja_District_12,2020.0,Kharif,Maize,30041.47,1184.16,35573.91
Andhra Pradesh,Andh_District_05,2012.0,Rabi,Cotton,32781.27,2471.73,81026.45
Gujarat,Guja_District_02,2020.0,Zaid,Cotton,16786.04,1584.16,26591.77
Bihar,Biha_District_20,2020.0,Rabi,Maize,41184.17,2285.03,94107.06
Rajasthan,Raja_District_03,2019.0,Zaid,Jowar,36950.12,2481.6,91695.42
Punjab,Punj_District_01,2013.0,Kharif,Mustard,4684.17,2482.28,
Maharashtra,Maha_District_14,2016.0,Kharif,Sugarcane,25433.62,2560.29,65117.44
Gujarat,Guja_District_01,2015.0,Rabi,Wheat,40830.46,4598.83,187772.34
,Utta_District_15,2014.0,Rabi,Sugarcane,39360.26,3122.52,122903.2
Andhra Pradesh,Andh_District_20,2020.0,Zaid,Mustard,27118.35,3400.77,92223.27
Andhra Pradesh,Andh_District_16,2012.0,Rabi,Groundnut,14462.73,4153.31,60068.2
Andhra Pradesh,,2021.0,Kharif,Maize,42856.72,1702.48,72962.71
Bihar,Biha_District_17,2013.0,Zaid,Wheat,45150.63,4319.3,195019.12
West Bengal,West_District_14,2014.0,Kharif,Groundnut,21281.89,4590.5,97694.52
Odisha,Odis_District_12,2016.0,Kharif,Barley,6109.91,625.94,3824.44
Haryana,Hary_District_07,2015.0,Zaid,Jowar,17458.55,3044.46,53151.86
Telangana,Tela_District_14,2017.0,Kharif,Soybean,17636.99,4739.3,83586.99
Telangana,Tela_District_06,2017.0,Rabi,Wheat,12810.04,1765.46,22615.61
Andhra Pradesh,Andh_District_02,2017.0,Kharif,Cotton,31777.9,517.39,16441.57
Tamil Nadu,Tami_District_13,2012.0,Zaid,Mustard,36405.1,2198.61,80040.62
Karnataka,Karn_District_08,2020.0,Zaid,Groundnut,48889.62,3611.38,176559.0
Haryana,Hary_District_05,2016.0,Kharif,Sugarcane,2705.53,916.83,2480.51
Rajasthan,Raja_District_09,2012.0,Rabi,Mustard,4499.59,4786.8,21538.64
Rajasthan,Raja_District_13,2020.0,Rabi,Cotton,34234.17,2424.23,82991.5
Haryana,Hary_District_18,2015.0,Rabi,Groundnut,10104.09,4431.38,44775.06
Rajasthan,Raja_District_11,2018.0,Zaid,Cotton,10157.64,3680.06,37380.72
Karnataka,Karn_District_01,2010.0,Zaid,Jowar,38189.89,1825.95,69732.83
,Tami_District_08,2018.0,Kharif,,25295.25,1503.45,38030.14
Bihar,Biha_District_07,2022.0,Kharif,Barley,19008.59,4843.1,
Uttar Pradesh,Utta_District_10,2022.0,Zaid,Groundnut,34687.59,4309.76,149495.19
Rajasthan,Raja_District_03,2023.0,Kharif,Wheat,27075.92,1575.68,42662.99
Telangana,Tela_District_20,2022.0,,Cotton,35672.7,2752.56,98191.25
Bihar,Biha_District_11,2011.0,Zaid,Sugarcane,8924.76,2355.93,21026.11
Maharashtra,Maha_District_06,2011.0,Rabi,,,3808.99,121044.1
Bihar,,,Zaid,Mustard,,4441.99,54355.39
Bihar,Biha_District_19,2016.0,Zaid,Groundnut,19039.6,,32750.4
Punjab,Punj_District_11,2018.0,,Rice,9836.49,4118.77,40514.24
Madhya Pradesh,Madh_District_19,2012.0,,Sugarcane,17772.81,2675.3,47547.6
Karnataka,Karn_District_17,2010.0,Rabi,Soybean,11218.71,3587.41,40246.11
Gujarat,Guja_District_12,2016.0,Rabi,Maize,39073.57,2027.41,79218.15
,West_District_10,,,Mustard,47259.46,637.75,30139.72
Odisha,Odis_District_15,2019.0,Rabi,Groundnut,6733.86,3149.54,21208.56
Madhya Pradesh,Madh_District_15,2023.0,Zaid,Jowar,35100.2,1628.07,57145.58
West Bengal,West_District_10,2014.0,,Sugarcane,27748.15,1932.74,53629.96
Maharashtra,Maha_District_08,2023.0,Rabi,Jowar,27749.05,,96205.12
Odisha,Odis_District_15,2016.0,Kharif,Wheat,48643.12,2550.64,124071.09
Bihar,Biha_District_05,2013.0,Kharif,Rice,32445.98,3101.18,
Bihar,Biha_District_07,2012.0,,Jowar,15945.99,1638.79,26132.13
West Bengal,West_District_08,2012.0,Zaid,Maize,49394.75,1430.84,70675.98
Uttar Pradesh,Utta_District_03,2020.0,Rabi,Jowar,39534.74,,45846.07
Rajasthan,Raja_District_16,2018.0,Zaid,Groundnut,40237.13,1335.78,53747.95
Bihar,Biha_District_20,2017.0,Zaid,Soybean,48361.12,3586.94,173468.44
Punjab,Punj_District_19,2019.0,Zaid,Wheat,4596.9,3619.3,16637.56
Assam,Assa_District_03,2022.0,Rabi,Jowar,30220.68,2018.96,61014.34
Karnataka,Karn_District_01,,Rabi,Maize,13110.73,3734.42,48960.97
Karnataka,Karn_District_10,2015.0,Kharif,Jowar,37093.93,1972.43,73165.18
Assam,Assa_District_15,2012.0,Kharif,Barley,43823.73,1709.72,74926.31
Madhya Pradesh,Madh_District_09,2023.0,Zaid,Cotton,3586.23,3199.41,11473.82
Madhya Pradesh,Madh_District_03,2021.0,Rabi,Mustard,5442.82,1744.99,9497.67
Karnataka,,2015.0,Kharif,Groundnut,25408.6,1788.62,45446.33
Punjab,Punj_District_15,2018.0,Rabi,Jowar,10828.32,3664.33,39678.54
Assam,Assa_District_06,2013.0,Kharif,Maize,27395.27,4278.93,117222.44
West Bengal,West_District_07,2015.0,Rabi,Sugarcane,29103.86,2675.51,77867.67
Odisha,Odis_District_01,2015.0,Kharif,Mustard,13136.69,4064.3,53391.45
Madhya Pradesh,Madh_District_15,2015.0,Zaid,Sugarcane,9923.86,1590.03,15779.24
Uttar Pradesh,Utta_District_09,2020.0,Zaid,Groundnut,42095.27,3835.37,161450.94
Bihar,Biha_District_15,,Zaid,Rice,30682.39,675.14,20714.91
Odisha,Odis_District_14,2020.0,Zaid,Jowar,6450.16,2749.81,17736.71
Odisha,Odis_District_05,2014.0,Zaid,Cotton,37342.31,2588.45,96658.7
Tamil Nadu,Tami_District_05,2010.0,Zaid,Sugarcane,962.92,1329.21,1279.92
Madhya Pradesh,Madh_District_16,2017.0,Kharif,Mustard,29479.46,3623.98,106832.97
Uttar Pradesh,Utta_District_10,2016.0,Rabi,Sugarcane,1768.07,694.99,1228.79
Karnataka,Karn_District_07,2010.0,Kharif,Soybean,13139.37,875.76,11506.93
Tamil Nadu,Tami_District_02,2010.0,Zaid,Mustard,27143.12,1056.66,28681.05
Karnataka,Karn_District_17,2022.0,,Jowar,,3997.51,129703.77
Rajasthan,Raja_District_13,2015.0,Kharif,Maize,48528.78,4767.83,231376.97
Odisha,Odis_District_20,2016.0,Rabi,Sugarcane,13740.92,632.34,8688.93
Karnataka,Karn_District_07,2017.0,Zaid,Mustard,,3688.16,60993.57
Rajasthan,Raja_District_14,2016.0,Rabi,Maize,3084.08,2118.71,6534.27
Odisha,Odis_District_03,2017.0,Zaid,Soybean,14971.92,1487.06,22264.14
Bihar,Biha_District_16,2010.0,Kharif,Mustard,35335.92,3465.94,122472.18
Bihar,Biha_District_12,2023.0,Rabi,Mustard,,,123336.84
Telangana,Tela_District_18,2017.0,Kharif,Jowar,5246.63,1173.6,6157.44
Karnataka,Karn_District_04,2015.0,Rabi,Cotton,19234.14,3451.47,66386.06
Tamil Nadu,Tami_District_09,2011.0,Rabi,Mustard,29245.56,833.19,24367.11
Punjab,Punj_District_08,2022.0,Kharif,Maize,47925.4,1872.79,89754.21
Maharashtra,Maha_District_11,2023.0,Rabi,Rice,18012.73,3306.33,59556.03
Uttar Pradesh,Utta_District_18,2013.0,Zaid,Soybean,47263.76,3482.1,164577.14
Maharashtra,Maha_District_08,2023.0,Kharif,,47743.19,1344.16,64174.49
Gujarat,Guja_District_01,2013.0,Kharif,Wheat,30978.62,4229.96,131038.32
Andhra Pradesh,Andh_District_12,2017.0,Zaid,Jowar,25500.32,2129.78,54310.07
Telangana,Tela_District_17,2020.0,Rabi,Jowar,49239.45,1134.44,55859.2
Rajasthan,Raja_District_17,2012.0,Kharif,Rice,20605.38,4430.18,91285.54
Rajasthan,Raja_District_18,2015.0,Kharif,Jowar,45033.99,4911.72,221194.35
Assam,Assa_District_12,2011.0,Zaid,Sugarcane,44253.89,729.31,32274.8
Karnataka,Karn_District_08,,Rabi,Barley,,2426.75,112832.59
Maharashtra,Maha_District_20,2015.0,Rabi,Maize,32615.8,2274.24,74176.16
Maharashtra,Maha_District_15,2017.0,Zaid,Maize,40702.04,3091.64,125836.05
Punjab,Punj_District_08,2021.0,Zaid,Barley,42292.68,1371.97,58024.29
Uttar Pradesh,Utta_District_07,2018.0,Rabi,Mustard,9330.66,2481.7,23155.9
Rajasthan,Raja_District_08,2019.0,Rabi,Barley,337.1,3617.84,1219.57
Telangana,Tela_District_07,2020.0,Zaid,Barley,14873.08,3007.85,44735.99
Punjab,Punj_District_12,2018.0,Rabi,Maize,3593.18,1267.9,
Madhya Pradesh,Madh_District_04,2012.0,Rabi,Cotton,31180.67,1875.48,58478.72
Telangana,Tela_District_09,2013.0,Rabi,Soybean,10814.62,1529.81,16544.31
Telangana,Tela_District_02,2021.0,Rabi,Jowar,10819.49,3302.83,35734.94
Telangana,Tela_District_07,2010.0,Zaid,Wheat,8467.79,2132.18,18054.85
Rajasthan,Raja_District_01,2015.0,Zaid,,34425.55,2811.52,96788.12
Uttar Pradesh,Utta_District_09,2018.0,Kharif,Cotton,29904.32,1629.08,48716.53
Assam,Assa_District_18,2012.0,Kharif,Groundnut,46642.47,2362.46,
Karnataka,Karn_District_02,2012.0,Rabi,Groundnut,14419.5,4569.47,65889.47
Andhra Pradesh,Andh_District_20,2022.0,Zaid,Soybean,32798.95,3262.76,107015.1
Tamil Nadu,Tami_District_09,2011.0,Kharif,Soybean,44348.06,763.43,33856.64
West Bengal,West_District_03,2019.0,Zaid,Maize,41900.21,3550.39,148762.09
Haryana,Hary_District_04,2014.0,Kharif,Soybean,18063.64,1653.58,29869.67
West Bengal,West_District_12,2019.0,Kharif,Groundnut,5329.81,4734.83,25235.74
Rajasthan,Raja_District_06,2022.0,Zaid,Soybean,7181.41,1667.47,11974.79
Tamil Nadu,Tami_District_09,2018.0,Kharif,Maize,34586.25,3695.69,127820.06
Odisha,Odis_District_09,2018.0,Kharif,Groundnut,,4163.59,33818.18
Maharashtra,Maha_District_20,2021.0,Rabi,Wheat,25563.33,4318.06,110383.99
Assam,Assa_District_14,2020.0,Rabi,Mustard,4455.54,692.73,3086.49
Uttar Pradesh,Utta_District_16,2022.0,Kharif,Jowar,31885.82,1175.11,37469.35
,West_District_11,2016.0,Kharif,Soybean,26294.96,563.49,14816.95
Andhra Pradesh,Andh_District_03,2013.0,Rabi,Barley,39018.47,4547.89,177451.71
Rajasthan,Raja_District_11,2011.0,Kharif,Soybean,41960.25,4812.59,201937.48
Andhra Pradesh,Andh_District_19,2011.0,Zaid,Jowar,45164.48,2498.08,112824.48
Odisha,Odis_District_20,2010.0,Rabi,Groundnut,19977.58,4532.83,90554.97
Madhya Pradesh,Madh_District_20,2020.0,Kharif,Groundnut,46354.25,4877.76,226104.91
Haryana,Hary_District_01,2023.0,Kharif,Barley,38439.03,1408.95,
Madhya Pradesh,Madh_District_16,2012.0,Kharif,Sugarcane,47253.21,4762.14,225026.4
,West_District_18,2010.0,Zaid,Rice,33339.96,4357.76,145287.54
Gujarat,Guja_District_17,2010.0,Zaid,Jowar,28102.7,4748.57,133447.64
Haryana,Hary_District_05,2016.0,Kharif,Sugarcane,4787.43,4387.84,21006.48
Karnataka,Karn_District_17,2021.0,Kharif,,2869.63,2025.98,5813.81
Rajasthan,Raja_District_09,2023.0,Zaid,Maize,6852.75,2656.11,18201.66
Tamil Nadu,Tami_District_14,2014.0,Rabi,Cotton,11689.08,4784.33,55924.42
Tamil Nadu,Tami_District_20,2023.0,Rabi,Cotton,28010.13,4539.79,127160.11
Madhya Pradesh,Madh_District_18,2011.0,Zaid,Barley,13975.12,616.9,8621.25
Karnataka,Karn_District_15,2011.0,Rabi,Jowar,38805.18,3660.7,142054.12
Madhya Pradesh,Madh_District_18,,Rabi,Barley,27320.03,4169.04,
Andhra Pradesh,Andh_District_07,2012.0,Kharif,Barley,42020.21,3145.56,132177.09
Gujarat,Guja_District_13,2022.0,Rabi,Sugarcane,48299.8,3738.7,180578.46
Tamil Nadu,,2012.0,Zaid,Jowar,33876.08,2126.4,72034.1
Andhra Pradesh,Andh_District_20,2021.0,Zaid,Barley,212.7,1584.24,336.97
Maharashtra,Maha_District_05,2019.0,Kharif,Mustard,38219.63,3694.42,141199.37
West Bengal,West_District_06,2022.0,Rabi,Jowar,,3315.12,55090.7
Gujarat,Guja_District_07,2014.0,,Mustard,9844.85,1686.32,16601.57
Rajasthan,Raja_District_03,2021.0,Zaid,Groundnut,47375.66,2359.31,111773.87
Madhya Pradesh,Madh_District_15,2021.0,Rabi,Rice,12324.88,2691.99,33178.45
Haryana,Hary_District_18,2017.0,Rabi,Mustard,19412.09,3782.88,73433.61
Haryana,Hary_District_12,2016.0,Kharif,Cotton,48109.59,3162.82,152161.97
Uttar Pradesh,Utta_District_10,2017.0,Zaid,Jowar,29598.24,2141.75,63392.03
Uttar Pradesh,Utta_District_15,2010.0,Kharif,Maize,28275.08,1936.98,54768.26
,West_District_03,2019.0,Kharif,Soybean,154.49,4397.43,679.36
Maharashtra,Maha_District_05,2022.0,Rabi,Sugarcane,21529.26,2714.4,58439.02
Madhya Pradesh,Madh_District_09,2016.0,Zaid,,4266.7,4267.0,18206.01
Bihar,Biha_District_17,2023.0,Zaid,Jowar,8599.82,2347.8,20190.66
Tamil Nadu,,2011.0,Zaid,Cotton,42029.25,2560.02,107595.72
Karnataka,Karn_District_05,2010.0,Kharif,Maize,46564.5,1441.91,67141.82
Bihar,Biha_District_10,2020.0,Rabi,Maize,35790.12,4900.99,175407.02
Karnataka,Karn_District_04,2019.0,Rabi,Mustard,27525.72,3614.83,99500.8
Tamil Nadu,Tami_District_10,2023.0,,Sugarcane,19722.01,3881.02,76541.52
Bihar,Biha_District_08,2021.0,Zaid,Barley,45452.82,3663.75,166527.77
Andhra Pradesh,Andh_District_11,2013.0,Rabi,Sugarcane,46802.84,3148.94,147379.33
Assam,Assa_District_11,2010.0,Zaid,Barley,28899.16,1870.82,54065.13
Tamil Nadu,Tami_District_11,2023.0,Rabi,Barley,35510.41,4468.79,158688.57
Rajasthan,Raja_District_17,2015.0,Zaid,Maize,32351.18,1548.68,50101.63
Andhra Pradesh,Andh_District_18,2010.0,Zaid,Maize,27251.04,3901.72,106325.93
Tamil Nadu,Tami_District_01,2018.0,Zaid,Barley,46974.23,1204.68,56588.92
Tamil Nadu,Tami_District_20,2022.0,Zaid,Groundnut,6462.1,2358.25,15239.25
Haryana,Hary_District_05,2022.0,Zaid,Cotton,6368.0,4911.93,31279.17
Tamil Nadu,,2015.0,Rabi,Maize,21272.79,2901.25,61717.68
Haryana,Hary_District_14,2017.0,Zaid,Cotton,11431.68,2521.07,28820.07
Tamil Nadu,Tami_District_11,2018.0,Zaid,Cotton,49236.23,2699.09,132893.02
Karnataka,Karn_District_07,2012.0,Zaid,Jowar,540.31,1591.37,859.83
Karnataka,Karn_District_01,2011.0,Rabi,Sugarcane,48924.9,4950.8,242217.39
Bihar,Biha_District_03,2010.0,Kharif,,10603.61,3268.69,34659.91
Karnataka,Karn_District_20,2013.0,Rabi,Groundnut,3937.73,3098.49,12201.02
Odisha,Odis_District_06,2023.0,Rabi,Mustard,6383.44,4183.98,26708.19
Rajasthan,Raja_District_04,2021.0,Zaid,Mustard,46984.79,1278.44,60067.23
Karnataka,Karn_District_03,2011.0,Rabi,Sugarcane,23189.34,959.19,22242.98
Tamil Nadu,Tami_District_19,2018.0,Zaid,Soybean,17023.09,792.94,13498.29
West Bengal,,2013.0,Kharif,Mustard,13300.87,4956.01,65919.24
Karnataka,Karn_District_09,2017.0,Kharif,Barley,2325.7,4365.36,10152.52
Tamil Nadu,Tami_District_08,2022.0,Rabi,Barley,3964.88,2880.49,11420.8
Telangana,Tela_District_17,2014.0,Rabi,Cotton,22660.78,4692.0,106324.38
Rajasthan,Raja_District_11,2016.0,Kharif,Mustard,10032.59,1308.57,13128.35
Madhya Pradesh,Madh_District_02,2022.0,Kharif,Cotton,37460.83,3765.74,141067.75
Punjab,Punj_District_04,2017.0,Rabi,Maize,34989.17,,21608.26
Tamil Nadu,Tami_District_07,2011.0,,,13071.99,4279.53,55941.97
Assam,Assa_District_17,2015.0,Kharif,Wheat,30082.82,,96562.24
Punjab,,2019.0,Kharif,Groundnut,14866.24,1670.78,
Gujarat,Guja_District_11,2023.0,Kharif,Groundnut,47333.09,3774.9,178677.68
Odisha,Odis_District_04,2020.0,Zaid,,6430.62,4719.68,30350.47
Andhra Pradesh,Andh_District_07,2013.0,Zaid,Barley,29160.27,,58324.33
Maharashtra,Maha_District_08,2018.0,Rabi,Cotton,19917.26,3764.32,74974.94
Bihar,Biha_District_07,2014.0,Zaid,Cotton,18876.01,3104.35,58597.74
Madhya Pradesh,Madh_District_04,2021.0,Kharif,Wheat,35553.92,1379.19,49035.61
Bihar,Biha_District_12,2017.0,Zaid,Sugarcane,47217.65,2102.78,99288.33
Madhya Pradesh,Madh_District_09,,Zaid,Soybean,21026.8,3643.31,76607.15
Gujarat,Guja_District_19,2015.0,Kharif,Soybean,30478.38,2480.54,75602.84
Bihar,Biha_District_09,2011.0,Kharif,Groundnut,32522.13,4562.73,
Gujarat,Guja_District_08,2023.0,Rabi,Barley,40034.15,4209.17,168510.54
Madhya Pradesh,Madh_District_13,2023.0,Kharif,Rice,12994.58,2387.32,31022.22
Karnataka,Karn_District_14,2022.0,Zaid,Rice,27735.58,698.86,19383.29
Telangana,,2015.0,Kharif,Maize,38512.63,1955.59,75314.91
Maharashtra,Maha_District_16,2021.0,Kharif,Soybean,14201.54,1666.81,23671.27
West Bengal,West_District_03,2011.0,Rabi,Barley,14240.63,2021.07,28781.31
Telangana,Tela_District_18,2023.0,Zaid,,30280.75,3126.04,94658.84
Karnataka,Karn_District_04,2022.0,Kharif,Wheat,12860.02,1428.91,18375.81
Gujarat,Guja_District_01,2011.0,Rabi,Rice,41335.27,917.26,37915.19
Madhya Pradesh,,2018.0,Zaid,Maize,25689.86,2842.52,73023.94
Haryana,,2011.0,Zaid,Barley,28749.43,4485.43,128953.56
Tamil Nadu,Tami_District_20,2016.0,Kharif,Mustard,31233.31,4881.35,
Telangana,Tela_District_11,2023.0,Kharif,Cotton,43580.52,1466.33,63903.42
Madhya Pradesh,Madh_District_18,2019.0,Kharif,Cotton,12135.05,2051.48,24894.81
Tamil Nadu,Tami_District_19,2016.0,Kharif,Sugarcane,19636.57,2988.48,58683.5
Uttar Pradesh,Utta_District_01,2019.0,Zaid,Jowar,11702.38,1500.55,17560.01
Uttar Pradesh,Utta_District_06,2022.0,Kharif,Barley,19131.36,3524.1,67420.83
Karnataka,Karn_District_11,2017.0,Kharif,Cotton,34437.47,4892.53,168486.36
West Bengal,West_District_12,2017.0,Rabi,Wheat,10200.53,2267.87,23133.48
West Bengal,West_District_20,2010.0,Zaid,Jowar,48237.41,3605.04,173897.79
Telangana,Tela_District_15,2012.0,Zaid,Sugarcane,29654.7,2928.41,86841.12
Andhra Pradesh,Andh_District_19,2013.0,Rabi,Groundnut,3867.97,4520.18,17483.92
Odisha,Odis_District_11,,Kharif,Rice,31312.71,3072.5,96208.3
Madhya Pradesh,Madh_District_18,2020.0,Zaid,Sugarcane,27021.07,2263.61,61165.16
Tamil Nadu,,2016.0,Rabi,Rice,12807.77,3898.95,49936.85
Maharashtra,Maha_District_06,2022.0,Kharif,Mustard,25527.42,652.73,16662.51
Haryana,Hary_District_10,,Kharif,Cotton,20014.82,4678.72,93643.74
Gujarat,Guja_District_18,2016.0,Rabi,Cotton,18757.34,2359.55,44258.88
Maharashtra,Maha_District_19,2011.0,Zaid,Jowar,31235.66,4107.54,128301.72
Madhya Pradesh,Madh_District_04,2016.0,Zaid,Cotton,,4325.25,144706.47
Gujarat,Guja_District_04,2015.0,Kharif,Groundnut,5787.13,4660.67,26971.9
Punjab,Punj_District_11,,Kharif,Mustard,45205.7,2836.17,128211.05
Uttar Pradesh,Utta_District_10,2010.0,Rabi,Sugarcane,31274.64,1457.66,45587.79
Haryana,Hary_District_19,2012.0,Zaid,Maize,22452.58,1412.17,31706.86
Gujarat,Guja_District_04,2022.0,Rabi,Soybean,1196.64,4914.06,5880.36
Uttar Pradesh,Utta_District_10,,Kharif,Soybean,13031.41,3168.99,41296.41
Uttar Pradesh,Utta_District_14,2018.0,Kharif,Wheat,15082.49,2167.8,32695.82
Punjab,Punj_District_07,2016.0,Rabi,Sugarcane,19948.3,2007.71,40050.4
Uttar Pradesh,Utta_District_12,2020.0,Zaid,Soybean,31906.25,4824.21,153922.45
Haryana,Hary_District_06,2013.0,Rabi,Barley,21488.87,4879.97,104865.04
Andhra Pradesh,Andh_District_08,2019.0,Zaid,Wheat,33423.08,3232.11,108027.07
Odisha,Odis_District_06,2013.0,Kharif,Jowar,11931.48,783.14,9344.02
Telangana,Tela_District_01,2020.0,Rabi,Wheat,42611.55,3082.91,131367.57
Tamil Nadu,Tami_District_13,2019.0,Kharif,Rice,20779.25,4153.85,86313.89
Haryana,Hary_District_02,2015.0,Zaid,Soybean,15597.96,4026.28,62801.75
Tamil Nadu,Tami_District_11,2019.0,Kharif,Mustard,16465.4,4643.97,76464.82
West Bengal,West_District_10,2023.0,Zaid,Wheat,13471.55,1118.99,15074.53
Punjab,Punj_District_08,2018.0,Zaid,Mustard,34935.03,1232.81,43068.25
Maharashtra,Maha_District_04,2022.0,Kharif,Wheat,47473.22,3450.0,163782.61
Uttar Pradesh,Utta_District_01,2010.0,Rabi,Mustard,11619.95,1439.69,16729.13
Uttar Pradesh,Utta_District_15,2012.0,Kharif,Groundnut,46201.36,3235.36,149478.03
Assam,Assa_District_15,2023.0,,Barley,44697.43,996.01,44519.09
Gujarat,Guja_District_10,2012.0,Kharif,Mustard,46277.07,2840.22,131437.06
,Raja_District_18,2017.0,Zaid,,33454.25,2177.94,72861.35
Maharashtra,Maha_District_20,2021.0,Kharif,Wheat,3051.1,4810.88,14678.48
Telangana,Tela_District_17,2011.0,Kharif,Maize,49730.46,2140.46,106446.06
Telangana,Tela_District_18,2018.0,Kharif,Rice,47199.01,1254.77,59223.9
Gujarat,Guja_District_01,2019.0,Rabi,Soybean,7818.75,829.0,6481.74
Punjab,Punj_District_17,2013.0,Rabi,Wheat,19624.34,735.36,14430.95
Madhya Pradesh,,2023.0,Kharif,Rice,19793.39,1122.76,22223.23
,Guja_District_14,2015.0,Rabi,Wheat,36553.34,4250.13,155356.45
Andhra Pradesh,,2015.0,Zaid,Maize,34421.99,1402.22,48267.2
Gujarat,Guja_District_06,2013.0,Kharif,Rice,38365.72,1622.75,62257.97
Punjab,Punj_District_16,2015.0,Rabi,Maize,37998.48,3053.29,116020.38
West Bengal,West_District_09,2015.0,Zaid,Barley,18398.95,875.72,16112.33
Gujarat,Guja_District_17,2014.0,Zaid,Sugarcane,41392.72,4728.44,195722.99
Tamil Nadu,Tami_District_05,2016.0,Kharif,Jowar,33329.3,4840.44,161328.48
Tamil Nadu,Tami_District_10,2022.0,Kharif,Cotton,46712.16,1375.74,64263.79
Odisha,Odis_District_09,2022.0,Zaid,Barley,36587.5,2071.87,75804.54
Odisha,Odis_District_05,2019.0,Zaid,Barley,24427.12,1206.34,29467.41
Haryana,Hary_District_15,2016.0,Zaid,Groundnut,48741.49,,183639.41
Madhya Pradesh,Madh_District_05,2011.0,Zaid,,13418.72,2171.62,
Rajasthan,Raja_District_16,2018.0,Rabi,Groundnut,21181.9,3863.9,81844.74
,Andh_District_19,2010.0,Kharif,Sugarcane,46292.29,1946.48,90107.02
Uttar Pradesh,Utta_District_17,2022.0,Rabi,Rice,23677.75,3169.43,75044.97
Telangana,Tela_District_15,2018.0,Kharif,Barley,19727.87,2768.82,54622.92
Odisha,Odis_District_13,2014.0,Kharif,Rice,5374.81,1254.53,6742.86
Rajasthan,Raja_District_05,2020.0,Zaid,Rice,20114.95,4617.23,92875.35
Tamil Nadu,Tami_District_19,2017.0,Rabi,Cotton,17532.97,1624.07,28474.77
Madhya Pradesh,Madh_District_16,2014.0,Zaid,Barley,37168.82,4771.09,177335.79
Uttar Pradesh,Utta_District_09,2013.0,Kharif,Jowar,23010.27,538.72,12396.09
Tamil Nadu,Tami_District_06,2015.0,Zaid,Rice,34438.65,2367.77,81542.8
,Assa_District_07,2016.0,Zaid,Mustard,33714.91,1749.72,58991.65
Andhra Pradesh,Andh_District_18,2011.0,Kharif,Jowar,220.17,2050.23,451.4
Tamil Nadu,Tami_District_18,2012.0,Rabi,Cotton,35269.14,2269.01,80026.03
Assam,,2016.0,,Maize,11036.79,2588.03,28563.54
Punjab,Punj_District_19,2017.0,Rabi,Sugarcane,37642.19,1037.45,39051.89
,Karn_District_16,2011.0,Zaid,Cotton,34618.43,3503.05,121270.09
Telangana,Tela_District_02,2011.0,Kharif,Jowar,18599.82,4866.51,90516.21
Tamil Nadu,,2022.0,Zaid,Jowar,44745.79,1922.73,86034.07
,Biha_District_02,2011.0,Rabi,Sugarcane,,1887.37,3116.9
Tamil Nadu,Tami_District_11,2013.0,Rabi,Rice,10315.62,2962.63,30561.37
Bihar,Biha_District_08,2022.0,Rabi,Soybean,45945.35,4416.52,202918.56
Andhra Pradesh,Andh_District_01,2015.0,Zaid,Sugarcane,15360.87,2428.69,37306.79
Andhra Pradesh,Andh_District_20,2021.0,Kharif,Mustard,1923.46,2948.74,5671.78
Tamil Nadu,Tami_District_19,2021.0,Rabi,Soybean,3262.06,4723.73,15409.09
Haryana,Hary_District_16,2023.0,Rabi,Soybean,43360.0,1463.84,63472.1
Tamil Nadu,Tami_District_19,,Zaid,Maize,34998.5,3056.09,
Tamil Nadu,Tami_District_18,2013.0,Zaid,Cotton,40087.75,2640.43,
Rajasthan,Raja_District_13,2011.0,Kharif,Groundnut,9669.42,3379.3,32675.87
Karnataka,Karn_District_20,2017.0,Kharif,Groundnut,4105.99,3130.65,12854.42
West Bengal,West_District_07,2016.0,Zaid,Wheat,10713.97,3582.21,38379.69
Punjab,Punj_District_14,2011.0,Zaid,Soybean,41419.35,992.86,41123.62
Gujarat,Guja_District_06,2011.0,Rabi,Maize,20073.4,3800.85,76295.98
Madhya Pradesh,Madh_District_13,2021.0,Zaid,Jowar,8268.78,3049.36,25214.49
Andhra Pradesh,Andh_District_13,2021.0,Kharif,Sugarcane,33624.77,2096.57,70496.68
Maharashtra,Maha_District_17,2015.0,Zaid,Rice,41615.92,2797.96,116439.68
Telangana,Tela_District_02,2023.0,Zaid,Soybean,31387.04,1133.93,35590.71
Punjab,Punj_District_12,2011.0,Zaid,Soybean,1255.69,728.37,914.61
Bihar,Biha_District_18,2020.0,Zaid,Mustard,,4471.89,202154.56
Gujarat,Guja_District_13,2019.0,Zaid,Soybean,40398.81,1398.25,56487.64
Gujarat,Guja_District_17,2018.0,Rabi,Wheat,26320.39,,107453.78
Rajasthan,Raja_District_09,2014.0,,,33765.99,,34436.24
Rajasthan,Raja_District_08,2021.0,Zaid,Soybean,44787.51,1223.07,
Karnataka,,2019.0,Rabi,Maize,8672.61,4554.54,39499.75
Haryana,Hary_District_01,2020.0,Zaid,Cotton,24282.39,2178.01,52887.29
Bihar,Biha_District_14,2010.0,Rabi,,27727.47,4916.29,136316.28
Gujarat,Guja_District_15,2019.0,Zaid,Wheat,6069.56,3906.27,23709.34
Maharashtra,Maha_District_06,2020.0,Zaid,Rice,16782.86,1026.72,17231.3
Punjab,Punj_District_15,2022.0,Zaid,Barley,21154.47,2969.39,62815.87
Tamil Nadu,Tami_District_06,2016.0,Zaid,Jowar,10377.49,2323.71,24114.28
Bihar,Biha_District_03,2011.0,Rabi,Maize,31820.23,3094.02,98452.43
Madhya Pradesh,Madh_District_15,2013.0,Kharif,Rice,36185.71,4263.82,154289.35
Gujarat,Guja_District_19,2019.0,Rabi,Soybean,20516.1,2403.35,49307.37
Haryana,Hary_District_10,2018.0,Kharif,Sugarcane,24884.94,3048.59,75863.98
Assam,Assa_District_02,2021.0,Rabi,Jowar,5505.3,1906.86,10497.84
Bihar,Biha_District_09,2010.0,Rabi,Soybean,8677.4,2236.34,19405.62
Andhra Pradesh,Andh_District_05,2013.0,Zaid,Maize,48670.37,3122.29,151963.01
Assam,Assa_District_06,2019.0,Zaid,Barley,21526.14,3046.72,65584.12
Assam,Assa_District_13,2021.0,Rabi,Maize,33486.92,2457.29,82287.07
Telangana,Tela_District_02,2010.0,Zaid,Barley,22440.72,3656.31,82050.23
West Bengal,West_District_01,2019.0,Zaid,Sugarcane,,2930.36,9192.66
Gujarat,Guja_District_12,2013.0,Rabi,Barley,27411.66,3905.39,107053.22
Punjab,Punj_District_02,2011.0,Zaid,,49133.97,4080.9,200510.82
Andhra Pradesh,Andh_District_17,2022.0,Zaid,Jowar,25239.05,1262.54,31865.31
Rajasthan,Raja_District_06,2020.0,Zaid,Mustard,29454.22,4254.34,125308.27
Andhra Pradesh,Andh_District_10,2011.0,Rabi,,46627.46,4213.9,196483.45
West Bengal,West_District_14,2012.0,Rabi,Wheat,9529.53,3706.59,35322.06
Haryana,Hary_District_02,2021.0,Kharif,Groundnut,44019.73,3564.58,156911.85
Madhya Pradesh,Madh_District_12,2016.0,Kharif,Rice,34319.03,2750.73,94402.39
Uttar Pradesh,Utta_District_06,2012.0,Zaid,,31885.11,1824.71,58181.08
Odisha,Odis_District_14,2012.0,,Soybean,4531.62,4224.72,19144.83
Maharashtra,Maha_District_01,2014.0,Kharif,Soybean,47162.9,4355.7,205427.44
Uttar Pradesh,Utta_District_04,2016.0,Rabi,Mustard,16762.29,920.89,15436.23
,Guja_District_18,2016.0,Kharif,Groundnut,14078.91,4292.76,60437.38
West Bengal,West_District_19,2022.0,Rabi,Maize,32825.14,4850.12,159205.87
Telangana,Tela_District_09,2016.0,Kharif,Jowar,17199.78,2981.62,51283.21
Andhra Pradesh,Andh_District_10,2011.0,Rabi,Soybean,39522.91,1552.96,61377.5
Rajasthan,Raja_District_10,2010.0,Zaid,Cotton,48208.09,3165.79,152616.69
Bihar,Biha_District_12,2015.0,Rabi,Mustard,,613.19,302.97
Assam,Assa_District_17,2018.0,Zaid,Barley,44122.58,3403.77,150183.11
Andhra Pradesh,Andh_District_12,2021.0,Kharif,Jowar,38177.32,4028.07,153780.92
Haryana,Hary_District_08,2021.0,Kharif,Cotton,21080.94,4093.75,86300.1
West Bengal,West_District_03,2015.0,Kharif,Groundnut,46882.87,1274.77,59764.88
Assam,Assa_District_20,2012.0,Kharif,Mustard,,1885.06,72066.62
Odisha,Odis_District_06,2017.0,,Groundnut,16142.5,2357.4,38054.33
Andhra Pradesh,Andh_District_10,2016.0,Rabi,Wheat,43199.6,599.25,25887.36
Andhra Pradesh,Andh_District_02,2011.0,Zaid,Maize,21752.92,3560.21,77444.96
Andhra Pradesh,Andh_District_08,2017.0,Zaid,Wheat,5609.73,4065.14,22804.34
Madhya Pradesh,Madh_District_16,2014.0,,,47100.94,909.21,
Punjab,Punj_District_19,2016.0,Kharif,Wheat,7732.11,4883.44,37759.3
Haryana,Hary_District_07,2023.0,Kharif,Jowar,9973.0,855.23,8529.21
West Bengal,West_District_18,2012.0,Zaid,,47614.41,4516.8,215064.77
Assam,Assa_District_12,2015.0,Kharif,Sugarcane,32820.7,2981.44,97852.95
Madhya Pradesh,Madh_District_18,2022.0,Kharif,Rice,45969.71,3449.84,158588.14
Haryana,Hary_District_17,2020.0,Kharif,Groundnut,32953.99,4296.59,141589.78
Bihar,Biha_District_14,2015.0,Rabi,Soybean,32696.96,2766.55,90457.77
,,2020.0,Rabi,Cotton,19547.1,2764.1,54030.14
Uttar Pradesh,Utta_District_08,2011.0,Kharif,Soybean,26171.68,2123.74,55581.84
Haryana,Hary_District_19,2012.0,Zaid,Wheat,22461.11,,92279.67
Rajasthan,Raja_District_06,2023.0,Kharif,Sugarcane,20884.02,615.02,12844.09
Odisha,Odis_District_18,2018.0,Zaid,Rice,14222.66,1542.84,21943.29
Bihar,Biha_District_13,2010.0,Rabi,Sugarcane,39699.74,2521.82,100115.6
Assam,Assa_District_07,2014.0,Zaid,Maize,14087.5,4148.17,58437.34
Assam,,2022.0,Kharif,Mustard,1058.92,1284.13,1359.79
Karnataka,Karn_District_16,2013.0,Kharif,Jowar,41365.05,2977.93,123182.22
West Bengal,West_District_14,2021.0,Zaid,Wheat,38705.12,4271.79,165340.14
Telangana,Tela_District_20,2023.0,Rabi,Mustard,47103.98,785.41,36995.94
Odisha,Odis_District_10,2017.0,Kharif,Wheat,39981.81,3689.45,147510.89
Bihar,Biha_District_12,2011.0,Zaid,Soybean,10430.58,4692.66,48947.17
,Odis_District_19,2019.0,Kharif,Jowar,20269.67,4494.25,91096.96
Maharashtra,Maha_District_11,2014.0,Kharif,Sugarcane,30295.17,2870.37,86958.35
Uttar Pradesh,Utta_District_02,2011.0,Rabi,Wheat,8060.24,4614.47,37193.74
Bihar,Biha_District_04,2014.0,Rabi,Maize,27877.43,527.42,14703.11
,Andh_District_09,2021.0,Zaid,Mustard,1012.4,3999.35,4048.94
Rajasthan,Raja_District_15,2015.0,Zaid,Jowar,8180.62,3194.32,26131.52
Odisha,Odis_District_16,2012.0,Kharif,Groundnut,34085.99,1757.15,59894.2
Rajasthan,Raja_District_07,2018.0,Kharif,Wheat,,1581.16,45076.91
Andhra Pradesh,Andh_District_03,2017.0,Rabi,Wheat,47321.14,4370.77,206829.82
Rajasthan,Raja_District_08,2014.0,Zaid,Mustard,14473.34,2879.67,41678.44
Madhya Pradesh,Madh_District_02,2015.0,Zaid,Barley,25081.58,4820.1,120895.72
West Bengal,West_District_01,2021.0,Kharif,Groundnut,19762.04,3030.02,59879.38
Tamil Nadu,Tami_District_20,2020.0,Rabi,Maize,46442.46,1232.65,57247.3
Odisha,Odis_District_01,2022.0,Kharif,Maize,27569.23,975.53,26894.61
West Bengal,West_District_16,2022.0,,Wheat,30913.2,2145.57,66326.43
Maharashtra,Maha_District_15,2022.0,Kharif,Jowar,48385.04,2369.34,114640.61
Madhya Pradesh,Madh_District_02,2012.0,Zaid,,6895.76,4253.0,
Uttar Pradesh,Utta_District_01,2020.0,Kharif,Cotton,41061.25,3626.87,
Madhya Pradesh,Madh_District_02,2019.0,Zaid,Jowar,37465.71,1691.22,63362.76
Uttar Pradesh,Utta_District_02,2013.0,Kharif,Cotton,32138.47,671.09,21567.81
West Bengal,West_District_18,2010.0,Zaid,Maize,9924.82,4695.26,46599.61
Madhya Pradesh,Madh_District_06,2016.0,Kharif,Mustard,36987.84,1538.03,56888.41
Madhya Pradesh,Madh_District_03,2013.0,Zaid,Barley,5658.02,4770.14,26989.55
Madhya Pradesh,Madh_District_01,2016.0,Rabi,Soybean,5698.16,1656.82,
Andhra Pradesh,Andh_District_10,2015.0,Rabi,Maize,9213.44,,
Odisha,Odis_District_12,,Kharif,Jowar,15775.33,4883.8,77043.56
Karnataka,Karn_District_06,2019.0,Kharif,Soybean,17160.97,2769.37,47525.08
Karnataka,Karn_District_20,2016.0,Rabi,Wheat,37322.2,2979.86,111214.93
Karnataka,Karn_District_06,2021.0,Zaid,Wheat,37205.22,3477.36,129375.94
Andhra Pradesh,Andh_District_01,2012.0,Zaid,Cotton,30467.29,3423.42,104302.33
Karnataka,Karn_District_05,2022.0,Rabi,Mustard,39978.3,3695.86,147754.2
Assam,Assa_District_08,2018.0,Rabi,Wheat,39609.57,1155.19,45756.58
Tamil Nadu,Tami_District_08,2010.0,Rabi,Jowar,33915.92,3816.6,129443.5
Madhya Pradesh,Madh_District_13,2010.0,Kharif,,15068.32,4435.6,66837.04
Bihar,Biha_District_11,2012.0,Rabi,Wheat,15305.11,1597.24,24445.93
Andhra Pradesh,Andh_District_02,2017.0,Kharif,Sugarcane,43368.13,1611.59,69891.64
Gujarat,Guja_District_12,2014.0,Rabi,Soybean,20833.57,2155.65,44909.89
Uttar Pradesh,Utta_District_16,2020.0,Rabi,Barley,44913.28,2548.56,114464.19
Maharashtra,Maha_District_12,2014.0,Kharif,Barley,34746.02,4073.18,141526.79
Tamil Nadu,Tami_District_10,2014.0,Rabi,Soybean,31432.39,4746.63,149197.93
West Bengal,West_District_15,2011.0,Zaid,Soybean,40145.13,2300.93,92371.13
Gujarat,Guja_District_11,2016.0,Rabi,Groundnut,47545.51,2860.59,136008.21
Gujarat,Guja_District_15,,Kharif,Barley,1226.61,1670.06,2048.51
Uttar Pradesh,Utta_District_20,2021.0,Kharif,Cotton,31124.31,1205.67,37525.65
Karnataka,Karn_District_15,2020.0,,Rice,29245.0,2127.19,62209.67
Maharashtra,Maha_District_20,2011.0,Rabi,Wheat,26765.84,508.44,13608.82
Tamil Nadu,Tami_District_08,2022.0,,Mustard,,2128.66,90332.31
Odisha,Odis_District_04,2015.0,,Barley,7093.91,2470.62,17526.36
Rajasthan,Raja_District_15,2017.0,,Sugarcane,24360.25,3368.31,82052.87
Madhya Pradesh,Madh_District_16,2015.0,Kharif,Soybean,26275.67,695.86,18284.19
Andhra Pradesh,Andh_District_07,2021.0,Rabi,Sugarcane,43588.46,2554.29,111337.57
Bihar,Biha_District_07,2022.0,Kharif,Maize,3941.69,3977.73,15678.98
West Bengal,West_District_17,2018.0,Kharif,Wheat,33041.71,3422.47,113084.26
Karnataka,Karn_District_03,2019.0,Rabi,Soybean,21403.01,2347.24,50238.0
Punjab,Punj_District_16,2017.0,Kharif,Rice,26863.3,727.67,19547.62
Telangana,Tela_District_13,2010.0,Kharif,,15017.99,4945.52,74271.77
Punjab,Punj_District_19,2021.0,Rabi,Barley,33143.41,2385.2,79053.66
Uttar Pradesh,Utta_District_05,2011.0,Rabi,Rice,11195.92,3853.44,43142.81
Rajasthan,Raja_District_15,2015.0,Kharif,Maize,13088.49,1230.67,16107.61
Odisha,Odis_District_20,2020.0,Zaid,Wheat,7810.29,3781.68,29536.02
Maharashtra,Maha_District_13,2011.0,Zaid,Groundnut,32176.23,814.13,26195.63
Karnataka,Karn_District_10,2012.0,Zaid,Soybean,5840.64,3352.31,19579.64
Gujarat,Guja_District_11,2023.0,Zaid,Maize,28598.69,3587.0,102583.5
Gujarat,Guja_District_09,2013.0,Zaid,,8984.14,3769.65,33867.06
Odisha,Odis_District_01,2016.0,Rabi,,46811.21,3204.73,150017.29
,Madh_District_15,2010.0,Rabi,Jowar,9886.89,3557.95,35177.06
Karnataka,Karn_District_06,2015.0,Kharif,Rice,17219.78,721.79,12429.07
Assam,Assa_District_17,2016.0,Rabi,Mustard,15186.7,4575.13,69481.13
Telangana,Tela_District_18,2023.0,Zaid,Mustard,20615.85,4390.99,90523.99
Haryana,Hary_District_06,2015.0,Rabi,Wheat,25482.1,2826.4,72022.61
Punjab,,2021.0,Kharif,Barley,360.29,3366.97,1213.09
Assam,Assa_District_14,2017.0,Rabi,Rice,5479.91,2654.37,14545.71
Telangana,Tela_District_16,2015.0,Rabi,,13089.81,2265.72,29657.84
Gujarat,Guja_District_15,2010.0,Kharif,Rice,26900.16,565.09,15201.01
Punjab,Punj_District_12,2023.0,Zaid,Soybean,14300.72,4953.25,70835.04
Assam,Assa_District_09,2018.0,Rabi,Maize,2964.22,1937.27,5742.49
Rajasthan,,2017.0,Rabi,Barley,16138.93,2207.24,35622.49
Haryana,Hary_District_13,2010.0,Kharif,Jowar,34270.57,1614.85,55341.83
Andhra Pradesh,Andh_District_17,2011.0,Zaid,Sugarcane,23067.44,3401.89,78472.89
Karnataka,Karn_District_01,2016.0,Kharif,Cotton,16183.87,4769.48,77188.64
Uttar Pradesh,Utta_District_13,2023.0,Rabi,Groundnut,48985.66,1038.53,50873.08
Uttar Pradesh,Utta_District_05,2021.0,Zaid,Maize,17256.61,1435.87,24778.25
Bihar,Biha_District_05,2020.0,Zaid,Barley,9420.8,2709.41,25524.81
Andhra Pradesh,Andh_District_11,,Rabi,Cotton,28234.97,2415.43,68199.59
Bihar,Biha_District_17,2014.0,Kharif,Wheat,13700.49,1753.8,24027.92
Gujarat,Guja_District_17,2012.0,Zaid,Jowar,49607.2,4656.55,230998.41
West Bengal,West_District_04,2013.0,Zaid,Barley,3887.35,3454.48,13428.77
Tamil Nadu,Tami_District_09,2010.0,Rabi,Groundnut,22898.19,3599.66,82425.7
West Bengal,West_District_04,2019.0,,Mustard,29888.34,4501.64,134546.55
Karnataka,Karn_District_15,2016.0,Rabi,Barley,3442.72,,7137.41
Rajasthan,Raja_District_08,2019.0,Zaid,Soybean,49276.16,1320.28,65058.33
Gujarat,Guja_District_12,2014.0,Kharif,Sugarcane,6453.94,3780.37,24398.28
Rajasthan,Raja_District_03,2014.0,Zaid,Jowar,38894.01,3525.23,137110.33
Assam,Assa_District_20,2017.0,Kharif,Sugarcane,38832.17,3621.75,140640.41
Karnataka,,2010.0,Rabi,Sugarcane,6874.96,3237.0,22254.25
Madhya Pradesh,Madh_District_19,2011.0,Kharif,Jowar,38866.15,4394.82,170809.73
Maharashtra,Maha_District_15,2014.0,Zaid,Sugarcane,12387.14,1073.44,13296.85
Tamil Nadu,Tami_District_15,2019.0,Zaid,Barley,39076.41,1654.47,64650.75
Punjab,Punj_District_08,2022.0,Kharif,Soybean,1693.28,4213.46,7134.57
Madhya Pradesh,Madh_District_01,2017.0,Zaid,Jowar,25348.96,1969.85,49933.65
Madhya Pradesh,Madh_District_13,2023.0,Zaid,Groundnut,670.31,658.97,441.71
Maharashtra,Maha_District_20,2022.0,Kharif,Cotton,39651.9,2703.68,107206.05
Odisha,Odis_District_01,2017.0,Zaid,Barley,7571.13,2113.28,15999.92
Punjab,Punj_District_09,2022.0,Zaid,Sugarcane,8348.73,1007.97,8415.27
Punjab,Punj_District_12,2020.0,Zaid,Groundnut,13887.76,2972.79,41285.39
Punjab,Punj_District_02,2023.0,Zaid,Rice,10579.33,2046.52,21650.81
Assam,Assa_District_08,2017.0,Rabi,Wheat,23948.75,2390.13,57240.63
Gujarat,Guja_District_19,2015.0,Rabi,Jowar,6518.53,674.9,4399.36
Haryana,Hary_District_11,2015.0,Zaid,Barley,1869.39,2075.81,3880.5
Madhya Pradesh,Madh_District_08,2020.0,Rabi,Maize,35968.22,1090.65,39228.74
Telangana,,2017.0,Kharif,Cotton,39370.31,3720.53,146478.42
Karnataka,Karn_District_04,2021.0,Kharif,Soybean,296.78,620.37,184.11
Uttar Pradesh,Utta_District_05,2013.0,Rabi,Sugarcane,9832.16,752.54,7399.09
Telangana,,2012.0,Kharif,,26614.02,678.32,18052.82
Haryana,Hary_District_20,2016.0,Kharif,Wheat,40152.03,2718.33,109146.47
Rajasthan,Raja_District_19,2023.0,Rabi,Jowar,36424.92,3878.16,141261.67
Odisha,,2021.0,Kharif,Groundnut,25387.52,4664.13,118410.69
Karnataka,Karn_District_07,2018.0,Rabi,Maize,49513.01,2116.47,104792.8
Andhra Pradesh,Andh_District_04,2011.0,Kharif,Rice,6380.62,2134.57,13619.88
Karnataka,Karn_District_02,2020.0,Zaid,,11245.36,2889.53,
Karnataka,Karn_District_10,2010.0,Rabi,Sugarcane,18981.54,2662.02,50529.24
Tamil Nadu,Tami_District_12,2018.0,Rabi,Wheat,38183.06,1733.09,
Odisha,Odis_District_08,2022.0,Rabi,Barley,26919.99,2008.23,54061.53
Andhra Pradesh,Andh_District_08,2019.0,Zaid,Sugarcane,39269.55,3377.91,132649.01
Assam,Assa_District_16,2011.0,Zaid,Cotton,524.39,3470.23,1819.75
,Biha_District_01,2020.0,Rabi,Jowar,8591.08,3760.13,32303.58
Gujarat,Guja_District_09,2021.0,Kharif,Wheat,28410.2,2306.67,65532.96
,Karn_District_04,2012.0,Rabi,Rice,34733.91,4354.67,151254.72
Karnataka,Karn_District_08,2010.0,Kharif,Jowar,38959.31,,115093.98
Maharashtra,Maha_District_08,2021.0,Zaid,Soybean,,2362.62,85438.13
Assam,Assa_District_19,2021.0,Kharif,Groundnut,39472.4,4230.73,166997.07
Bihar,Biha_District_06,2021.0,Kharif,Wheat,6950.96,1571.14,10920.93
Madhya Pradesh,Madh_District_04,2016.0,Rabi,Barley,13572.44,1247.37,16929.85
Karnataka,Karn_District_19,2011.0,,Rice,19687.5,1368.65,26945.3
Madhya Pradesh,Madh_District_17,2018.0,Kharif,Groundnut,29817.41,957.27,28543.31
Uttar Pradesh,Utta_District_19,2020.0,Kharif,Jowar,13568.97,3494.84,47421.38
West Bengal,West_District_16,2019.0,Zaid,Jowar,19987.4,2396.58,47901.4
Assam,Assa_District_12,2013.0,Rabi,Barley,39916.47,4930.3,196800.17
West Bengal,West_District_19,2023.0,Zaid,Cotton,28296.88,855.8,24216.47
Tamil Nadu,Tami_District_19,2020.0,Zaid,Groundnut,5234.86,4858.25,25432.26
Gujarat,Guja_District_13,2012.0,Zaid,Soybean,33993.82,3886.11,132103.72
Punjab,Punj_District_04,2015.0,Rabi,Soybean,33820.61,1308.28,44246.83
Punjab,Punj_District_15,2013.0,Zaid,Cotton,22473.27,4091.36,91946.24
Madhya Pradesh,Madh_District_15,2019.0,Kharif,Jowar,43331.51,1568.01,67944.24
Bihar,,2020.0,Kharif,Wheat,29838.49,,36013.86
Assam,Assa_District_09,2011.0,Zaid,Wheat,47918.02,1634.92,78342.13
Tamil Nadu,Tami_District_16,2017.0,Zaid,Soybean,36359.09,1540.01,55993.36
Gujarat,Guja_District_13,2022.0,Zaid,Sugarcane,30841.09,3466.69,106916.5
Tamil Nadu,Tami_District_06,2014.0,Kharif,,16488.56,4184.75,69000.5
Andhra Pradesh,Andh_District_07,2021.0,Kharif,Maize,44280.01,4347.81,192521.07
Uttar Pradesh,Utta_District_17,2018.0,Kharif,Wheat,16606.83,3849.53,63928.49
Rajasthan,Raja_District_15,2010.0,Kharif,Cotton,28018.59,3166.83,88730.11
Andhra Pradesh,Andh_District_04,,Zaid,Soybean,23923.51,3201.18,76583.46
Rajasthan,Raja_District_09,2020.0,Kharif,Groundnut,6869.14,2339.81,16072.48
Tamil Nadu,Tami_District_15,2013.0,Zaid,Sugarcane,8965.82,1760.47,15784.06
Gujarat,Guja_District_01,2020.0,Zaid,Sugarcane,6477.95,1456.23,9433.39
West Bengal,West_District_07,2015.0,Zaid,Soybean,39118.27,2974.26,116347.91
Karnataka,Karn_District_09,2020.0,Rabi,Rice,,4048.36,5181.05
Andhra Pradesh,Andh_District_20,2017.0,Rabi,Jowar,45482.47,4461.93,202939.6
Rajasthan,Raja_District_12,2016.0,Kharif,Rice,41168.54,4964.97,204400.57
Telangana,Tela_District_09,2019.0,Kharif,Barley,29361.46,4831.64,141864.0
West Bengal,West_District_18,2015.0,Zaid,Wheat,47447.33,1909.57,90604.0
Tamil Nadu,Tami_District_13,2018.0,Zaid,Cotton,43185.34,4066.13,175597.21
Madhya Pradesh,Madh_District_19,2020.0,Kharif,Jowar,38812.36,4533.26,175946.52
Madhya Pradesh,Madh_District_06,2012.0,Kharif,Mustard,19271.08,2300.25,44328.3
West Bengal,West_District_01,2010.0,Zaid,Wheat,32038.61,3820.12,122391.33
Karnataka,Karn_District_14,2013.0,Kharif,Wheat,43998.88,4441.3,
Odisha,Odis_District_03,2017.0,Kharif,Jowar,36094.85,4806.02,173472.57
Telangana,Tela_District_02,2019.0,Rabi,Rice,9013.57,4776.53,43053.59
Andhra Pradesh,Andh_District_05,2013.0,Rabi,Rice,3303.15,3000.3,9910.44
Assam,Assa_District_05,2019.0,Zaid,Wheat,4600.83,3056.0,14060.14
Punjab,Punj_District_08,2023.0,Rabi,Cotton,19566.47,,16968.83
Madhya Pradesh,Madh_District_16,2017.0,Rabi,Sugarcane,32441.03,3790.39,122964.16
Karnataka,Karn_District_04,2023.0,Zaid,Groundnut,8791.85,3624.97,31870.19
Assam,Assa_District_18,2019.0,Rabi,Rice,9034.47,1118.28,10103.07
Karnataka,Karn_District_09,2021.0,Kharif,Cotton,7453.43,3195.85,23820.04
Maharashtra,Maha_District_19,2012.0,Rabi,Maize,38961.66,3186.02,124132.63
Haryana,Hary_District_18,2017.0,Rabi,Wheat,40486.64,3161.65,128004.59
Maharashtra,,2018.0,Rabi,Maize,39886.33,4894.35,195217.66
Assam,Assa_District_10,2013.0,,Rice,19608.89,1174.74,23035.35
Madhya Pradesh,Madh_District_01,2021.0,Kharif,Wheat,6856.3,3188.65,21862.34
Assam,Assa_District_19,2012.0,Zaid,Wheat,27400.44,1329.06,36416.83
Assam,Assa_District_17,2011.0,Kharif,Jowar,44117.04,4805.37,211998.7
Assam,Assa_District_01,2023.0,Zaid,Cotton,12735.46,1430.97,18224.06
Assam,Assa_District_03,2020.0,Zaid,Barley,10774.7,2243.4,24171.96
Madhya Pradesh,Madh_District_08,2015.0,Kharif,Jowar,42676.04,3181.82,135787.48
Gujarat,Guja_District_14,2016.0,Zaid,,3470.92,2628.41,9123.0
Uttar Pradesh,Utta_District_03,2012.0,Rabi,Barley,4607.55,2327.96,10726.19
Odisha,Odis_District_01,2013.0,Zaid,Cotton,20235.66,3417.59,69157.19
Tamil Nadu,Tami_District_06,2018.0,Rabi,Barley,27517.75,4436.4,122079.75
Rajasthan,Raja_District_20,2012.0,Kharif,Wheat,912.13,3982.99,3633.0
Maharashtra,Maha_District_10,,Rabi,Mustard,1230.65,1869.3,2300.45
Telangana,Tela_District_12,2017.0,Kharif,Sugarcane,43995.19,3606.86,158684.49
Bihar,Biha_District_14,2011.0,Rabi,Barley,8682.63,2708.53,23517.16
Rajasthan,Raja_District_13,2017.0,Kharif,Mustard,,4718.04,170429.85
Assam,Assa_District_04,2019.0,Kharif,Maize,31752.63,611.04,19402.13
Karnataka,Karn_District_09,2011.0,Rabi,Wheat,25035.12,1188.33,29749.98
Karnataka,Karn_District_19,2018.0,Kharif,Cotton,2484.2,3193.3,7932.8
Tamil Nadu,,2014.0,Kharif,Mustard,38868.4,662.27,25741.38
Tamil Nadu,Tami_District_18,2021.0,Rabi,Cotton,39201.1,3678.75,144211.05
Maharashtra,Maha_District_06,,Kharif,Rice,37624.15,1601.28,60246.8
,Assa_District_01,2015.0,Rabi,Maize,19740.41,1038.88,20507.92
Odisha,Odis_District_03,2011.0,,Maize,12020.66,1862.55,22389.08
,,,Kharif,Rice,16039.89,1287.68,20654.25
Maharashtra,Maha_District_19,2023.0,Zaid,Sugarcane,9516.72,4556.62,43364.08
Karnataka,Karn_District_05,2018.0,Rabi,Rice,39216.29,2050.15,80399.28
Punjab,Punj_District_12,2019.0,Kharif,Groundnut,47387.41,1575.15,74642.28
Punjab,Punj_District_11,2018.0,Kharif,Maize,20400.34,4160.86,84882.96
Punjab,Punj_District_01,2015.0,Kharif,Cotton,22200.03,1555.81,34539.03
Andhra Pradesh,Andh_District_05,2017.0,Zaid,Cotton,18489.92,2753.24,50907.19
,Tela_District_17,2018.0,Rabi,Maize,31070.15,2325.23,72245.24
Haryana,Hary_District_17,2012.0,Rabi,Sugarcane,21622.09,1687.75,36492.68
Tamil Nadu,Tami_District_14,2020.0,Rabi,Maize,26813.83,1487.55,39886.91
Assam,Assa_District_13,2011.0,Kharif,Cotton,,3863.15,167620.38
Karnataka,Karn_District_01,2015.0,,Groundnut,20572.92,3862.53,79463.52
Bihar,Biha_District_16,2022.0,Zaid,Wheat,449.1,2050.2,920.74
West Bengal,West_District_09,,Kharif,Barley,22071.03,2614.09,
West Bengal,West_District_04,2015.0,Rabi,Rice,37461.7,4832.63,181038.54
Madhya Pradesh,Madh_District_05,2020.0,Zaid,Jowar,19061.86,2077.7,39604.83
Uttar Pradesh,Utta_District_02,2018.0,Rabi,Soybean,30564.71,1765.64,53966.27
Andhra Pradesh,Andh_District_19,2015.0,Rabi,Barley,7153.38,4826.93,34528.86
Haryana,Hary_District_02,2018.0,Zaid,Wheat,40495.54,4813.25,194915.16
Punjab,Punj_District_03,2013.0,Kharif,Wheat,10969.86,580.14,6364.05
Madhya Pradesh,Madh_District_20,2015.0,Rabi,Rice,,4701.24,103048.12
Uttar Pradesh,Utta_District_08,2013.0,Rabi,Sugarcane,7002.43,1027.33,7193.81
Haryana,Hary_District_04,2018.0,Zaid,Soybean,3540.74,3942.58,13959.65
Gujarat,Guja_District_02,2023.0,Rabi,Rice,39317.73,3629.19,142691.51
Karnataka,Karn_District_11,2013.0,Rabi,Barley,2759.26,3754.8,10360.47
Bihar,Biha_District_04,2015.0,Rabi,Wheat,22486.58,1210.52,27220.45
Odisha,Odis_District_17,2020.0,Rabi,Mustard,14826.79,2755.16,40850.18
Karnataka,Karn_District_03,2023.0,Rabi,Rice,16549.61,4863.87,80495.15
Punjab,Punj_District_11,2023.0,Zaid,Rice,23789.61,2174.68,51734.79
Assam,Assa_District_18,2016.0,Zaid,Soybean,33690.95,3427.45,115474.05
Uttar Pradesh,Utta_District_10,2023.0,Zaid,Rice,221.72,3283.13,727.94
Punjab,Punj_District_13,2021.0,Rabi,Soybean,12264.07,2188.55,26840.53
Haryana,Hary_District_11,2023.0,,Cotton,35346.81,3008.24,
Karnataka,Karn_District_16,2018.0,Zaid,Barley,18495.89,1253.35,23181.82
Gujarat,Guja_District_19,2023.0,Zaid,Rice,25323.56,1937.15,49055.53
Bihar,Biha_District_11,2011.0,Zaid,Soybean,45655.1,2904.56,132607.98
Rajasthan,Raja_District_20,2012.0,Kharif,Cotton,43311.6,2255.81,97702.74
Assam,Assa_District_10,2022.0,Zaid,Sugarcane,41389.11,754.42,31224.77
Gujarat,Guja_District_14,2016.0,Kharif,Jowar,14976.14,851.79,12756.53
Maharashtra,Maha_District_15,2019.0,Kharif,Groundnut,1679.34,4634.88,7783.54
Assam,Assa_District_06,2010.0,Rabi,Wheat,35871.75,3313.0,118843.11
Odisha,Odis_District_20,2023.0,Zaid,Cotton,26671.39,3062.99,81694.2
Haryana,Hary_District_12,2019.0,Zaid,Soybean,31970.65,4219.61,134903.67
Bihar,Biha_District_20,2019.0,Rabi,,29884.74,3868.61,115612.4
Assam,Assa_District_16,2019.0,Rabi,Soybean,14120.8,4895.43,69127.39
Andhra Pradesh,Andh_District_12,2010.0,Kharif,Soybean,1691.67,,3788.65
West Bengal,West_District_03,2015.0,Zaid,Rice,44114.27,1312.35,57893.36
Tamil Nadu,Tami_District_01,2010.0,Rabi,Groundnut,7152.77,2144.44,15338.69
Telangana,,2021.0,Zaid,Maize,21466.92,4700.27,100900.32
West Bengal,West_District_19,2021.0,Rabi,Rice,41822.36,2588.4,108253.0
Karnataka,Karn_District_10,2014.0,Rabi,Rice,48651.46,3390.25,164940.61
Bihar,Biha_District_08,2023.0,Zaid,Wheat,43695.57,1607.26,70230.14
Uttar Pradesh,Utta_District_19,2014.0,Zaid,Jowar,24499.31,633.73,15525.95
Madhya Pradesh,Madh_District_20,2016.0,Kharif,Barley,543.12,3674.54,1995.72
Tamil Nadu,Tami_District_16,2015.0,Zaid,Mustard,6002.85,2965.14,17799.29
Tamil Nadu,Tami_District_06,,Rabi,Rice,34830.77,645.06,22467.94
Punjab,Punj_District_17,2021.0,,Jowar,22492.2,3578.68,80492.39
Uttar Pradesh,Utta_District_19,2020.0,Kharif,Jowar,44497.58,1846.54,82166.56
Assam,Assa_District_18,2014.0,Kharif,Jowar,48713.4,4300.44,209489.05
West Bengal,West_District_15,2019.0,Rabi,Groundnut,32566.69,2263.66,73719.91
Uttar Pradesh,Utta_District_15,2014.0,Rabi,Rice,35584.41,4172.87,148489.12
,Maha_District_01,2018.0,Rabi,Groundnut,15234.66,4967.74,75681.83
Andhra Pradesh,,2014.0,Kharif,Mustard,45440.11,2684.76,121995.79
Tamil Nadu,Tami_District_13,2020.0,Kharif,Maize,36169.21,2858.04,103373.05
Odisha,Odis_District_17,2017.0,Zaid,Jowar,38070.43,4221.42,160711.27
Punjab,Punj_District_13,2019.0,Zaid,Jowar,1258.81,856.09,1077.65
Maharashtra,Maha_District_17,,Rabi,Cotton,16889.72,4629.26,78186.91
Maharashtra,Maha_District_02,2023.0,Kharif,Maize,19973.85,4493.8,89758.49
Rajasthan,Raja_District_10,2010.0,Rabi,Sugarcane,23175.45,1799.84,41712.1
Uttar Pradesh,Utta_District_15,2016.0,Zaid,Cotton,45042.19,3023.02,136163.44
Punjab,Punj_District_04,2022.0,Zaid,Cotton,18088.17,699.83,12658.64
Haryana,Hary_District_11,2011.0,Rabi,Rice,5635.56,,6350.71
Odisha,Odis_District_20,2010.0,Rabi,Sugarcane,18305.33,3233.0,59181.13
West Bengal,West_District_15,2013.0,Rabi,Mustard,15448.75,794.87,12279.75
Gujarat,Guja_District_02,2017.0,Zaid,Cotton,13313.96,2339.07,31142.28
Andhra Pradesh,Andh_District_11,2015.0,Kharif,Soybean,49614.27,2268.44,112546.99
Assam,Assa_District_01,2016.0,Rabi,Cotton,4550.85,3115.02,14175.99
Madhya Pradesh,Madh_District_01,2023.0,Kharif,Soybean,45990.04,4040.13,185805.74
Rajasthan,Raja_District_03,2013.0,Zaid,Wheat,41827.29,4677.04,195627.91
Madhya Pradesh,,2021.0,Rabi,Jowar,31863.52,4977.15,158589.52
Bihar,Biha_District_13,2012.0,Zaid,Cotton,1760.75,4256.78,7495.13
Telangana,Tela_District_05,2012.0,Kharif,Soybean,42864.83,4625.15,198256.27
Telangana,Tela_District_18,2010.0,,Soybean,23960.66,4044.9,96918.47
Telangana,Tela_District_04,2023.0,Zaid,Mustard,9834.51,3214.09,31609.0
Madhya Pradesh,Madh_District_13,2019.0,Zaid,Soybean,17996.39,3182.78,57278.55
Telangana,Tela_District_13,2022.0,Kharif,Barley,33810.47,2061.81,69710.77
Karnataka,Karn_District_05,2010.0,Kharif,Mustard,10890.29,1947.6,21209.93
Karnataka,Karn_District_18,,Rabi,Sugarcane,33231.47,3545.93,117836.47
Haryana,Hary_District_02,2019.0,Rabi,Mustard,37091.72,1069.41,39666.26
West Bengal,West_District_09,2021.0,Rabi,Cotton,,3596.67,147262.13
Uttar Pradesh,Utta_District_20,2023.0,Zaid,Sugarcane,1622.2,2010.19,3260.93
Maharashtra,Maha_District_16,2016.0,,Rice,23388.89,2122.78,49649.47
Telangana,Tela_District_05,2022.0,Zaid,Sugarcane,5959.1,1433.06,8539.75
Andhra Pradesh,Andh_District_14,2021.0,Zaid,Jowar,1325.61,918.85,1218.04
West Bengal,West_District_13,2017.0,Kharif,Maize,13388.38,4189.87,56095.57
Telangana,Tela_District_03,2014.0,Kharif,Jowar,,2410.24,63580.23
Telangana,Tela_District_16,2020.0,Kharif,Rice,33141.93,2936.8,97331.22
Gujarat,Guja_District_01,2016.0,Kharif,Barley,6662.54,1501.81,10005.87
Odisha,Odis_District_14,2013.0,,Jowar,11203.87,3199.79,35850.03
Punjab,Punj_District_02,2017.0,,Sugarcane,23135.06,2244.13,51918.08
Uttar Pradesh,Utta_District_15,2011.0,Kharif,Rice,27876.29,4865.52,135632.65
Haryana,,2018.0,Rabi,Wheat,15778.25,2840.88,44824.11
Maharashtra,Maha_District_15,2020.0,Rabi,Barley,24070.46,3724.89,89659.82
Andhra Pradesh,Andh_District_04,2017.0,,Mustard,36541.48,3780.82,138156.76
Assam,Assa_District_13,2022.0,Kharif,Soybean,10155.83,2520.92,
Madhya Pradesh,Madh_District_11,2019.0,Zaid,Sugarcane,40577.62,2216.89,89956.12
Punjab,Punj_District_19,2019.0,Kharif,Maize,49214.33,2141.54,105394.46
Bihar,Biha_District_17,2013.0,Zaid,Maize,24933.57,2635.37,65709.18
Telangana,Tela_District_11,2021.0,Zaid,Barley,21739.82,4305.34,93597.32
Haryana,Hary_District_09,2015.0,,Groundnut,7848.23,,23972.34
Karnataka,Karn_District_07,2023.0,Rabi,Cotton,30968.22,4330.5,134107.88
Karnataka,Karn_District_06,2023.0,Rabi,Barley,30499.09,4820.09,147008.36
Tamil Nadu,Tami_District_15,2010.0,Rabi,Jowar,43621.17,2069.33,90266.6
Rajasthan,Raja_District_11,2012.0,Rabi,Groundnut,43009.33,4813.15,207010.36
Rajasthan,Raja_District_09,2017.0,Rabi,Rice,12934.14,3245.94,41983.44
,Biha_District_11,2023.0,Rabi,Barley,14162.02,3423.05,48477.3
Bihar,Biha_District_02,2012.0,Zaid,Rice,4772.78,3803.85,18154.94
Tamil Nadu,Tami_District_05,2011.0,Kharif,Groundnut,21049.01,3142.88,66154.51
Karnataka,Karn_District_14,2020.0,Rabi,Cotton,1390.53,3629.49,5046.91
Andhra Pradesh,Andh_District_11,2017.0,Kharif,Jowar,24849.97,3313.63,82343.61
Telangana,,2010.0,Kharif,Wheat,15851.83,1156.19,18327.73
Uttar Pradesh,Utta_District_07,2015.0,Zaid,Soybean,21827.9,4747.91,103636.9
Odisha,Odis_District_05,2019.0,Zaid,Barley,11466.92,3541.28,40607.57
Madhya Pradesh,Madh_District_07,2015.0,Zaid,Soybean,2587.19,3731.45,9653.97
Karnataka,Karn_District_12,2013.0,Rabi,Groundnut,11998.02,2531.83,30376.95
Rajasthan,,2014.0,Rabi,Rice,18450.88,1007.78,18594.43
Odisha,Odis_District_09,2014.0,Rabi,Groundnut,17344.54,2075.56,35999.63
Bihar,Biha_District_12,2017.0,Kharif,Jowar,26153.07,4875.58,127511.39
Assam,Assa_District_11,2014.0,Rabi,Maize,23553.87,4614.92,108699.23
Maharashtra,Maha_District_11,2020.0,Kharif,Soybean,23131.73,983.94,22760.23
Andhra Pradesh,Andh_District_10,2012.0,,Mustard,11584.63,2333.83,27036.56
Maharashtra,Maha_District_20,2018.0,Kharif,Soybean,16335.9,4396.23,71816.37
Uttar Pradesh,Utta_District_15,2017.0,Kharif,Sugarcane,33964.42,3102.39,105370.88
Andhra Pradesh,Andh_District_03,2011.0,Rabi,Barley,24612.35,2287.72,56306.17
Assam,Assa_District_08,2019.0,Zaid,Sugarcane,30648.4,1060.73,32509.68
Tamil Nadu,Tami_District_10,2013.0,Kharif,Soybean,8210.41,1864.02,15304.37
Haryana,Hary_District_17,2013.0,Zaid,Groundnut,8642.11,3546.94,30653.05
Uttar Pradesh,Utta_District_05,2013.0,Kharif,Mustard,1335.94,1220.8,1630.92
Telangana,Tela_District_08,2011.0,Rabi,Maize,45140.14,4988.94,225201.45
Bihar,Biha_District_14,2018.0,Rabi,Mustard,24430.76,2729.17,66675.7
Assam,Assa_District_03,2016.0,Rabi,Rice,38692.6,662.85,25647.39
Uttar Pradesh,Utta_District_12,2015.0,Kharif,Maize,21408.37,949.23,20321.47
Maharashtra,Maha_District_02,2012.0,Rabi,Jowar,20106.23,4927.2,99067.42
Maharashtra,Maha_District_09,2019.0,Zaid,Maize,37706.3,4932.71,185994.24
Rajasthan,Raja_District_20,2023.0,Zaid,Jowar,37327.83,3236.5,120811.52
Punjab,Punj_District_07,2013.0,Rabi,Barley,,3465.91,130788.26
Karnataka,Karn_District_08,2020.0,Rabi,Mustard,23256.89,1816.46,42245.21
West Bengal,West_District_14,,Zaid,Mustard,26056.89,1663.22,43338.34
Punjab,Punj_District_17,2010.0,Rabi,Wheat,24385.15,1157.61,28228.49
Rajasthan,Raja_District_18,2012.0,Zaid,Rice,28313.22,1603.78,45408.18
Rajasthan,Raja_District_16,2017.0,Kharif,Sugarcane,14751.04,2745.63,40500.9
Maharashtra,Maha_District_08,2017.0,Kharif,Groundnut,8210.06,4830.71,39660.42
Madhya Pradesh,Madh_District_06,2012.0,Kharif,Maize,22402.52,2085.26,46715.08
Haryana,Hary_District_15,2018.0,Zaid,Groundnut,1556.91,4294.64,6686.37
,Odis_District_20,2017.0,Zaid,Jowar,31329.11,2373.82,74369.67
Haryana,Hary_District_08,2015.0,Zaid,Rice,12352.09,3853.12,47594.09
,Guja_District_07,2023.0,Rabi,Sugarcane,47279.18,2213.64,104659.08
Andhra Pradesh,Andh_District_07,2012.0,Zaid,Barley,6830.32,991.38,6771.44
Tamil Nadu,Tami_District_18,2018.0,Kharif,Jowar,417.46,3847.8,1606.3
West Bengal,West_District_11,2018.0,Rabi,Barley,49071.63,4967.68,243772.15
Assam,Assa_District_15,2021.0,Rabi,Groundnut,39231.44,1229.83,48248.0
Telangana,Tela_District_09,2018.0,Zaid,Barley,48887.7,1975.16,96561.03
Karnataka,Karn_District_16,2011.0,Rabi,Groundnut,16747.62,3593.02,60174.53
Karnataka,Karn_District_04,2018.0,Zaid,Jowar,2547.55,4215.96,10740.37
Andhra Pradesh,Andh_District_01,2011.0,Zaid,Wheat,49865.13,3987.81,198852.66
Odisha,Odis_District_20,2012.0,Rabi,Sugarcane,39105.66,2256.41,88238.4
Assam,Assa_District_14,2016.0,Kharif,Wheat,3389.48,4067.0,13785.02
Haryana,Hary_District_05,2021.0,Zaid,Groundnut,29898.19,4592.02,137293.09
Uttar Pradesh,Utta_District_06,2020.0,Zaid,Sugarcane,5886.55,1873.05,
,Tami_District_10,2013.0,Kharif,Soybean,18096.74,3574.76,64691.5
Telangana,Tela_District_06,2015.0,Rabi,Groundnut,39408.48,4824.59,
Punjab,Punj_District_07,,Zaid,Rice,14840.82,2721.36,40387.21
Punjab,Punj_District_15,2010.0,Rabi,Jowar,1545.15,1638.45,2531.65
Telangana,Tela_District_14,2013.0,Rabi,Soybean,18762.78,3172.13,59517.98
Odisha,Odis_District_13,2014.0,Rabi,Maize,23595.19,2140.14,50497.01
Telangana,Tela_District_03,2019.0,Rabi,Barley,31241.49,4228.77,132113.08
West Bengal,West_District_01,2020.0,Kharif,Soybean,12159.89,2042.94,24841.93
Rajasthan,Raja_District_15,,Zaid,Mustard,,4000.73,141128.51
Uttar Pradesh,Utta_District_10,2017.0,Kharif,Wheat,41287.3,1441.99,59535.87
Uttar Pradesh,Utta_District_11,,Rabi,Mustard,27009.42,4550.05,
Uttar Pradesh,Utta_District_08,2023.0,Rabi,Barley,19658.33,2434.47,47857.61
Karnataka,Karn_District_01,2022.0,Rabi,Groundnut,49242.66,1008.74,49673.04
Assam,Assa_District_07,2017.0,Kharif,Rice,35309.54,4325.83,152743.07
Andhra Pradesh,Andh_District_10,,Kharif,Rice,7624.6,3715.04,28325.69
Bihar,Biha_District_04,2021.0,Kharif,Cotton,23539.94,4338.01,102116.5
Rajasthan,Raja_District_16,2014.0,Rabi,Cotton,45381.87,4426.18,200868.33
Telangana,Tela_District_06,2012.0,Rabi,Wheat,3312.82,3905.85,12939.38
Uttar Pradesh,Utta_District_17,2023.0,,Mustard,46084.23,3296.07,151896.85
Assam,Assa_District_08,2012.0,Rabi,Barley,30083.72,702.52,21134.41
Bihar,Biha_District_19,2010.0,Rabi,Cotton,42816.05,708.82,30348.87
Telangana,Tela_District_19,2023.0,Rabi,Jowar,15744.13,,73468.09
Karnataka,Karn_District_12,2020.0,Zaid,Barley,47492.28,4963.55,235730.31
Odisha,Odis_District_04,2010.0,Zaid,Barley,23872.47,1298.43,30996.73
Uttar Pradesh,Utta_District_19,2021.0,Zaid,Mustard,,960.41,23480.52
Haryana,Hary_District_19,,Zaid,Mustard,43639.55,3022.42,131897.05
Odisha,Odis_District_02,2013.0,Kharif,Soybean,20284.84,857.89,17402.16
Andhra Pradesh,Andh_District_05,2021.0,Zaid,Maize,20321.51,4397.86,89371.16
Maharashtra,Maha_District_03,2023.0,Zaid,,35199.96,871.05,30660.93
Telangana,Tela_District_01,2011.0,Kharif,Mustard,8079.37,2265.39,18302.92
Odisha,Odis_District_02,2019.0,Rabi,Maize,5158.62,4703.19,24261.97
Odisha,Odis_District_04,2017.0,Rabi,Rice,32649.37,,30256.17
Odisha,Odis_District_17,2010.0,Kharif,Groundnut,39424.07,2157.83,85070.44
Gujarat,Guja_District_06,2012.0,Rabi,,12319.05,3064.93,37757.03
Madhya Pradesh,Madh_District_12,2020.0,Kharif,Mustard,767.27,2594.29,1990.52
Telangana,Tela_District_02,2020.0,Zaid,Groundnut,42205.87,4676.26,197365.62
Maharashtra,Maha_District_01,2012.0,Rabi,Mustard,17193.48,3390.96,58302.4
Odisha,Odis_District_10,2010.0,Zaid,Groundnut,11418.49,3020.96,34494.8
Punjab,Punj_District_12,2016.0,Kharif,Cotton,12775.98,3071.1,39236.31
Andhra Pradesh,Andh_District_09,2017.0,Kharif,,8668.93,4735.55,41052.15
,Assa_District_09,2021.0,Zaid,Maize,44357.18,2016.13,89429.84
Maharashtra,Maha_District_10,,Rabi,Maize,38855.48,929.77,36126.66
West Bengal,West_District_08,2014.0,Zaid,Wheat,37044.01,1771.07,65607.53
Rajasthan,Raja_District_04,2010.0,Zaid,Cotton,6868.52,3551.86,24396.02
West Bengal,West_District_11,2015.0,Rabi,Rice,23543.36,2885.63,67937.43
Rajasthan,Raja_District_17,2018.0,Rabi,Maize,26074.44,767.52,20012.65
Rajasthan,Raja_District_12,2023.0,Kharif,Maize,2663.87,3205.25,8538.37
Tamil Nadu,Tami_District_01,2015.0,,Barley,31230.85,,22245.42
Bihar,Biha_District_06,,Zaid,Wheat,18984.12,3257.83,61847.04
Rajasthan,Raja_District_20,2019.0,Kharif,Barley,32868.36,4227.24,138942.45
Andhra Pradesh,Andh_District_05,2021.0,Kharif,,21094.54,,62590.88
West Bengal,West_District_14,2020.0,Kharif,Mustard,28970.16,1904.2,55164.98
Andhra Pradesh,Andh_District_19,2022.0,,Wheat,,519.02,1445.93
Rajasthan,Raja_District_01,2023.0,,Wheat,41822.66,1401.04,58595.22
Uttar Pradesh,Utta_District_07,2019.0,Zaid,Soybean,31549.71,3096.71,97700.3
Odisha,Odis_District_02,2020.0,Kharif,Cotton,20041.69,4250.72,85191.61
Uttar Pradesh,Utta_District_07,2020.0,Kharif,Sugarcane,34950.24,602.34,21051.93
Karnataka,Karn_District_12,2013.0,Kharif,Soybean,38857.03,2781.49,108080.44
Assam,Assa_District_19,2016.0,Zaid,Barley,17416.26,3770.98,65676.37
Tamil Nadu,Tami_District_13,2012.0,Zaid,Maize,34334.67,1897.65,65155.19
Bihar,Biha_District_11,2012.0,Kharif,Jowar,49153.64,3419.19,168065.63
,Tela_District_01,2014.0,Kharif,Mustard,30328.41,814.46,24701.28
Assam,Assa_District_09,2017.0,Rabi,Mustard,14038.01,2511.38,35254.78
West Bengal,West_District_08,2013.0,Zaid,Mustard,31568.22,2807.44,88625.88
Maharashtra,,2022.0,Rabi,Sugarcane,38175.34,1681.55,64193.74
Haryana,Hary_District_07,2020.0,Zaid,Rice,35137.63,4174.69,
Rajasthan,Raja_District_19,2017.0,Kharif,Mustard,38275.99,3968.81,151910.13
Bihar,Biha_District_04,2023.0,Kharif,Maize,44436.5,878.8,39050.8
Telangana,Tela_District_18,2010.0,Zaid,Sugarcane,34889.86,4859.05,169531.57
Punjab,Punj_District_20,2015.0,Zaid,Jowar,28725.17,,42453.5
Karnataka,Karn_District_20,2013.0,Zaid,Maize,49937.81,1286.05,64222.52
Odisha,Odis_District_03,2015.0,Rabi,Mustard,16844.33,1274.28,21464.39
Bihar,Biha_District_12,2021.0,Zaid,Groundnut,23279.19,2384.94,55519.47
Rajasthan,Raja_District_01,2023.0,Kharif,Cotton,24612.92,4675.93,115088.29
Telangana,Tela_District_17,2011.0,Kharif,Cotton,23968.39,2815.82,67490.67
Madhya Pradesh,Madh_District_12,,Rabi,Groundnut,44345.44,4179.91,185359.95
Haryana,Hary_District_04,2016.0,Kharif,Jowar,12062.13,558.17,6732.72
Telangana,Tela_District_19,,Rabi,Jowar,31512.03,4301.82,135559.08
Andhra Pradesh,Andh_District_16,2021.0,Zaid,Soybean,27687.22,1450.3,40154.78
Haryana,Hary_District_20,2010.0,Zaid,Barley,37093.62,3512.93,130307.29
Bihar,Biha_District_17,2021.0,Kharif,Barley,28295.12,4385.01,124074.38
Telangana,Tela_District_05,2011.0,Zaid,Wheat,39233.69,3505.78,137544.69
Rajasthan,Raja_District_04,2021.0,Zaid,Sugarcane,33271.46,3479.91,115781.69
Odisha,Odis_District_14,2021.0,Kharif,Jowar,26305.72,2587.65,68070.0
Haryana,Hary_District_14,2014.0,Kharif,Wheat,35509.06,3247.23,115306.08
Karnataka,Karn_District_18,2017.0,Kharif,Wheat,24550.03,1069.98,26268.04
Andhra Pradesh,Andh_District_10,2015.0,Rabi,,35126.25,3406.99,119674.78
Haryana,Hary_District_07,2019.0,Rabi,Barley,17178.2,2103.45,36133.48
Andhra Pradesh,Andh_District_16,2021.0,Kharif,Jowar,12411.45,4828.62,59930.18
,Karn_District_15,2013.0,Zaid,,43024.05,3024.72,130135.7
Punjab,Punj_District_18,2011.0,Rabi,Maize,20142.49,3815.71,76857.9
,Odis_District_15,2023.0,Rabi,Maize,26433.64,4891.33,129295.66
Odisha,Odis_District_16,2017.0,Kharif,Maize,2850.62,654.29,1865.13
Bihar,Biha_District_14,2021.0,Rabi,Sugarcane,28473.69,1414.76,40283.44
Rajasthan,Raja_District_15,2011.0,Zaid,Wheat,30254.78,4016.4,121515.3
,Guja_District_05,2013.0,Kharif,Cotton,6991.68,2482.74,17358.52
Assam,Assa_District_05,2011.0,Rabi,Cotton,34464.49,4252.39,146556.45
Karnataka,Karn_District_02,2019.0,,,24867.57,1427.69,35503.18
Punjab,,2013.0,Zaid,Jowar,29331.38,2545.33,74658.04
Assam,Assa_District_06,2022.0,Zaid,Rice,38619.08,3000.09,115860.72
Tamil Nadu,Tami_District_08,2022.0,Rabi,Cotton,14043.2,3894.77,54695.03
Madhya Pradesh,Madh_District_03,2015.0,Kharif,,25935.58,1298.96,
Maharashtra,Maha_District_09,2023.0,Zaid,Cotton,28197.31,4767.44,134428.98
Punjab,Punj_District_02,2021.0,Zaid,Groundnut,35305.26,1844.62,65124.79
West Bengal,West_District_08,2011.0,Rabi,Rice,35572.57,1771.73,63024.99
Odisha,Odis_District_08,2016.0,Kharif,Soybean,27180.17,2869.68,77998.39
Rajasthan,,2023.0,Zaid,Jowar,12444.8,,25704.36
Assam,Assa_District_18,2010.0,Kharif,Barley,47114.85,1627.69,76688.37
Tamil Nadu,Tami_District_04,2017.0,Zaid,Groundnut,40071.25,3503.17,140376.4
Madhya Pradesh,Madh_District_20,2016.0,Rabi,Cotton,26678.19,1118.82,29848.09
Rajasthan,Raja_District_15,2016.0,Kharif,Groundnut,10308.08,,13456.17
Bihar,Biha_District_19,2012.0,Rabi,Mustard,29381.03,4880.22,143385.89
Gujarat,Guja_District_14,2012.0,Kharif,Rice,43874.24,613.63,26922.55
Punjab,Punj_District_08,,Rabi,Wheat,13758.96,1207.66,16616.15
Telangana,Tela_District_03,2014.0,Rabi,Maize,48786.32,1560.25,76118.86
Karnataka,Karn_District_09,2013.0,Rabi,,10145.53,3293.94,33418.77
Gujarat,Guja_District_15,2020.0,Kharif,Maize,27853.71,1516.33,42235.42
West Bengal,West_District_14,2021.0,Kharif,Groundnut,33551.21,936.53,31421.71
Gujarat,Guja_District_03,2017.0,Zaid,Soybean,1066.52,870.87,928.8
Odisha,Odis_District_19,2023.0,Rabi,Barley,18306.92,,89476.35
Rajasthan,Raja_District_09,2015.0,Rabi,Rice,27407.63,3896.27,106787.53
Bihar,Biha_District_16,,Zaid,Groundnut,16142.64,3737.03,60325.53
Maharashtra,Maha_District_19,2013.0,Kharif,Barley,48312.44,2109.92,101935.38
West Bengal,West_District_04,2020.0,Kharif,Maize,49953.07,3372.84,168483.71
Madhya Pradesh,Madh_District_15,2012.0,Rabi,Mustard,37454.71,1634.75,61229.09
West Bengal,West_District_15,2020.0,Kharif,Barley,32190.23,2799.53,90117.51
,Assa_District_19,2012.0,Rabi,Sugarcane,47824.49,4571.04,218607.66
Tamil Nadu,Tami_District_16,2010.0,Zaid,Maize,19893.96,4760.91,94713.35
Maharashtra,Maha_District_20,2010.0,Zaid,Soybean,44252.15,3156.73,139692.09
Rajasthan,Raja_District_05,2015.0,Zaid,Soybean,4197.68,1223.56,5136.11
West Bengal,West_District_14,2016.0,Kharif,Maize,3936.02,985.97,3880.8
Bihar,Biha_District_20,2012.0,Kharif,Sugarcane,48849.92,1454.75,71064.42
Odisha,Odis_District_13,2013.0,Rabi,Wheat,34573.64,3364.38,116318.86
Telangana,Tela_District_15,2021.0,Rabi,Wheat,31594.13,1430.17,45184.98
Telangana,Tela_District_10,2010.0,,Barley,29009.4,3314.92,96163.84
Uttar Pradesh,Utta_District_12,,Zaid,Maize,,1337.73,38209.89
Karnataka,Karn_District_15,,Kharif,Groundnut,36180.72,829.59,30015.16
Gujarat,Guja_District_01,2017.0,Kharif,Cotton,29600.88,2463.17,72912.0
Bihar,Biha_District_12,2011.0,Rabi,Jowar,12589.3,4133.25,52034.72
Punjab,Punj_District_13,2012.0,Rabi,Maize,8877.04,4698.42,41708.06
Tamil Nadu,,2018.0,Kharif,Groundnut,44239.79,2122.64,93905.15
Rajasthan,Raja_District_11,2012.0,Rabi,Rice,15327.13,1118.69,17146.31
Assam,Assa_District_02,2014.0,Kharif,Groundnut,45824.76,3323.89,152316.46
Gujarat,Guja_District_13,2011.0,Zaid,Maize,1686.0,2799.5,4719.96
Madhya Pradesh,Madh_District_14,2020.0,,Maize,4381.37,3081.88,13502.86
Maharashtra,Maha_District_05,2013.0,Kharif,Wheat,25497.19,872.81,22254.2
Tamil Nadu,Tami_District_05,2023.0,Rabi,Rice,40811.44,1680.43,68580.77
Bihar,Biha_District_12,2022.0,Rabi,Barley,27120.07,3375.67,91548.41
Maharashtra,Maha_District_02,2010.0,,Sugarcane,48119.0,2722.15,130987.14
,,2011.0,,Sugarcane,45874.06,2096.86,
Tamil Nadu,Tami_District_20,2018.0,Kharif,Jowar,42886.12,1561.22,66954.67
Assam,Assa_District_02,2016.0,Zaid,Groundnut,35403.24,898.75,
Rajasthan,Raja_District_13,2011.0,Rabi,,49303.91,4792.71,236299.34
Tamil Nadu,Tami_District_02,2012.0,Zaid,Cotton,22166.46,2857.71,63345.31
Bihar,Biha_District_11,2013.0,Rabi,Rice,29928.97,1737.67,52006.67
Karnataka,Karn_District_12,2021.0,Kharif,Maize,33756.12,3643.53,122991.44
Tamil Nadu,Tami_District_16,2020.0,Kharif,Barley,26301.32,1164.83,30636.57
Rajasthan,Raja_District_09,2017.0,Rabi,Maize,45967.38,1017.7,46781.0
Haryana,Hary_District_19,2017.0,Zaid,Cotton,31495.69,963.9,30358.7
Maharashtra,Maha_District_02,2011.0,Kharif,Wheat,7390.43,592.42,4378.24
West Bengal,West_District_07,2012.0,Zaid,Maize,18231.87,3378.12,61589.44
Gujarat,Guja_District_07,2019.0,Zaid,Sugarcane,,3535.43,92363.32
,Maha_District_20,2018.0,Rabi,Soybean,33783.44,1130.78,38201.64
West Bengal,West_District_12,,Zaid,Jowar,2961.14,3314.11,9813.54
West Bengal,West_District_16,2011.0,Kharif,Cotton,32695.89,3005.17,98256.71
Bihar,Biha_District_02,2020.0,Zaid,Rice,12363.55,4148.44,51289.45
Andhra Pradesh,Andh_District_18,2013.0,Kharif,Wheat,3876.73,3345.4,12969.21
Uttar Pradesh,Utta_District_03,2023.0,Rabi,Wheat,6108.54,3445.01,21043.98
Uttar Pradesh,Utta_District_13,2011.0,,Groundnut,20944.52,3731.46,78153.64
Odisha,Odis_District_17,2015.0,Kharif,Jowar,2704.39,2997.87,
Telangana,Tela_District_17,2017.0,Rabi,Mustard,7329.41,3570.72,26171.27
West Bengal,West_District_14,2018.0,Rabi,Maize,6085.79,831.12,5058.02
Punjab,Punj_District_19,2013.0,Zaid,Wheat,35684.83,785.89,28044.35
Andhra Pradesh,Andh_District_17,,Kharif,Sugarcane,11304.09,4211.31,
Rajasthan,Raja_District_15,2017.0,Kharif,Rice,40503.45,4343.57,175929.57
Andhra Pradesh,Andh_District_13,2012.0,Kharif,Maize,16372.38,2876.22,47090.57
Bihar,Biha_District_10,2015.0,Rabi,Jowar,38690.03,1116.43,43194.71
Rajasthan,Raja_District_20,2010.0,Zaid,Groundnut,36247.1,938.69,34024.79
Gujarat,Guja_District_15,2012.0,Kharif,Mustard,45671.21,3367.9,153816.07
Madhya Pradesh,Madh_District_08,2012.0,Kharif,Maize,24715.94,2681.28,66270.36
Telangana,Tela_District_16,2011.0,Zaid,Sugarcane,9149.97,2056.63,18818.1
Assam,Assa_District_01,2021.0,Zaid,Sugarcane,36383.47,2934.25,106758.2
Andhra Pradesh,Andh_District_15,2023.0,Zaid,Barley,,1378.61,36550.23
Telangana,Tela_District_16,2022.0,Zaid,Rice,34549.08,2264.15,78224.3
Rajasthan,Raja_District_10,2011.0,Rabi,Rice,,4747.03,43764.72
Gujarat,Guja_District_01,2020.0,Kharif,Rice,25389.26,2876.16,73023.57
Rajasthan,Raja_District_10,2016.0,Kharif,,49070.46,2148.83,105444.08
Madhya Pradesh,Madh_District_19,2019.0,Kharif,Mustard,47156.73,3627.16,171045.0
Punjab,Punj_District_01,2021.0,Kharif,Jowar,31691.47,1554.88,49276.43
Punjab,Punj_District_20,2023.0,Kharif,Wheat,2682.61,,6626.13
Haryana,Hary_District_02,2020.0,Rabi,Groundnut,607.53,819.51,497.88
West Bengal,West_District_14,2019.0,Zaid,Maize,29806.81,3760.12,112077.18
Andhra Pradesh,Andh_District_15,2022.0,Kharif,Rice,8480.62,3796.25,32194.55
Telangana,Tela_District_02,2010.0,Rabi,Rice,47491.32,,182570.41
West Bengal,West_District_13,2023.0,Kharif,Groundnut,39257.29,3653.21,143415.12
Bihar,Biha_District_19,2012.0,Kharif,Cotton,11314.4,2124.0,24031.79
,,2016.0,Rabi,Wheat,47468.42,3475.45,164974.12
Karnataka,Karn_District_13,2014.0,Rabi,Maize,39472.33,4859.13,191801.18
Tamil Nadu,Tami_District_12,2016.0,Zaid,Wheat,11648.7,1947.59,22686.89
Uttar Pradesh,Utta_District_07,2011.0,,Barley,32275.6,609.61,
Bihar,Biha_District_02,2018.0,Zaid,Jowar,28603.83,4139.1,118394.11
Maharashtra,Maha_District_03,2012.0,Kharif,Rice,30561.12,1829.27,55904.54
Uttar Pradesh,Utta_District_02,2018.0,Kharif,Cotton,36232.79,1157.14,41926.41
Bihar,Biha_District_05,2020.0,Kharif,Wheat,44749.2,954.12,42696.11
Madhya Pradesh,Madh_District_07,2021.0,Zaid,Cotton,43188.21,2740.14,118341.74
Assam,,2015.0,Kharif,Cotton,21489.49,2752.98,
Odisha,Odis_District_06,2010.0,Kharif,Rice,10090.29,,25827.01
Tamil Nadu,Tami_District_14,2021.0,Zaid,Soybean,42501.02,4104.3,174436.94
Karnataka,Karn_District_14,2019.0,Kharif,Wheat,8236.12,3530.39,29076.72
Punjab,Punj_District_13,2010.0,Zaid,Wheat,42856.18,4188.95,179522.4
Assam,Assa_District_15,2022.0,Kharif,Cotton,21339.06,716.42,15287.73
Gujarat,Guja_District_12,2019.0,Kharif,Groundnut,46565.35,2281.48,106237.91
Karnataka,Karn_District_03,2017.0,Kharif,Groundnut,18112.73,3917.82,70962.42
Karnataka,Karn_District_20,2011.0,Kharif,Cotton,13272.21,4256.37,56491.44
Punjab,Punj_District_17,2012.0,Zaid,Soybean,3894.97,3833.2,14930.2
Gujarat,Guja_District_20,2014.0,Kharif,Cotton,48292.9,4980.96,240545.0
Rajasthan,Raja_District_10,2019.0,Rabi,Barley,46197.84,4418.43,204121.92
,Andh_District_20,2019.0,Rabi,Barley,14016.12,4849.92,67977.06
Odisha,Odis_District_07,2017.0,Kharif,Rice,46402.04,2904.68,134783.08
Uttar Pradesh,Utta_District_18,2011.0,Rabi,Cotton,20163.67,991.7,19996.31
Tamil Nadu,Tami_District_15,2016.0,Zaid,Mustard,29572.64,3652.46,108012.88
Telangana,Tela_District_01,2020.0,Rabi,Sugarcane,20259.43,2327.13,47146.33
Assam,Assa_District_03,2012.0,,Soybean,28708.24,625.03,17943.51
Uttar Pradesh,Utta_District_08,2017.0,,Barley,47897.51,1804.58,86434.89
West Bengal,West_District_15,2010.0,Kharif,Rice,7130.45,,3741.35
Assam,Assa_District_09,2010.0,Kharif,Rice,42858.89,4384.43,187911.8
Gujarat,Guja_District_05,2010.0,Rabi,Groundnut,4855.8,1185.09,5754.56
Madhya Pradesh,Madh_District_06,2017.0,Zaid,Groundnut,,1335.67,
,West_District_19,2016.0,Kharif,Barley,36817.47,761.18,28024.72
Bihar,Biha_District_01,2022.0,Zaid,Jowar,27530.5,2222.56,61188.19
Karnataka,Karn_District_04,2014.0,Rabi,Groundnut,23300.83,2411.41,56187.85
Odisha,Odis_District_08,2010.0,Rabi,Mustard,7742.64,1491.27,11546.37
Assam,Assa_District_20,2016.0,Rabi,Sugarcane,3333.9,1018.79,3396.54
Andhra Pradesh,Andh_District_16,2018.0,Rabi,Sugarcane,48896.95,1759.04,86011.69
Tamil Nadu,Tami_District_08,2019.0,Kharif,Wheat,15420.57,1071.98,16530.54
Punjab,Punj_District_15,2023.0,Zaid,Cotton,37782.69,4658.64,176015.95
Uttar Pradesh,Utta_District_20,2015.0,,Mustard,39508.55,3256.77,128670.26
Tamil Nadu,,2020.0,Rabi,Maize,40680.32,,94339.29
Punjab,Punj_District_06,2018.0,Kharif,Wheat,42988.92,,175967.84
Madhya Pradesh,Madh_District_04,2016.0,Rabi,Cotton,186.06,2695.07,501.44
Rajasthan,Raja_District_10,2011.0,Kharif,Mustard,13304.37,888.05,11814.95
Uttar Pradesh,Utta_District_16,2021.0,Zaid,Mustard,42325.18,535.77,22676.56
Assam,Assa_District_20,2020.0,Zaid,Sugarcane,36535.16,4946.86,180734.32
Bihar,Biha_District_05,2011.0,Zaid,Wheat,24152.79,2170.58,52425.56
Telangana,,2014.0,Kharif,Wheat,30331.06,4121.14,124998.54
West Bengal,,2011.0,Rabi,Jowar,12088.57,1628.16,19682.13
Assam,Assa_District_04,2010.0,Kharif,Soybean,30398.18,4729.46,143766.98
Rajasthan,Raja_District_13,2011.0,Zaid,Sugarcane,14992.15,2195.4,32913.77
West Bengal,West_District_08,2013.0,Kharif,Soybean,49667.33,1293.0,64219.86
Haryana,Hary_District_15,2022.0,Kharif,Barley,3940.71,3153.9,12428.61
West Bengal,West_District_11,2013.0,Zaid,Rice,1310.92,1311.95,1719.86
Punjab,Punj_District_20,2010.0,Zaid,Groundnut,31148.24,3467.81,108016.18
Andhra Pradesh,Andh_District_03,2019.0,Zaid,Soybean,25570.22,2226.87,56941.56
Madhya Pradesh,Madh_District_18,2023.0,Kharif,Jowar,28852.26,3395.24,97960.35
Gujarat,Guja_District_12,2022.0,Kharif,Sugarcane,40193.75,4067.38,163483.25
Maharashtra,Maha_District_14,2020.0,Kharif,Rice,,4524.05,150531.25
Haryana,Hary_District_02,,Zaid,,41917.46,1099.61,46092.86
Rajasthan,Raja_District_12,2017.0,Kharif,Maize,47838.3,4512.84,215886.59
Madhya Pradesh,Madh_District_05,2015.0,Kharif,Soybean,16114.27,590.83,9520.79
Bihar,Biha_District_12,,Kharif,Soybean,30238.4,2472.88,74775.93
Uttar Pradesh,Utta_District_08,2011.0,Rabi,Sugarcane,37503.38,2860.7,107285.92
Telangana,Tela_District_11,2021.0,Zaid,,3916.87,,6271.26
,Punj_District_10,2021.0,Rabi,Wheat,44137.94,669.6,29554.76
Telangana,Tela_District_19,2016.0,Rabi,Soybean,36859.82,1813.75,66854.5
Karnataka,Karn_District_11,,Rabi,Rice,22686.73,2889.52,65553.76
West Bengal,West_District_06,2018.0,Rabi,Barley,12579.06,3433.82,43194.23
Madhya Pradesh,Madh_District_20,2012.0,,Barley,34702.77,882.77,30634.56
Assam,Assa_District_03,2019.0,Rabi,Maize,18758.96,3849.7,72216.37
Uttar Pradesh,Utta_District_11,2016.0,Zaid,Barley,36109.71,,106549.64
Karnataka,Karn_District_14,2012.0,Rabi,Barley,38905.97,984.4,38299.04
West Bengal,West_District_17,2023.0,Zaid,Sugarcane,5998.74,3458.7,20747.84
Karnataka,Karn_District_08,2012.0,,Cotton,34697.36,4165.37,144527.34
Tamil Nadu,Tami_District_18,2018.0,Zaid,Barley,9133.74,2825.47,25807.11
Gujarat,Guja_District_17,,Rabi,Sugarcane,33075.48,1506.65,49833.17
Bihar,Biha_District_04,2021.0,Kharif,Groundnut,25894.7,3373.0,87342.82
Rajasthan,,2017.0,Zaid,Groundnut,10801.03,2190.04,23654.69
West Bengal,West_District_08,2022.0,Zaid,Soybean,10895.31,4563.24,49717.91
Bihar,Biha_District_15,2019.0,Rabi,Sugarcane,,1043.76,12437.72
Andhra Pradesh,Andh_District_04,2018.0,Rabi,Soybean,1854.25,702.29,1302.22
Andhra Pradesh,Andh_District_04,2022.0,Rabi,Jowar,9660.15,3236.94,31269.33
Maharashtra,Maha_District_02,2022.0,Rabi,Sugarcane,980.73,1790.35,1755.85
Punjab,Punj_District_01,2017.0,Zaid,Sugarcane,3002.53,2316.46,6955.24
Rajasthan,Raja_District_20,2023.0,Kharif,Barley,2523.98,3233.94,8162.4
Maharashtra,Maha_District_05,2014.0,Kharif,Cotton,34452.37,3791.02,130609.62
West Bengal,West_District_07,2019.0,Rabi,Groundnut,11294.74,4408.25,49790.04
Maharashtra,Maha_District_04,2022.0,Kharif,Soybean,34545.38,754.93,26079.34
Telangana,Tela_District_19,2022.0,Kharif,Soybean,22094.26,3954.9,87380.59
Gujarat,Guja_District_10,2022.0,,Rice,15613.61,2217.01,34615.53
Uttar Pradesh,Utta_District_06,2021.0,Rabi,Barley,31517.23,749.66,23627.21
Assam,Assa_District_19,2019.0,Zaid,Jowar,48350.06,1285.16,62137.56
West Bengal,West_District_05,2010.0,Kharif,Maize,1430.93,523.95,749.74
Karnataka,,2023.0,Zaid,Barley,20037.76,4479.14,89751.93
Rajasthan,Raja_District_14,2017.0,Kharif,Soybean,41006.13,4604.21,188800.83
Punjab,Punj_District_20,2012.0,Rabi,,26735.74,2519.36,67356.95
Karnataka,Karn_District_14,2012.0,Kharif,Rice,19354.46,708.88,13719.99
Bihar,Biha_District_10,2010.0,Zaid,Cotton,,2732.79,124301.25
Haryana,Hary_District_16,2011.0,,,22807.86,2818.25,64278.25
Karnataka,Karn_District_15,,Kharif,Groundnut,39728.31,1510.12,59994.52
Gujarat,Guja_District_12,2016.0,Rabi,,35524.04,3698.46,131384.24
Maharashtra,Maha_District_03,2018.0,Rabi,Soybean,42492.68,539.08,22906.95
,Odis_District_03,2021.0,Zaid,Groundnut,8602.74,2619.71,22536.68
Gujarat,Guja_District_10,2019.0,Zaid,Rice,42541.97,4843.03,206032.04
Odisha,Odis_District_01,2017.0,Kharif,Jowar,29783.94,1454.6,43323.72
Bihar,Biha_District_05,2019.0,Kharif,Mustard,9310.78,3377.5,31447.16
Haryana,Hary_District_10,2017.0,Zaid,Mustard,10582.45,2988.89,31629.78
Odisha,Odis_District_13,2022.0,Rabi,,41757.12,2254.19,94128.48
Karnataka,Karn_District_12,2023.0,Rabi,Barley,18985.76,662.63,12580.53
Bihar,Biha_District_18,2018.0,Kharif,Barley,12778.82,3641.86,46538.67
Odisha,Odis_District_20,2010.0,Rabi,Sugarcane,18083.52,1212.35,21923.56
Haryana,Hary_District_02,2015.0,Rabi,Soybean,5377.81,927.74,
Bihar,Biha_District_04,2015.0,Rabi,Mustard,32990.76,3256.8,107444.31
Bihar,Biha_District_19,,Kharif,Cotton,25974.2,2751.47,71467.23
West Bengal,West_District_18,2023.0,Rabi,Jowar,7741.53,2752.72,21310.26
Odisha,Odis_District_01,2011.0,Zaid,Maize,3090.9,4666.36,14423.25
Uttar Pradesh,Utta_District_06,2018.0,Rabi,Soybean,2995.57,2405.89,7207.01
Tamil Nadu,Tami_District_13,2010.0,Rabi,Barley,128.5,4037.68,518.84
Bihar,Biha_District_06,2019.0,Zaid,Groundnut,8391.89,4662.12,39124.0
,Assa_District_13,2020.0,Kharif,Soybean,2294.49,4193.54,9622.04
Punjab,,2020.0,Rabi,Cotton,32866.23,1623.81,53368.51
Andhra Pradesh,Andh_District_07,2010.0,Kharif,Wheat,10200.74,2109.55,21518.97
Gujarat,Guja_District_18,2017.0,Zaid,Mustard,41437.3,4378.8,181445.65
Telangana,Tela_District_03,2016.0,Zaid,Jowar,8846.74,2090.52,18494.29
Andhra Pradesh,Andh_District_20,2013.0,Rabi,Soybean,11950.82,1051.89,12570.95
Punjab,,2018.0,Rabi,Groundnut,32357.82,2056.42,66541.27
Punjab,Punj_District_16,2023.0,Rabi,Sugarcane,11346.66,4396.99,49891.15
Assam,Assa_District_03,2019.0,Kharif,Jowar,,3981.93,149087.68
Tamil Nadu,Tami_District_11,2017.0,Kharif,Jowar,2055.87,4618.09,9494.19
Bihar,Biha_District_06,2020.0,Kharif,,28779.45,2767.11,79635.9
Assam,Assa_District_11,2012.0,Zaid,Sugarcane,628.21,4539.48,2851.75
Andhra Pradesh,Andh_District_07,2014.0,Rabi,Soybean,27240.13,4213.19,114767.84
Odisha,Odis_District_18,2015.0,Zaid,Groundnut,32810.0,4085.12,134032.79
Andhra Pradesh,Andh_District_08,2020.0,Kharif,Sugarcane,34677.29,4644.34,161053.13
Haryana,Hary_District_11,2023.0,Rabi,Soybean,11351.66,1409.45,15999.6
Andhra Pradesh,Andh_District_11,2013.0,Zaid,Maize,35655.82,,98277.42
Karnataka,Karn_District_14,2018.0,Zaid,Jowar,29998.14,3688.44,
Uttar Pradesh,Utta_District_14,2010.0,Kharif,Cotton,27416.67,4044.62,110890.01
Maharashtra,Maha_District_06,2018.0,Zaid,Cotton,16011.48,4365.46,69897.48
Odisha,Odis_District_19,2017.0,Kharif,Soybean,,3353.02,18351.25
Tamil Nadu,Tami_District_03,,Rabi,Maize,44517.61,1637.12,72880.67
Maharashtra,Maha_District_06,2014.0,,Maize,16409.05,1874.49,30758.6
Karnataka,Karn_District_10,2017.0,Rabi,Maize,28256.76,2357.92,66627.18
Telangana,Tela_District_10,2013.0,Zaid,Mustard,5487.17,4510.79,24751.47
Telangana,Tela_District_18,2022.0,Kharif,Wheat,10313.36,,29943.4
Assam,Assa_District_05,2015.0,,Wheat,29780.76,683.38,20351.58
Rajasthan,Raja_District_08,2022.0,Rabi,Mustard,,4872.6,23759.04
Madhya Pradesh,Madh_District_11,2019.0,Kharif,Cotton,33259.17,651.04,21653.05
Maharashtra,Maha_District_14,2015.0,Kharif,Maize,39730.54,2788.44,110786.23
Assam,Assa_District_09,2011.0,Kharif,Barley,3852.46,3563.38,13727.78
Karnataka,,2010.0,Zaid,Sugarcane,25017.66,1422.14,35578.61
Odisha,Odis_District_15,2022.0,Rabi,Cotton,43897.34,1811.21,79507.3
Maharashtra,Maha_District_09,2015.0,Rabi,Cotton,14299.38,1727.48,24701.89
Assam,Assa_District_08,2012.0,Zaid,Cotton,38396.04,3677.53,141202.59
,Hary_District_12,2023.0,Kharif,Soybean,45166.97,1532.03,69197.15
Odisha,Odis_District_05,2021.0,Kharif,Maize,39339.59,3078.71,121115.19
Odisha,Odis_District_15,2015.0,Zaid,Barley,15503.11,659.54,10224.92
Odisha,Odis_District_01,2012.0,Zaid,Rice,40965.48,1584.82,64922.91
Bihar,Biha_District_07,2014.0,Rabi,Rice,31623.98,2969.91,93920.37
Rajasthan,Raja_District_19,2021.0,Rabi,Rice,322.03,4974.55,1601.95
Rajasthan,Raja_District_02,2011.0,Zaid,Maize,40735.03,2689.12,109541.38
Haryana,Hary_District_04,2022.0,Kharif,Wheat,34049.03,2644.67,90048.45
West Bengal,West_District_04,2016.0,Zaid,Soybean,37254.85,1104.48,41147.24
Assam,Assa_District_07,2023.0,Kharif,Groundnut,22372.91,2009.92,44967.76
Maharashtra,Maha_District_13,2022.0,Rabi,Sugarcane,23036.8,2527.13,58216.99
Telangana,Tela_District_16,2020.0,Rabi,Cotton,7240.39,4894.2,35435.92
Uttar Pradesh,Utta_District_15,2023.0,Kharif,Rice,873.06,545.33,476.11
Karnataka,Karn_District_10,2016.0,Zaid,Cotton,18734.72,3291.69,61668.89
Karnataka,Karn_District_11,2011.0,Kharif,Soybean,9064.7,2899.37,26281.92
Telangana,Tela_District_14,2016.0,Kharif,Jowar,36166.32,923.27,33391.28
Rajasthan,Raja_District_07,2014.0,Rabi,Mustard,49222.68,2015.15,
Assam,Assa_District_02,2020.0,Rabi,Barley,32156.53,998.24,32099.93
Telangana,Tela_District_02,,Zaid,Rice,35503.37,4282.05,152027.21
Uttar Pradesh,Utta_District_04,2019.0,Zaid,Soybean,5353.73,1066.38,5709.11
Bihar,Biha_District_15,2020.0,Zaid,Mustard,14124.27,553.71,7820.75
Karnataka,Karn_District_11,2022.0,Zaid,Maize,49303.96,3192.73,157414.23
Maharashtra,Maha_District_08,2023.0,Rabi,Cotton,30418.71,4815.33,146476.13
Assam,Assa_District_05,2017.0,Kharif,Wheat,41618.26,4164.09,173302.18
Madhya Pradesh,Madh_District_16,2017.0,Rabi,Sugarcane,17041.17,2006.89,34199.75
Gujarat,Guja_District_09,2020.0,Rabi,Wheat,14657.72,2060.13,30196.81
Andhra Pradesh,Andh_District_10,2017.0,Zaid,Wheat,18538.49,1130.02,20948.86
Tamil Nadu,Tami_District_17,2021.0,Rabi,Groundnut,17861.8,2510.36,44839.55
Bihar,Biha_District_17,2018.0,Rabi,Mustard,,1244.06,19328.25
Uttar Pradesh,Utta_District_03,2012.0,Rabi,Maize,18733.18,2664.08,49906.69
West Bengal,West_District_18,2023.0,Rabi,Jowar,7741.53,2752.72,21310.26
Karnataka,Karn_District_09,2018.0,Kharif,Groundnut,,2873.56,125994.8
Madhya Pradesh,Madh_District_20,2017.0,Rabi,Soybean,42168.61,755.68,31865.98
,Odis_District_15,,Zaid,Cotton,11839.29,1742.93,20635.05
Telangana,Tela_District_03,2012.0,Kharif,Jowar,26614.02,678.32,18052.82
Andhra Pradesh,Andh_District_04,2011.0,Rabi,Maize,39704.74,881.69,
Bihar,Biha_District_05,2013.0,Rabi,Sugarcane,1511.79,3014.03,4556.58
Maharashtra,Maha_District_12,2013.0,Rabi,Cotton,6781.06,1836.22,12451.52
Madhya Pradesh,Madh_District_11,2022.0,Zaid,Wheat,9822.44,2686.86,26391.52
Maharashtra,Maha_District_14,2018.0,Rabi,Rice,35597.67,1203.01,42824.35
Rajasthan,Raja_District_10,2013.0,Rabi,Barley,5065.53,3228.13,16352.19
Madhya Pradesh,Madh_District_05,2013.0,Kharif,,11342.34,3758.06,42625.19
Odisha,,2020.0,Rabi,Wheat,34367.54,1616.77,55564.41
Andhra Pradesh,Andh_District_13,,Kharif,Maize,16372.38,2876.22,47090.57
,Punj_District_19,2017.0,Rabi,Sugarcane,37642.19,1037.45,39051.89
Assam,Assa_District_13,2011.0,Kharif,Cotton,43389.56,3863.15,167620.38
Tamil Nadu,Tami_District_16,2016.0,Kharif,Groundnut,43485.91,4472.81,
Uttar Pradesh,Utta_District_08,2021.0,Zaid,Maize,,2549.08,127424.15
Haryana,Hary_District_16,2016.0,Zaid,Wheat,19583.28,2678.96,52462.82
Karnataka,Karn_District_08,2010.0,Kharif,,38959.31,2954.21,115093.98
West Bengal,,2012.0,Zaid,Sugarcane,25694.79,876.22,22514.29
West Bengal,West_District_06,2014.0,Zaid,Mustard,12157.78,3061.45,37220.44
Karnataka,Karn_District_10,2015.0,Rabi,Cotton,28104.75,622.13,17484.81
Tamil Nadu,Tami_District_20,2010.0,Kharif,Soybean,17543.22,3103.74,54449.59
Tamil Nadu,Tami_District_07,2023.0,Kharif,Sugarcane,37492.71,1795.35,67312.54
Uttar Pradesh,Utta_District_08,2018.0,Rabi,Sugarcane,43960.55,2015.02,88581.39
Tamil Nadu,Tami_District_03,2015.0,Kharif,Wheat,31654.52,4681.23,148182.09
Haryana,Hary_District_14,2011.0,Zaid,Mustard,7349.1,1158.75,8515.77
Bihar,Biha_District_05,2013.0,Kharif,Rice,32445.98,3101.18,100620.82
Andhra Pradesh,Andh_District_02,2013.0,Zaid,Mustard,28579.06,4091.19,116922.36
Odisha,Odis_District_08,2012.0,Kharif,Mustard,24592.5,,42568.88
Odisha,Odis_District_09,2010.0,Zaid,Maize,6340.69,2222.71,14093.52
Punjab,Punj_District_06,2015.0,Zaid,Maize,33936.89,4307.03,146167.2
Uttar Pradesh,Utta_District_02,2018.0,Kharif,Cotton,36232.79,1157.14,
Punjab,Punj_District_13,2017.0,Zaid,Groundnut,18532.57,504.73,9353.94
Maharashtra,Maha_District_06,2013.0,Kharif,Groundnut,9928.63,1810.68,17977.57
Gujarat,Guja_District_09,2021.0,Kharif,Barley,42944.04,3638.16,
Haryana,Hary_District_01,2020.0,Kharif,Maize,22288.28,1471.91,32806.34
Haryana,Hary_District_17,2013.0,Zaid,Groundnut,8642.11,3546.94,30653.05
Punjab,Punj_District_05,2014.0,Rabi,Mustard,47650.83,3245.27,154639.81
Telangana,Tela_District_09,2018.0,Zaid,Barley,48887.7,1975.16,96561.03
West Bengal,West_District_01,2014.0,Zaid,Rice,38071.55,1923.24,73220.73
Maharashtra,Maha_District_16,,Zaid,Soybean,34995.69,2896.16,101353.12
Rajasthan,Raja_District_15,2015.0,Kharif,Rice,23352.66,2851.84,66598.05
Madhya Pradesh,Madh_District_18,2019.0,Zaid,Soybean,8589.21,588.74,5056.81
Madhya Pradesh,Madh_District_03,2015.0,Rabi,Maize,34936.23,4270.91,149209.49
Rajasthan,Raja_District_20,2012.0,Kharif,Cotton,43311.6,2255.81,97702.74
Maharashtra,Maha_District_19,2017.0,Kharif,Cotton,18104.45,1293.6,23419.92
Maharashtra,Maha_District_10,2015.0,Rabi,Maize,45823.47,3133.89,143605.71
Maharashtra,Maha_District_02,2018.0,Zaid,Sugarcane,2854.59,,11829.31
,Andh_District_17,2023.0,Rabi,Barley,31155.01,1948.0,60689.96
Uttar Pradesh,Utta_District_15,2012.0,Zaid,Wheat,47469.75,2312.96,109795.63
Assam,Assa_District_08,2012.0,Rabi,Barley,30083.72,702.52,21134.41
Haryana,Hary_District_07,2020.0,Zaid,Rice,35137.63,4174.69,146688.71
Telangana,,2020.0,Rabi,Barley,33265.55,651.24,21663.86
Andhra Pradesh,Andh_District_05,2021.0,Rabi,Groundnut,10068.81,4118.56,41469.0
Bihar,Biha_District_18,2012.0,Rabi,Maize,43320.62,3151.99,136546.16
Tamil Nadu,Tami_District_10,2015.0,Rabi,Cotton,46127.24,3005.75,138646.95
West Bengal,West_District_04,2019.0,Zaid,Groundnut,14526.25,3650.05,53021.54
Tamil Nadu,Tami_District_07,2015.0,Rabi,Maize,22001.68,597.25,13140.5
Rajasthan,Raja_District_20,2011.0,Kharif,Cotton,43042.44,1254.65,54003.2
Andhra Pradesh,Andh_District_02,2017.0,Kharif,Jowar,48920.67,,126543.1
Tamil Nadu,Tami_District_11,2022.0,,Wheat,46453.61,1646.48,76484.94
West Bengal,West_District_20,2016.0,Kharif,Barley,25676.39,2016.44,51774.9
Haryana,Hary_District_02,2020.0,Rabi,Groundnut,607.53,819.51,
Andhra Pradesh,Andh_District_03,2021.0,Rabi,Groundnut,8568.73,4084.57,34999.58
Bihar,Biha_District_20,2016.0,Kharif,Rice,38263.7,4445.2,170089.8
Gujarat,Guja_District_08,2017.0,Rabi,Groundnut,5408.39,4879.65,26391.05
Tamil Nadu,Tami_District_12,2010.0,Zaid,Barley,17050.22,690.53,11773.69
Assam,Assa_District_17,2015.0,Kharif,Wheat,30082.82,3209.88,96562.24
Tamil Nadu,Tami_District_19,2012.0,Zaid,Maize,14665.53,787.88,11554.68
Odisha,Odis_District_03,,Rabi,Rice,8360.02,3463.37,28953.84
Tamil Nadu,,2011.0,Kharif,Soybean,49366.9,,58138.9
Rajasthan,Raja_District_18,2016.0,Rabi,Sugarcane,3824.02,4104.84,15696.99
Andhra Pradesh,Andh_District_08,2017.0,Rabi,Mustard,36325.48,2009.51,72996.42
Assam,Assa_District_20,2013.0,Zaid,Jowar,37591.06,4068.59,152942.61
Punjab,Punj_District_13,2013.0,Kharif,Maize,43886.1,4818.18,211451.13
Bihar,Biha_District_14,2020.0,,Barley,24658.45,3198.17,78861.92
Odisha,Odis_District_15,2022.0,Rabi,Cotton,43897.34,1811.21,79507.3
Maharashtra,Maha_District_01,2014.0,Zaid,Jowar,40612.89,4613.02,187348.07
Gujarat,Guja_District_07,2010.0,Zaid,Maize,3604.65,756.11,2725.51
Telangana,Tela_District_09,2023.0,Zaid,Cotton,15924.67,2564.8,40843.59
Uttar Pradesh,Utta_District_13,2021.0,Kharif,Wheat,40042.45,4467.03,178870.83
Uttar Pradesh,Utta_District_18,2014.0,Zaid,Cotton,5764.06,3439.06,19822.95
Karnataka,Karn_District_08,2012.0,Rabi,Cotton,34697.36,4165.37,144527.34
West Bengal,West_District_05,2023.0,Zaid,Soybean,37511.59,4485.85,168271.37
,Tela_District_19,2011.0,Kharif,,36012.29,4763.23,171534.82
Madhya Pradesh,Madh_District_05,2021.0,Zaid,Rice,14046.42,4349.64,61096.87
Andhra Pradesh,Andh_District_20,2016.0,Rabi,Wheat,47468.42,3475.45,164974.12
Punjab,Punj_District_14,2017.0,Rabi,Rice,30583.4,2866.39,87663.95
Punjab,Punj_District_09,2022.0,Zaid,Soybean,13752.97,2749.47,37813.38
Andhra Pradesh,Andh_District_19,2022.0,Rabi,Wheat,2785.89,519.02,1445.93
Karnataka,Karn_District_09,2018.0,Kharif,Sugarcane,40032.4,4619.47,184928.47
Karnataka,Karn_District_10,2010.0,Kharif,Jowar,374.51,3731.67,1397.55
Assam,Assa_District_15,2020.0,Kharif,Sugarcane,,4041.84,104124.51
Punjab,Punj_District_03,2013.0,Kharif,,10969.86,580.14,6364.05
Assam,Assa_District_17,2023.0,Zaid,Soybean,6284.51,1573.1,9886.16
Madhya Pradesh,Madh_District_04,2018.0,Zaid,Rice,43753.68,4622.26,202240.88
Madhya Pradesh,Madh_District_08,2014.0,Rabi,Soybean,6691.93,3264.71,21847.21
Haryana,Hary_District_14,2023.0,Rabi,Jowar,18993.18,2233.25,42416.52
